loan_id,Name,Gender,Marital_Status,no_of_dependents,education,self_employed,income_annum,loan_amount,loan_term,cibil_score,residential_assets_value,commercial_assets_value,luxury_assets_value,bank_asset_value,loan_status,total_assets,loan_income_ratio,loan_asset_ratio,income_category,cibil_category,risk_level,eligibility_status
1,James Rodriguez,Male,Single,2,Graduate,No,9600000,29900000,12,778,2400000,17600000,22700000,8000000,Approved,50700000,3.11,0.59,Very High,Excellent,Low Risk,Eligible
2,Andrew B. Williams,Male,Single,0,Not Graduate,Yes,4100000,12200000,8,417,2700000,2200000,8800000,3300000,Rejected,17000000,2.98,0.72,Medium,Poor,Medium Risk,Not Eligible
3,Thomas R. Taylor,Male,Single,3,Graduate,No,9100000,29700000,20,506,7100000,4500000,33300000,12800000,Rejected,57700000,3.26,0.51,Very High,Poor,Medium Risk,Not Eligible
4,Jessica Z. Anderson,Female,Divorced,3,Graduate,No,8200000,30700000,8,467,18200000,3300000,23300000,7900000,Rejected,52700000,3.74,0.58,Very High,Poor,Medium Risk,Not Eligible
5,Mark Hernandez,Male,Single,5,Not Graduate,Yes,9800000,24200000,20,382,12400000,8200000,29400000,5000000,Rejected,55000000,2.47,0.44,Very High,Poor,Medium Risk,Not Eligible
6,Linda Williams,Female,Single,0,Graduate,Yes,4800000,13500000,10,319,6800000,8300000,13700000,5100000,Rejected,33900000,2.81,0.4,Medium,Poor,Medium Risk,Not Eligible
7,Michelle X. Rodriguez,Female,Married,5,Graduate,No,8700000,33000000,4,678,22500000,14800000,29200000,4300000,Approved,70800000,3.79,0.47,Very High,Good,Medium Risk,Eligible
8,Anthony U. Williams,Male,Married,2,Graduate,Yes,5700000,15000000,20,382,13200000,5700000,11800000,6000000,Rejected,36700000,2.63,0.41,High,Poor,Medium Risk,Not Eligible
9,Donna B. Miller,Female,Married,0,Graduate,Yes,800000,2200000,20,782,1300000,800000,2800000,600000,Approved,5500000,2.75,0.4,Low,Excellent,Low Risk,Eligible
10,Jennifer M. Davis,Female,Single,5,Not Graduate,No,1100000,4300000,10,388,3200000,1400000,3300000,1600000,Rejected,9500000,3.91,0.45,Low,Poor,Medium Risk,Not Eligible
11,Barbara Lopez,Female,Married,4,Graduate,Yes,2900000,11200000,2,547,8100000,4700000,9500000,3100000,Approved,25400000,3.86,0.44,Medium,Poor,Medium Risk,Not Eligible
12,Kenneth H. Garcia,Male,Single,2,Not Graduate,Yes,6700000,22700000,18,538,15300000,5800000,20400000,6400000,Rejected,47900000,3.39,0.47,High,Poor,Medium Risk,Not Eligible
13,Sarah Moore,Female,Single,3,Not Graduate,Yes,5000000,11600000,16,311,6400000,9600000,14600000,4300000,Rejected,34900000,2.32,0.33,Medium,Poor,Medium Risk,Not Eligible
14,Thomas M. Johnson,Male,Single,2,Graduate,Yes,9100000,31500000,14,679,10800000,16600000,20900000,5000000,Approved,53300000,3.46,0.59,Very High,Good,Medium Risk,Eligible
15,Joshua Hernandez,Male,Married,1,Not Graduate,No,1900000,7400000,6,469,1900000,1200000,5900000,1900000,Rejected,10900000,3.89,0.68,Low,Poor,Medium Risk,Not Eligible
16,Elizabeth Rodriguez,Female,Married,5,Not Graduate,No,4700000,10700000,10,794,5700000,3900000,16400000,4400000,Approved,30400000,2.28,0.35,Medium,Excellent,Low Risk,Eligible
17,Donna M. Wilson,Female,Single,2,Graduate,Yes,500000,1600000,4,663,1300000,100000,1300000,700000,Approved,3400000,3.2,0.47,Low,Good,Medium Risk,Eligible
18,Paul Thomas,Male,Single,4,Not Graduate,Yes,2900000,9400000,14,780,2900000,2800000,6700000,4300000,Approved,16700000,3.24,0.56,Medium,Excellent,Low Risk,Eligible
19,David N. Garcia,Male,Married,2,Graduate,No,2700000,10300000,10,736,1000000,0,6200000,3300000,Approved,10500000,3.81,0.98,Medium,Good,Low Risk,Eligible
20,Betty Q. Martin,Female,Single,5,Graduate,No,6300000,14600000,12,652,10300000,3500000,23500000,5900000,Approved,43200000,2.32,0.34,High,Good,Medium Risk,Eligible
21,William Y. Moore,Male,Married,2,Graduate,No,5000000,19400000,12,315,9500000,1600000,18000000,6100000,Rejected,35200000,3.88,0.55,Medium,Poor,Medium Risk,Not Eligible
22,Christopher Wilson,Male,Single,4,Graduate,No,5800000,14000000,16,530,3800000,11300000,22200000,5400000,Rejected,42700000,2.41,0.33,High,Poor,Medium Risk,Not Eligible
23,Kimberley D. Garcia,Female,Divorced,4,Graduate,Yes,6500000,25700000,18,311,13100000,1700000,19500000,8500000,Rejected,42800000,3.95,0.6,High,Poor,Medium Risk,Not Eligible
24,Kimberley Martin,Female,Single,0,Not Graduate,Yes,500000,1400000,2,551,900000,600000,1100000,300000,Approved,2900000,2.8,0.48,Low,Fair,Medium Risk,Eligible
25,Andrew T. Taylor,Male,Single,0,Not Graduate,No,4900000,9800000,16,324,3800000,8700000,10000000,3300000,Rejected,25800000,2.0,0.38,Medium,Poor,Medium Risk,Not Eligible
26,William Z. Lopez,Male,Single,5,Not Graduate,No,3100000,9500000,20,514,7900000,3100000,6600000,2600000,Rejected,20200000,3.06,0.47,Medium,Poor,Medium Risk,Not Eligible
27,Thomas C. Jackson,Male,Married,4,Graduate,No,8200000,28100000,12,696,11500000,10600000,25300000,7200000,Approved,54600000,3.43,0.51,Very High,Good,Medium Risk,Eligible
28,Andrew Jones,Male,Married,4,Not Graduate,Yes,2400000,5600000,4,662,4500000,4200000,5400000,2500000,Approved,16600000,2.33,0.34,Low,Good,Medium Risk,Eligible
29,Charles N. Taylor,Male,Widowed,5,Not Graduate,Yes,7000000,24000000,6,336,2300000,11900000,27500000,9700000,Rejected,51400000,3.43,0.47,High,Poor,Medium Risk,Not Eligible
30,Christopher U. Gonzalez,Male,Single,3,Not Graduate,Yes,9000000,31500000,10,850,21800000,12400000,33700000,8000000,Approved,75900000,3.5,0.42,Very High,Excellent,Low Risk,Eligible
31,Linda Davis,Female,Single,2,Not Graduate,No,9800000,25300000,12,313,20200000,5200000,25500000,9300000,Rejected,60200000,2.58,0.42,Very High,Poor,Medium Risk,Not Eligible
32,Joshua Davis,Male,Married,2,Graduate,No,5700000,12000000,6,363,3600000,7400000,21700000,4300000,Rejected,37000000,2.11,0.32,High,Poor,Medium Risk,Not Eligible
33,Thomas K. Williams,Male,Single,1,Not Graduate,Yes,800000,1600000,10,436,700000,200000,2200000,1000000,Rejected,4100000,2.0,0.39,Low,Poor,Medium Risk,Not Eligible
34,Charles Thomas,Male,Single,5,Not Graduate,Yes,8400000,22000000,2,830,3800000,3900000,19900000,5400000,Approved,33000000,2.62,0.67,Very High,Excellent,Low Risk,Eligible
35,Jessica G. Thomas,Female,Single,3,Graduate,No,4900000,11900000,8,612,9700000,1200000,19000000,5800000,Approved,35700000,2.43,0.33,Medium,Fair,Medium Risk,Eligible
36,Nancy Wilson,Female,Divorced,2,Graduate,Yes,1700000,3400000,8,691,2700000,2800000,6000000,900000,Approved,12400000,2.0,0.27,Low,Good,Medium Risk,Eligible
37,William Johnson,Male,Single,3,Not Graduate,No,1600000,6200000,18,636,3400000,700000,5300000,1400000,Approved,10800000,3.88,0.57,Low,Fair,Medium Risk,Eligible
38,Thomas Miller,Male,Married,5,Graduate,Yes,8000000,27200000,6,348,6400000,300000,16700000,7100000,Rejected,30500000,3.4,0.89,Very High,Poor,Medium Risk,Not Eligible
39,Barbara Rodriguez,Female,Divorced,5,Graduate,No,3600000,7700000,16,830,7000000,1300000,10000000,2900000,Approved,21200000,2.14,0.36,Medium,Excellent,Low Risk,Eligible
40,Donald Moore,Male,Married,3,Not Graduate,Yes,1500000,5100000,6,352,100000,200000,5600000,900000,Rejected,6800000,3.4,0.75,Low,Poor,Medium Risk,Not Eligible
41,Michael Davis,Male,Married,1,Graduate,No,7800000,18100000,2,712,8600000,11200000,21700000,9000000,Approved,50500000,2.32,0.36,Very High,Good,Low Risk,Eligible
42,Anthony Johnson,Male,Single,2,Not Graduate,No,9100000,24900000,16,822,22300000,12100000,31000000,5200000,Approved,70600000,2.74,0.35,Very High,Excellent,Low Risk,Eligible
43,Sarah Anderson,Female,Married,3,Graduate,No,1400000,3400000,6,540,200000,1500000,3900000,800000,Rejected,6400000,2.43,0.53,Low,Poor,Medium Risk,Not Eligible
44,Elizabeth Miller,Female,Widowed,2,Graduate,Yes,800000,2300000,12,342,2200000,1300000,1800000,800000,Rejected,6100000,2.88,0.38,Low,Poor,Medium Risk,Not Eligible
45,Daniel Johnson,Male,Married,5,Graduate,No,6500000,13400000,18,787,18200000,300000,16200000,5400000,Approved,40100000,2.06,0.33,High,Excellent,Low Risk,Eligible
46,Robert Taylor,Male,Single,4,Graduate,No,8000000,27800000,16,331,13000000,6300000,21400000,10900000,Rejected,51600000,3.48,0.54,Very High,Poor,Medium Risk,Not Eligible
47,Thomas Gonzalez,Male,Divorced,3,Not Graduate,Yes,4200000,14600000,6,679,2400000,6900000,8700000,4900000,Approved,22900000,3.48,0.64,Medium,Good,Medium Risk,Eligible
48,Joshua Martin,Male,Single,1,Graduate,Yes,4900000,19100000,14,677,5400000,9100000,17700000,6500000,Approved,38700000,3.9,0.49,Medium,Good,Medium Risk,Eligible
49,Sarah K. Miller,Female,Single,3,Not Graduate,No,5500000,20500000,12,634,800000,8600000,18500000,8200000,Approved,36100000,3.73,0.57,High,Fair,Medium Risk,Eligible
50,Elizabeth Martinez,Female,Divorced,1,Not Graduate,Yes,9500000,19100000,16,662,100000,10500000,37700000,11700000,Approved,60000000,2.01,0.32,Very High,Good,Medium Risk,Eligible
51,James S. Anderson,Male,Widowed,4,Graduate,No,7300000,25400000,16,502,500000,1800000,20500000,10500000,Rejected,33300000,3.48,0.76,High,Poor,Medium Risk,Not Eligible
52,Andrew E. Miller,Male,Divorced,2,Graduate,No,8700000,24700000,10,435,6800000,3500000,21800000,11300000,Rejected,43400000,2.84,0.57,Very High,Poor,Medium Risk,Not Eligible
53,Thomas Lopez,Male,Married,5,Not Graduate,No,3800000,7600000,4,689,8700000,100000,9300000,3400000,Approved,21500000,2.0,0.35,Medium,Good,Medium Risk,Eligible
54,Michelle Taylor,Female,Married,1,Not Graduate,Yes,8400000,23000000,12,657,15400000,14800000,31900000,8200000,Approved,70300000,2.74,0.33,Very High,Good,Medium Risk,Eligible
55,Linda Jones,Female,Divorced,2,Graduate,Yes,5100000,19700000,20,590,7400000,9300000,19400000,3400000,Approved,39500000,3.86,0.5,High,Fair,Medium Risk,Eligible
56,Charles W. Martinez,Male,Single,5,Not Graduate,No,6700000,24500000,12,818,1200000,5600000,16300000,6200000,Approved,29300000,3.66,0.84,High,Excellent,Low Risk,Eligible
57,Kimberley Thomas,Female,Divorced,2,Not Graduate,No,4300000,10600000,18,431,2100000,1500000,9300000,5200000,Rejected,18100000,2.47,0.59,Medium,Poor,Medium Risk,Not Eligible
58,Michael B. Wilson,Male,Single,5,Graduate,Yes,9300000,30500000,18,841,19300000,10300000,34600000,8700000,Approved,72900000,3.28,0.42,Very High,Excellent,Low Risk,Eligible
59,Charles R. Garcia,Male,Married,1,Graduate,No,7400000,18400000,20,421,18500000,9100000,17500000,4100000,Rejected,49200000,2.49,0.37,High,Poor,Medium Risk,Not Eligible
60,William W. Williams,Male,Divorced,4,Not Graduate,Yes,5500000,18200000,16,797,0,4900000,18600000,4800000,Approved,28300000,3.31,0.64,High,Excellent,Low Risk,Eligible
61,Matthew N. Jackson,Male,Single,2,Not Graduate,No,8500000,18900000,18,478,23800000,16300000,25900000,11400000,Rejected,77400000,2.22,0.24,Very High,Poor,Medium Risk,Not Eligible
62,Nancy G. Johnson,Female,Married,3,Not Graduate,Yes,9600000,30500000,18,669,4700000,1900000,26500000,9300000,Approved,42400000,3.18,0.72,Very High,Good,Medium Risk,Eligible
63,Matthew N. Moore,Male,Widowed,5,Not Graduate,Yes,8800000,28900000,6,365,24400000,8600000,27400000,4700000,Rejected,65100000,3.28,0.44,Very High,Poor,Medium Risk,Not Eligible
64,Thomas Z. Garcia,Male,Single,3,Not Graduate,Yes,3300000,7500000,20,586,1600000,5600000,10500000,2900000,Approved,20600000,2.27,0.36,Medium,Fair,Medium Risk,Eligible
65,Mary K. Garcia,Female,Married,4,Graduate,Yes,3900000,12300000,18,784,7600000,6900000,13100000,2800000,Approved,30400000,3.15,0.4,Medium,Excellent,Low Risk,Eligible
66,Jessica Rodriguez,Female,Married,1,Graduate,No,4100000,10300000,12,364,9500000,6100000,14900000,2800000,Rejected,33300000,2.51,0.31,Medium,Poor,Medium Risk,Not Eligible
67,Patricia Thomas,Female,Married,3,Not Graduate,No,8300000,29100000,10,715,6100000,11900000,24100000,11900000,Approved,54000000,3.51,0.54,Very High,Good,Low Risk,Eligible
68,Nancy H. Martinez,Female,Single,0,Not Graduate,Yes,2700000,10100000,20,693,200000,1700000,5900000,1400000,Rejected,9200000,3.74,1.1,Medium,Good,Medium Risk,Eligible
69,Anthony Hernandez,Male,Single,4,Graduate,No,5600000,12400000,4,777,5500000,3100000,11800000,5500000,Approved,25900000,2.21,0.48,High,Excellent,Low Risk,Eligible
70,Nancy Taylor,Female,Widowed,0,Graduate,No,1900000,5000000,12,312,4000000,2800000,4900000,2400000,Rejected,14100000,2.63,0.35,Low,Poor,Medium Risk,Not Eligible
71,Mary I. Brown,Female,Single,4,Not Graduate,Yes,500000,1500000,20,340,100000,200000,1900000,600000,Rejected,2800000,3.0,0.54,Low,Poor,Medium Risk,Not Eligible
72,Patricia L. Brown,Female,Married,5,Graduate,Yes,5300000,18600000,4,386,2700000,9700000,11900000,4200000,Approved,28500000,3.51,0.65,High,Poor,Medium Risk,Not Eligible
73,Sandra D. Martin,Female,Single,5,Not Graduate,No,7000000,18300000,4,418,18400000,11700000,21500000,7600000,Rejected,59200000,2.61,0.31,High,Poor,Medium Risk,Not Eligible
74,Charles A. Johnson,Male,Married,3,Not Graduate,Yes,5800000,16700000,16,735,3900000,9400000,12600000,5600000,Approved,31500000,2.88,0.53,High,Good,Low Risk,Eligible
75,Matthew Wilson,Male,Married,2,Not Graduate,No,2600000,8400000,6,494,6500000,3800000,5600000,2000000,Rejected,17900000,3.23,0.47,Medium,Poor,Medium Risk,Not Eligible
76,Michelle D. Hernandez,Female,Married,2,Not Graduate,No,1900000,6500000,18,671,600000,2500000,4800000,1100000,Approved,9000000,3.42,0.72,Low,Good,Medium Risk,Eligible
77,Kimberley K. Martinez,Female,Married,4,Graduate,No,5700000,14800000,16,697,14300000,7800000,12900000,6300000,Approved,41300000,2.6,0.36,High,Good,Medium Risk,Eligible
78,Emily Jones,Female,Married,0,Graduate,No,9000000,33500000,8,801,11600000,8900000,35400000,11100000,Approved,67000000,3.72,0.5,Very High,Excellent,Low Risk,Eligible
79,Barbara M. Martin,Female,Married,2,Not Graduate,No,8500000,29400000,12,576,17600000,5600000,25200000,9000000,Approved,57400000,3.46,0.51,Very High,Fair,Medium Risk,Eligible
80,Christopher Martinez,Male,Married,0,Not Graduate,No,700000,1400000,14,639,1900000,700000,2400000,900000,Approved,5900000,2.0,0.24,Low,Fair,Medium Risk,Eligible
81,Margaret Anderson,Female,Single,4,Graduate,No,3500000,8900000,4,470,1300000,2200000,12300000,2000000,Rejected,17800000,2.54,0.5,Medium,Poor,Medium Risk,Not Eligible
82,Barbara Williams,Female,Married,0,Not Graduate,No,8800000,31200000,4,826,2900000,500000,33300000,8600000,Approved,45300000,3.55,0.69,Very High,Excellent,Low Risk,Eligible
83,Jennifer H. Davis,Female,Married,2,Not Graduate,Yes,9900000,21200000,16,363,25500000,11400000,26600000,6800000,Rejected,70300000,2.14,0.3,Very High,Poor,Medium Risk,Not Eligible
84,James Johnson,Male,Married,3,Graduate,No,3600000,8600000,20,613,9400000,300000,10300000,3300000,Approved,23300000,2.39,0.37,Medium,Fair,Medium Risk,Eligible
85,Donald S. Wilson,Male,Single,3,Not Graduate,Yes,3000000,8200000,16,713,5300000,5800000,11000000,3400000,Approved,25500000,2.73,0.32,Medium,Good,Low Risk,Eligible
86,Ashley Gonzalez,Female,Married,2,Graduate,No,6800000,21200000,16,439,17100000,4700000,23300000,3600000,Rejected,48700000,3.12,0.44,High,Poor,Medium Risk,Not Eligible
87,William Wilson,Male,Married,5,Not Graduate,Yes,1100000,3800000,18,387,1300000,1200000,3800000,1600000,Rejected,7900000,3.45,0.48,Low,Poor,Medium Risk,Not Eligible
88,Patricia Moore,Female,Married,1,Not Graduate,Yes,8700000,28300000,8,402,20400000,13600000,27900000,10200000,Rejected,72100000,3.25,0.39,Very High,Poor,Medium Risk,Not Eligible
89,Elizabeth R. Anderson,Female,Married,4,Graduate,Yes,2000000,8000000,6,837,5100000,2600000,3900000,2900000,Approved,14500000,4.0,0.55,Low,Excellent,Low Risk,Eligible
90,Michelle Taylor,Female,Divorced,2,Not Graduate,No,9800000,37600000,10,641,24100000,0,23400000,7600000,Approved,55100000,3.84,0.68,Very High,Fair,Medium Risk,Eligible
91,Barbara Thomas,Female,Married,4,Graduate,No,5700000,21100000,18,489,500000,4300000,12500000,6000000,Rejected,23300000,3.7,0.91,High,Poor,Medium Risk,Not Eligible
92,Kimberley I. Thomas,Female,Married,4,Graduate,No,8800000,20700000,18,540,19200000,3200000,22400000,12700000,Rejected,57500000,2.35,0.36,Very High,Poor,Medium Risk,Not Eligible
93,Jessica Rodriguez,Female,Divorced,4,Graduate,No,3800000,8900000,4,844,9100000,3500000,13100000,4700000,Approved,30400000,2.34,0.29,Medium,Excellent,Low Risk,Eligible
94,David Jones,Male,Married,1,Graduate,No,1700000,6400000,10,452,900000,1100000,5600000,2100000,Rejected,9700000,3.76,0.66,Low,Poor,Medium Risk,Not Eligible
95,Michael Wilson,Male,Married,2,Graduate,No,1000000,2000000,10,366,1200000,400000,3200000,1300000,Rejected,6100000,2.0,0.33,Low,Poor,Medium Risk,Not Eligible
96,Patricia M. Miller,Female,Divorced,5,Graduate,No,300000,1100000,2,300,100000,500000,700000,400000,Approved,1700000,3.67,0.65,Low,Poor,Medium Risk,Not Eligible
97,Joshua Gonzalez,Male,Divorced,2,Graduate,Yes,6600000,15000000,18,470,1200000,4800000,18200000,7000000,Rejected,31200000,2.27,0.48,High,Poor,Medium Risk,Not Eligible
98,Betty X. Wilson,Female,Married,2,Not Graduate,No,8700000,25000000,20,861,14700000,8500000,23200000,7300000,Approved,53700000,2.87,0.47,Very High,Excellent,Low Risk,Eligible
99,Steven Davis,Male,Married,4,Graduate,No,9400000,29400000,12,562,25900000,15200000,36400000,7100000,Approved,84600000,3.13,0.35,Very High,Fair,Medium Risk,Eligible
100,Lisa O. Gonzalez,Female,Divorced,0,Graduate,No,4400000,10800000,14,463,2400000,4800000,13800000,4700000,Rejected,25700000,2.45,0.42,Medium,Poor,Medium Risk,Not Eligible
101,Anthony A. Jackson,Male,Single,4,Not Graduate,No,400000,900000,12,478,700000,100000,1200000,100000,Rejected,2100000,2.25,0.43,Low,Poor,Medium Risk,Not Eligible
102,Elizabeth Anderson,Female,Single,2,Not Graduate,Yes,300000,1100000,2,702,300000,200000,500000,200000,Approved,1200000,3.67,0.92,Low,Good,Low Risk,Eligible
103,Susan Anderson,Female,Married,2,Not Graduate,Yes,4300000,12900000,20,618,11400000,3600000,11400000,2400000,Approved,28800000,3.0,0.45,Medium,Fair,Medium Risk,Eligible
104,Sarah Wilson,Female,Single,4,Graduate,No,1600000,4500000,12,633,700000,1700000,4100000,1900000,Approved,8400000,2.81,0.54,Low,Fair,Medium Risk,Eligible
105,Andrew L. Johnson,Male,Single,5,Not Graduate,Yes,6200000,23600000,10,331,18500000,10300000,23800000,8700000,Rejected,61300000,3.81,0.38,High,Poor,Medium Risk,Not Eligible
106,Robert G. Smith,Male,Married,3,Not Graduate,Yes,4200000,9700000,16,841,7800000,300000,16700000,5100000,Approved,29900000,2.31,0.32,Medium,Excellent,Low Risk,Eligible
107,Thomas Jones,Male,Single,4,Not Graduate,Yes,9000000,18100000,12,764,600000,16500000,20800000,11600000,Approved,49500000,2.01,0.37,Very High,Excellent,Low Risk,Eligible
108,Donald F. Rodriguez,Male,Married,0,Graduate,No,2700000,10600000,6,591,1300000,2700000,9900000,1800000,Approved,15700000,3.93,0.68,Medium,Fair,Medium Risk,Eligible
109,Richard Martinez,Male,Single,1,Graduate,Yes,9700000,35900000,2,719,19600000,7600000,20400000,10900000,Approved,58500000,3.7,0.61,Very High,Good,Low Risk,Eligible
110,Donna Gonzalez,Female,Married,2,Graduate,No,3300000,6800000,14,317,3400000,300000,11700000,3600000,Rejected,19000000,2.06,0.36,Medium,Poor,Medium Risk,Not Eligible
111,Joshua Davis,Male,Married,0,Not Graduate,No,300000,1100000,8,778,800000,200000,900000,100000,Approved,2000000,3.67,0.55,Low,Excellent,Low Risk,Eligible
112,Joshua Johnson,Male,Married,3,Graduate,Yes,7400000,18200000,14,302,5600000,3100000,17900000,5000000,Rejected,31600000,2.46,0.58,High,Poor,Medium Risk,Not Eligible
113,Jennifer A. Taylor,Female,Married,5,Not Graduate,No,7100000,19700000,8,502,7300000,5600000,25300000,9800000,Rejected,48000000,2.77,0.41,High,Poor,Medium Risk,Not Eligible
114,Linda U. Wilson,Female,Divorced,5,Not Graduate,Yes,7300000,22100000,18,879,19500000,10600000,19300000,9800000,Approved,59200000,3.03,0.37,High,Excellent,Low Risk,Eligible
115,Elizabeth Wilson,Female,Married,1,Not Graduate,No,8400000,23400000,14,437,15400000,5800000,33400000,8100000,Rejected,62700000,2.79,0.37,Very High,Poor,Medium Risk,Not Eligible
116,Michelle O. Moore,Female,Married,0,Not Graduate,Yes,3300000,10800000,12,797,600000,6000000,7700000,3300000,Approved,17600000,3.27,0.61,Medium,Excellent,Low Risk,Eligible
117,Lisa C. Davis,Female,Single,4,Not Graduate,Yes,5800000,23200000,18,456,16100000,4200000,22600000,7500000,Rejected,50400000,4.0,0.46,High,Poor,Medium Risk,Not Eligible
118,Jessica V. Anderson,Female,Single,0,Not Graduate,No,600000,1600000,6,647,1500000,600000,1500000,700000,Approved,4300000,2.67,0.37,Low,Fair,Medium Risk,Eligible
119,Steven Hernandez,Male,Single,0,Not Graduate,No,7200000,15800000,12,379,12700000,12200000,21500000,3600000,Rejected,50000000,2.19,0.32,High,Poor,Medium Risk,Not Eligible
120,Lisa W. Rodriguez,Female,Divorced,1,Not Graduate,Yes,9100000,32900000,2,717,2200000,2000000,23600000,5900000,Approved,33700000,3.62,0.98,Very High,Good,Low Risk,Eligible
121,Paul Miller,Male,Married,5,Graduate,No,900000,2300000,16,545,100000,200000,2700000,800000,Rejected,3800000,2.56,0.61,Low,Poor,Medium Risk,Not Eligible
122,Emily U. Davis,Female,Married,2,Graduate,No,800000,3200000,8,317,300000,1000000,2000000,900000,Rejected,4200000,4.0,0.76,Low,Poor,Medium Risk,Not Eligible
123,Mary Williams,Female,Married,1,Not Graduate,No,8500000,32900000,10,570,5100000,6200000,20500000,5500000,Approved,37300000,3.87,0.88,Very High,Fair,Medium Risk,Eligible
124,Christopher Jackson,Male,Married,0,Not Graduate,Yes,9000000,18700000,18,865,26800000,0,20900000,11300000,Approved,59000000,2.08,0.32,Very High,Excellent,Low Risk,Eligible
125,Sandra Moore,Female,Married,3,Graduate,No,7000000,19500000,14,719,12200000,10300000,18200000,10200000,Approved,50900000,2.79,0.38,High,Good,Low Risk,Eligible
126,Karen Rodriguez,Female,Married,3,Graduate,No,200000,600000,16,821,400000,100000,500000,100000,Approved,1100000,3.0,0.55,Low,Excellent,Low Risk,Eligible
127,Linda W. Moore,Female,Single,4,Not Graduate,Yes,400000,800000,10,859,900000,500000,800000,200000,Approved,2400000,2.0,0.33,Low,Excellent,Low Risk,Eligible
128,Steven Y. Rodriguez,Male,Married,3,Not Graduate,No,5100000,18200000,10,395,100000,8000000,15500000,6300000,Rejected,29900000,3.57,0.61,High,Poor,Medium Risk,Not Eligible
129,Linda Miller,Female,Single,2,Not Graduate,Yes,700000,2600000,12,429,1600000,1300000,2700000,800000,Rejected,6400000,3.71,0.41,Low,Poor,Medium Risk,Not Eligible
130,Mary Moore,Female,Single,3,Graduate,No,400000,1200000,12,861,200000,600000,1100000,200000,Approved,2100000,3.0,0.57,Low,Excellent,Low Risk,Eligible
131,Andrew E. Martinez,Male,Married,0,Not Graduate,Yes,9500000,20800000,14,565,15100000,11900000,33900000,13400000,Approved,74300000,2.19,0.28,Very High,Fair,Medium Risk,Eligible
132,Linda P. Smith,Female,Married,5,Graduate,No,8800000,22600000,10,357,7900000,8600000,18200000,4900000,Rejected,39600000,2.57,0.57,Very High,Poor,Medium Risk,Not Eligible
133,Barbara Johnson,Female,Divorced,3,Not Graduate,Yes,1800000,3600000,18,465,600000,500000,5400000,2600000,Rejected,9100000,2.0,0.4,Low,Poor,Medium Risk,Not Eligible
134,Michael Gonzalez,Male,Married,4,Not Graduate,Yes,6800000,13900000,8,479,11700000,9100000,25700000,9600000,Rejected,56100000,2.04,0.25,High,Poor,Medium Risk,Not Eligible
135,David J. Jones,Male,Single,3,Not Graduate,No,1500000,5500000,16,717,2100000,800000,4400000,1300000,Approved,8600000,3.67,0.64,Low,Good,Low Risk,Eligible
136,William T. Moore,Male,Married,3,Graduate,No,1600000,5500000,12,425,600000,800000,5400000,900000,Rejected,7700000,3.44,0.71,Low,Poor,Medium Risk,Not Eligible
137,Paul Gonzalez,Male,Married,2,Not Graduate,No,4600000,16700000,2,786,200000,5900000,13900000,6100000,Approved,26100000,3.63,0.64,Medium,Excellent,Low Risk,Eligible
138,Karen T. Jackson,Female,Widowed,5,Not Graduate,Yes,2200000,6700000,6,382,4400000,1300000,8600000,1100000,Rejected,15400000,3.05,0.44,Low,Poor,Medium Risk,Not Eligible
139,Joseph Miller,Male,Single,3,Not Graduate,Yes,2900000,8500000,12,564,1000000,3100000,7500000,1800000,Approved,13400000,2.93,0.63,Medium,Fair,Medium Risk,Eligible
140,Richard Moore,Male,Single,0,Graduate,No,200000,700000,8,501,500000,200000,700000,100000,Rejected,1500000,3.5,0.47,Low,Poor,Medium Risk,Not Eligible
141,Michelle Thomas,Female,Single,2,Not Graduate,Yes,2500000,9400000,10,727,6600000,4100000,9500000,3300000,Approved,23500000,3.76,0.4,Low,Good,Low Risk,Eligible
142,Margaret I. Williams,Female,Married,4,Not Graduate,No,3600000,7500000,6,894,1100000,6500000,7400000,2800000,Approved,17800000,2.08,0.42,Medium,Excellent,Low Risk,Eligible
143,Mark U. Brown,Male,Single,0,Graduate,Yes,5500000,16700000,18,829,5500000,1300000,12800000,5900000,Approved,25500000,3.04,0.65,High,Excellent,Low Risk,Eligible
144,Elizabeth Williams,Female,Married,4,Not Graduate,No,6600000,17400000,20,506,2600000,10000000,25900000,7200000,Rejected,45700000,2.64,0.38,High,Poor,Medium Risk,Not Eligible
145,Margaret Brown,Female,Single,2,Graduate,Yes,8600000,32100000,6,802,9400000,16700000,24500000,9800000,Approved,60400000,3.73,0.53,Very High,Excellent,Low Risk,Eligible
146,Sarah O. Taylor,Female,Single,5,Not Graduate,No,600000,1500000,14,543,300000,900000,2100000,300000,Rejected,3600000,2.5,0.42,Low,Poor,Medium Risk,Not Eligible
147,Mark A. Hernandez,Male,Single,3,Graduate,Yes,1400000,3200000,20,772,2400000,900000,5100000,1600000,Approved,10000000,2.29,0.32,Low,Excellent,Low Risk,Eligible
148,Charles Jackson,Male,Married,3,Graduate,No,4000000,11100000,12,572,9700000,100000,12500000,2400000,Approved,24700000,2.78,0.45,Medium,Fair,Medium Risk,Eligible
149,Kimberley F. Anderson,Female,Widowed,0,Not Graduate,Yes,4900000,11900000,16,709,14600000,900000,18500000,3800000,Approved,37800000,2.43,0.31,Medium,Good,Low Risk,Eligible
150,Ashley Williams,Female,Married,5,Graduate,No,2000000,6200000,18,402,4000000,2100000,7200000,1100000,Rejected,14400000,3.1,0.43,Low,Poor,Medium Risk,Not Eligible
151,Linda Garcia,Female,Married,1,Not Graduate,Yes,5200000,19300000,8,481,14300000,9500000,18800000,4200000,Rejected,46800000,3.71,0.41,High,Poor,Medium Risk,Not Eligible
152,Betty Moore,Female,Single,5,Graduate,Yes,8900000,28800000,6,772,13600000,5500000,20400000,8400000,Approved,47900000,3.24,0.6,Very High,Excellent,Low Risk,Eligible
153,Lisa M. Brown,Female,Divorced,1,Graduate,Yes,6500000,20600000,2,306,15900000,1900000,18100000,3200000,Approved,39100000,3.17,0.53,High,Poor,Medium Risk,Not Eligible
154,Andrew Anderson,Male,Single,2,Not Graduate,No,1300000,4500000,6,415,0,900000,2900000,1200000,Rejected,5000000,3.46,0.9,Low,Poor,Medium Risk,Not Eligible
155,Michelle Y. Thomas,Female,Single,3,Not Graduate,No,9400000,35000000,16,548,18200000,4400000,36100000,4800000,Rejected,63500000,3.72,0.55,Very High,Poor,Medium Risk,Not Eligible
156,Emily O. Jones,Female,Divorced,5,Not Graduate,No,5000000,11200000,8,701,9100000,500000,14000000,4600000,Approved,28200000,2.24,0.4,Medium,Good,Low Risk,Eligible
157,Linda T. Smith,Female,Married,2,Graduate,No,3000000,7700000,12,890,4700000,4300000,8400000,2100000,Approved,19500000,2.57,0.39,Medium,Excellent,Low Risk,Eligible
158,Christopher Moore,Male,Married,5,Not Graduate,Yes,9900000,33300000,6,364,5300000,18700000,27800000,8300000,Rejected,60100000,3.36,0.55,Very High,Poor,Medium Risk,Not Eligible
159,William U. Anderson,Male,Married,5,Graduate,Yes,700000,1300000,20,704,1600000,0,2200000,600000,Approved,4400000,1.86,0.3,Low,Good,Low Risk,Eligible
160,Karen N. Taylor,Female,Married,3,Graduate,Yes,4000000,10600000,10,318,1500000,5100000,8000000,4900000,Rejected,19500000,2.65,0.54,Medium,Poor,Medium Risk,Not Eligible
161,Jessica M. Anderson,Female,Single,5,Not Graduate,No,3100000,9600000,2,761,5800000,1800000,10400000,4200000,Approved,22200000,3.1,0.43,Medium,Excellent,Low Risk,Eligible
162,Michael N. Rodriguez,Male,Single,4,Not Graduate,No,4500000,15100000,6,693,3700000,1500000,17800000,6000000,Approved,29000000,3.36,0.52,Medium,Good,Medium Risk,Eligible
163,Mary S. Martinez,Female,Married,3,Not Graduate,No,9700000,20600000,16,524,24200000,11100000,27400000,6100000,Rejected,68800000,2.12,0.3,Very High,Poor,Medium Risk,Not Eligible
164,Elizabeth L. Anderson,Female,Single,2,Not Graduate,Yes,2000000,5300000,10,681,4900000,1400000,4300000,2900000,Approved,13500000,2.65,0.39,Low,Good,Medium Risk,Eligible
165,Margaret W. Hernandez,Female,Single,2,Graduate,Yes,8100000,22300000,18,737,22300000,12600000,27000000,7300000,Approved,69200000,2.75,0.32,Very High,Good,Low Risk,Eligible
166,Jessica Wilson,Female,Married,0,Not Graduate,No,5700000,15900000,16,638,100000,9500000,16300000,4500000,Approved,30400000,2.79,0.52,High,Fair,Medium Risk,Eligible
167,Betty Jones,Female,Single,4,Not Graduate,No,5800000,12800000,2,656,500000,5000000,16000000,2800000,Approved,24300000,2.21,0.53,High,Good,Medium Risk,Eligible
168,Linda Anderson,Female,Divorced,1,Graduate,No,1800000,6500000,6,540,2500000,3200000,5000000,1100000,Rejected,11800000,3.61,0.55,Low,Poor,Medium Risk,Not Eligible
169,David E. Wilson,Male,Single,4,Not Graduate,Yes,9100000,35200000,6,341,1000000,300000,23100000,8200000,Rejected,32600000,3.87,1.08,Very High,Poor,Medium Risk,Not Eligible
170,Lisa U. Martin,Female,Single,0,Not Graduate,Yes,4800000,17500000,2,371,11700000,6800000,18700000,3500000,Approved,40700000,3.65,0.43,Medium,Poor,Medium Risk,Not Eligible
171,Emily U. Gonzalez,Female,Married,3,Not Graduate,Yes,3800000,10500000,12,886,4000000,500000,14900000,2300000,Approved,21700000,2.76,0.48,Medium,Excellent,Low Risk,Eligible
172,Emily H. Johnson,Female,Married,0,Not Graduate,No,1900000,4100000,18,801,400000,800000,4800000,1200000,Approved,7200000,2.16,0.57,Low,Excellent,Low Risk,Eligible
173,Jessica Williams,Female,Single,3,Not Graduate,Yes,3600000,9500000,16,748,7700000,2400000,9700000,2600000,Approved,22400000,2.64,0.42,Medium,Good,Low Risk,Eligible
174,Donald A. Garcia,Male,Single,2,Not Graduate,Yes,7400000,28200000,8,376,21900000,5000000,17400000,5200000,Rejected,49500000,3.81,0.57,High,Poor,Medium Risk,Not Eligible
175,Christopher Lopez,Male,Single,4,Not Graduate,Yes,6600000,14300000,8,371,10800000,9500000,18500000,7400000,Rejected,46200000,2.17,0.31,High,Poor,Medium Risk,Not Eligible
176,Donna Garcia,Female,Single,2,Graduate,No,1800000,5300000,6,826,4500000,700000,6500000,1300000,Approved,13000000,2.94,0.41,Low,Excellent,Low Risk,Eligible
177,Michelle Davis,Female,Married,4,Not Graduate,No,9200000,27200000,12,873,4500000,1800000,33800000,11400000,Approved,51500000,2.96,0.53,Very High,Excellent,Low Risk,Eligible
178,Donald Rodriguez,Male,Married,5,Not Graduate,Yes,2400000,8600000,8,309,500000,600000,5700000,2800000,Rejected,9600000,3.58,0.9,Low,Poor,Medium Risk,Not Eligible
179,Karen Moore,Female,Married,4,Not Graduate,No,5600000,13300000,20,869,3300000,7500000,20000000,6500000,Approved,37300000,2.38,0.36,High,Excellent,Low Risk,Eligible
180,Donna N. Martinez,Female,Married,5,Graduate,No,3800000,13900000,12,534,4700000,2900000,8200000,2800000,Rejected,18600000,3.66,0.75,Medium,Poor,Medium Risk,Not Eligible
181,Karen P. Miller,Female,Single,3,Not Graduate,Yes,4500000,17900000,6,787,9800000,3600000,14300000,4200000,Approved,31900000,3.98,0.56,Medium,Excellent,Low Risk,Eligible
182,Donna W. Lopez,Female,Single,0,Graduate,Yes,900000,2200000,16,566,100000,700000,2000000,600000,Approved,3400000,2.44,0.65,Low,Fair,Medium Risk,Eligible
183,Sarah V. Smith,Female,Married,0,Not Graduate,No,2800000,9900000,8,742,4900000,1300000,6700000,1700000,Approved,14600000,3.54,0.68,Medium,Good,Low Risk,Eligible
184,Kenneth J. Thomas,Male,Married,2,Not Graduate,No,7500000,23100000,4,824,12100000,10900000,26300000,9500000,Approved,58800000,3.08,0.39,High,Excellent,Low Risk,Eligible
185,Kenneth Lopez,Male,Single,4,Graduate,No,1400000,3100000,14,575,3000000,2100000,4900000,1400000,Approved,11400000,2.21,0.27,Low,Fair,Medium Risk,Eligible
186,Elizabeth U. Brown,Female,Single,2,Graduate,Yes,3800000,10900000,10,766,1900000,3900000,8600000,3000000,Approved,17400000,2.87,0.63,Medium,Excellent,Low Risk,Eligible
187,Patricia Jackson,Female,Single,1,Not Graduate,Yes,1700000,5000000,10,888,2900000,900000,4100000,2200000,Approved,10100000,2.94,0.5,Low,Excellent,Low Risk,Eligible
188,Lisa Wilson,Female,Single,3,Graduate,Yes,9000000,30400000,6,638,16800000,11000000,26900000,9200000,Approved,63900000,3.38,0.48,Very High,Fair,Medium Risk,Eligible
189,Kimberley F. Taylor,Female,Single,5,Not Graduate,Yes,7300000,23300000,6,622,7100000,11600000,26400000,10500000,Approved,55600000,3.19,0.42,High,Fair,Medium Risk,Eligible
190,Karen O. Hernandez,Female,Widowed,1,Not Graduate,No,7400000,19800000,18,458,12600000,6200000,27700000,4000000,Rejected,50500000,2.68,0.39,High,Poor,Medium Risk,Not Eligible
191,Thomas Z. Gonzalez,Male,Married,1,Not Graduate,No,9000000,28200000,16,327,1700000,2300000,24000000,11200000,Rejected,39200000,3.13,0.72,Very High,Poor,Medium Risk,Not Eligible
192,Anthony Smith,Male,Single,0,Not Graduate,No,3000000,6500000,2,612,8800000,3400000,6700000,1700000,Approved,20600000,2.17,0.32,Medium,Fair,Medium Risk,Eligible
193,Sarah Jackson,Female,Married,1,Graduate,No,800000,2900000,8,682,2200000,1100000,2900000,700000,Approved,6900000,3.62,0.42,Low,Good,Medium Risk,Eligible
194,Linda Davis,Female,Married,2,Graduate,No,4800000,13200000,2,583,13700000,5800000,9500000,5200000,Approved,34200000,2.75,0.39,Medium,Fair,Medium Risk,Eligible
195,Michelle U. Davis,Female,Married,5,Not Graduate,No,6400000,18300000,8,697,10000000,3600000,22500000,3600000,Approved,39700000,2.86,0.46,High,Good,Medium Risk,Eligible
196,Sandra Brown,Female,Divorced,3,Graduate,No,9200000,27100000,12,306,5800000,11500000,28000000,9600000,Rejected,54900000,2.95,0.49,Very High,Poor,Medium Risk,Not Eligible
197,Ashley Brown,Female,Divorced,4,Not Graduate,Yes,400000,1500000,2,669,0,600000,900000,500000,Approved,2000000,3.75,0.75,Low,Good,Medium Risk,Eligible
198,Anthony Anderson,Male,Divorced,2,Not Graduate,No,2800000,6000000,18,816,6300000,4200000,8000000,3400000,Approved,21900000,2.14,0.27,Medium,Excellent,Low Risk,Eligible
199,Donna U. Jones,Female,Single,4,Not Graduate,Yes,8500000,28900000,20,455,15200000,5800000,22500000,9400000,Rejected,52900000,3.4,0.55,Very High,Poor,Medium Risk,Not Eligible
200,Michelle I. Wilson,Female,Single,3,Graduate,Yes,4700000,16400000,10,318,11400000,8100000,16200000,4300000,Rejected,40000000,3.49,0.41,Medium,Poor,Medium Risk,Not Eligible
201,Susan Anderson,Female,Single,4,Not Graduate,Yes,9800000,21200000,20,355,22000000,8900000,31800000,14400000,Rejected,77100000,2.16,0.27,Very High,Poor,Medium Risk,Not Eligible
202,Linda U. Lopez,Female,Single,2,Not Graduate,Yes,3800000,8900000,16,389,200000,5600000,12200000,2200000,Rejected,20200000,2.34,0.44,Medium,Poor,Medium Risk,Not Eligible
203,Sarah O. Miller,Female,Single,2,Graduate,No,500000,1500000,2,888,1500000,300000,1500000,600000,Approved,3900000,3.0,0.38,Low,Excellent,Low Risk,Eligible
204,Kenneth Smith,Male,Single,2,Graduate,Yes,6900000,15600000,6,352,13000000,5300000,22600000,10000000,Rejected,50900000,2.26,0.31,High,Poor,Medium Risk,Not Eligible
205,Joshua Miller,Male,Married,4,Not Graduate,Yes,9600000,30100000,12,870,300000,6700000,38200000,5600000,Approved,50800000,3.14,0.59,Very High,Excellent,Low Risk,Eligible
206,Joshua H. Miller,Male,Single,3,Not Graduate,No,2900000,6500000,18,827,8300000,600000,10400000,3200000,Approved,22500000,2.24,0.29,Medium,Excellent,Low Risk,Eligible
207,Kenneth Smith,Male,Widowed,2,Graduate,No,9800000,20900000,12,768,3400000,10200000,38600000,13400000,Approved,65600000,2.13,0.32,Very High,Excellent,Low Risk,Eligible
208,Andrew D. Rodriguez,Male,Married,0,Graduate,No,7100000,15400000,18,707,10300000,10800000,19600000,5800000,Approved,46500000,2.17,0.33,High,Good,Low Risk,Eligible
209,David Smith,Male,Married,1,Not Graduate,Yes,7700000,19100000,10,355,11300000,4900000,21900000,6600000,Rejected,44700000,2.48,0.43,Very High,Poor,Medium Risk,Not Eligible
210,Mary Garcia,Female,Single,3,Graduate,No,1400000,3300000,2,652,100000,2100000,3500000,1900000,Approved,7600000,2.36,0.43,Low,Good,Medium Risk,Eligible
211,Kimberley P. Brown,Female,Married,3,Graduate,No,7800000,15900000,2,665,14400000,900000,27200000,5400000,Approved,47900000,2.04,0.33,Very High,Good,Medium Risk,Eligible
212,Kimberley Jackson,Female,Married,5,Not Graduate,Yes,1700000,6000000,18,420,500000,1600000,3700000,2300000,Rejected,8100000,3.53,0.74,Low,Poor,Medium Risk,Not Eligible
213,Paul Martinez,Male,Widowed,2,Not Graduate,No,8500000,32700000,18,471,12600000,9400000,33900000,12500000,Rejected,68400000,3.85,0.48,Very High,Poor,Medium Risk,Not Eligible
214,Steven Gonzalez,Male,Single,5,Not Graduate,No,1900000,7500000,20,715,5100000,2800000,6500000,2800000,Approved,17200000,3.95,0.44,Low,Good,Low Risk,Eligible
215,Jennifer Williams,Female,Single,2,Not Graduate,Yes,6700000,15200000,10,689,0,8200000,15000000,6800000,Approved,30000000,2.27,0.51,High,Good,Medium Risk,Eligible
216,Charles R. Martin,Male,Married,3,Graduate,Yes,6900000,16400000,4,787,11100000,6100000,26400000,3800000,Approved,47400000,2.38,0.35,High,Excellent,Low Risk,Eligible
217,Michelle Taylor,Female,Married,2,Graduate,No,2600000,7800000,4,819,3100000,4300000,5700000,1500000,Approved,14600000,3.0,0.53,Medium,Excellent,Low Risk,Eligible
218,Linda U. Brown,Female,Divorced,4,Graduate,Yes,9600000,21100000,6,809,16100000,9500000,34700000,8700000,Approved,69000000,2.2,0.31,Very High,Excellent,Low Risk,Eligible
219,Mark N. Anderson,Male,Single,1,Not Graduate,Yes,6800000,17000000,2,744,15500000,3900000,23700000,3500000,Approved,46600000,2.5,0.36,High,Good,Low Risk,Eligible
220,Betty K. Wilson,Female,Married,0,Not Graduate,No,3200000,11300000,6,484,3500000,5500000,8500000,2100000,Rejected,19600000,3.53,0.58,Medium,Poor,Medium Risk,Not Eligible
221,Nancy P. Jones,Female,Single,4,Not Graduate,No,2900000,10400000,6,673,5100000,1700000,10600000,1700000,Approved,19100000,3.59,0.54,Medium,Good,Medium Risk,Eligible
222,Michael Wilson,Male,Married,3,Graduate,Yes,7900000,21200000,18,695,13800000,10600000,21800000,4900000,Approved,51100000,2.68,0.41,Very High,Good,Medium Risk,Eligible
223,Andrew R. Johnson,Male,Married,4,Not Graduate,Yes,3900000,12400000,12,473,6400000,4700000,13100000,3800000,Rejected,28000000,3.18,0.44,Medium,Poor,Medium Risk,Not Eligible
224,Mark Y. Lopez,Male,Married,4,Graduate,Yes,4600000,11000000,2,491,9000000,4000000,16100000,3500000,Rejected,32600000,2.39,0.34,Medium,Poor,Medium Risk,Not Eligible
225,Christopher Martin,Male,Single,3,Not Graduate,Yes,700000,1700000,8,733,1200000,800000,2400000,500000,Approved,4900000,2.43,0.35,Low,Good,Low Risk,Eligible
226,David Thomas,Male,Single,0,Not Graduate,No,5200000,15600000,20,434,14100000,5800000,18100000,5500000,Rejected,43500000,3.0,0.36,High,Poor,Medium Risk,Not Eligible
227,Linda Z. Rodriguez,Female,Married,3,Not Graduate,Yes,5900000,20600000,10,777,1900000,4600000,21200000,6400000,Approved,34100000,3.49,0.6,High,Excellent,Low Risk,Eligible
228,Kenneth Rodriguez,Male,Single,4,Graduate,No,7200000,19100000,4,774,9400000,7000000,17900000,3600000,Approved,37900000,2.65,0.5,High,Excellent,Low Risk,Eligible
229,Lisa Lopez,Female,Divorced,1,Not Graduate,Yes,8700000,27000000,10,717,25500000,8600000,17500000,9100000,Approved,60700000,3.1,0.44,Very High,Good,Low Risk,Eligible
230,Jennifer A. Jones,Female,Single,3,Not Graduate,Yes,1100000,3500000,12,503,3000000,400000,2200000,1200000,Rejected,6800000,3.18,0.51,Low,Poor,Medium Risk,Not Eligible
231,Anthony Wilson,Male,Single,1,Graduate,Yes,4000000,10900000,14,598,3600000,6600000,13600000,4400000,Approved,28200000,2.72,0.39,Medium,Fair,Medium Risk,Eligible
232,Lisa B. Jackson,Female,Single,2,Graduate,No,9800000,32400000,2,543,24200000,17500000,25700000,7700000,Approved,75100000,3.31,0.43,Very High,Poor,Medium Risk,Not Eligible
233,Michael Rodriguez,Male,Married,0,Not Graduate,Yes,2700000,6800000,20,796,700000,4200000,7000000,1900000,Approved,13800000,2.52,0.49,Medium,Excellent,Low Risk,Eligible
234,Sandra Rodriguez,Female,Married,3,Not Graduate,Yes,8800000,34600000,8,386,14800000,16500000,18400000,6000000,Rejected,55700000,3.93,0.62,Very High,Poor,Medium Risk,Not Eligible
235,Sandra Brown,Female,Married,5,Not Graduate,Yes,3300000,7800000,16,632,8500000,500000,7100000,4900000,Approved,21000000,2.36,0.37,Medium,Fair,Medium Risk,Eligible
236,Kimberley Martinez,Female,Single,1,Graduate,Yes,6900000,23400000,4,481,18700000,1100000,23400000,10200000,Approved,53400000,3.39,0.44,High,Poor,Medium Risk,Not Eligible
237,James Miller,Male,Single,3,Graduate,Yes,900000,3500000,4,770,700000,0,2000000,600000,Rejected,3300000,3.89,1.06,Low,Excellent,Low Risk,Eligible
238,Charles Martinez,Male,Single,3,Graduate,Yes,4100000,15500000,6,667,2800000,1600000,14700000,4000000,Approved,23100000,3.78,0.67,Medium,Good,Medium Risk,Eligible
239,Barbara Jones,Female,Married,3,Not Graduate,Yes,4700000,17500000,8,585,1200000,3100000,9600000,4900000,Approved,18800000,3.72,0.93,Medium,Fair,Medium Risk,Eligible
240,Jennifer B. Gonzalez,Female,Married,5,Graduate,Yes,3400000,11600000,16,479,9200000,5700000,11200000,2400000,Rejected,28500000,3.41,0.41,Medium,Poor,Medium Risk,Not Eligible
241,Jennifer S. Hernandez,Female,Married,2,Graduate,No,9600000,22500000,18,851,7400000,16200000,24300000,12700000,Approved,60600000,2.34,0.37,Very High,Excellent,Low Risk,Eligible
242,Karen Brown,Female,Widowed,3,Not Graduate,Yes,7000000,16200000,6,378,20000000,12600000,20300000,5500000,Rejected,58400000,2.31,0.28,High,Poor,Medium Risk,Not Eligible
243,Kenneth L. Anderson,Male,Single,5,Graduate,No,5700000,12900000,18,807,4100000,900000,18600000,5500000,Approved,29100000,2.26,0.44,High,Excellent,Low Risk,Eligible
244,Thomas Q. Wilson,Male,Single,1,Not Graduate,Yes,8200000,32400000,18,831,22800000,12300000,17700000,7800000,Approved,60600000,3.95,0.53,Very High,Excellent,Low Risk,Eligible
245,Lisa Davis,Female,Single,2,Not Graduate,No,2100000,5100000,12,674,2200000,3200000,6400000,2400000,Approved,14200000,2.43,0.36,Low,Good,Medium Risk,Eligible
246,Paul Taylor,Male,Married,1,Not Graduate,Yes,8000000,28100000,18,725,1900000,12800000,23000000,7500000,Approved,45200000,3.51,0.62,Very High,Good,Low Risk,Eligible
247,Elizabeth Davis,Female,Single,2,Not Graduate,No,8000000,29300000,4,600,16500000,13200000,29400000,6500000,Approved,65600000,3.66,0.45,Very High,Fair,Medium Risk,Eligible
248,Kenneth U. Jones,Male,Single,0,Not Graduate,Yes,9400000,27000000,10,536,4400000,1700000,33800000,4800000,Rejected,44700000,2.87,0.6,Very High,Poor,Medium Risk,Not Eligible
249,Margaret O. Jackson,Female,Married,0,Graduate,No,8400000,20600000,10,477,1500000,1500000,25000000,11900000,Rejected,39900000,2.45,0.52,Very High,Poor,Medium Risk,Not Eligible
250,Lisa Jones,Female,Married,1,Not Graduate,Yes,1900000,5000000,6,560,1000000,1900000,6300000,1400000,Approved,10600000,2.63,0.47,Low,Fair,Medium Risk,Eligible
251,Sarah Jackson,Female,Married,0,Not Graduate,Yes,4200000,16400000,20,539,9500000,2100000,11400000,3100000,Rejected,26100000,3.9,0.63,Medium,Poor,Medium Risk,Not Eligible
252,Margaret Anderson,Female,Single,5,Graduate,No,2600000,9100000,8,852,3700000,700000,10300000,3300000,Approved,18000000,3.5,0.51,Medium,Excellent,Low Risk,Eligible
253,Jennifer Q. Williams,Female,Single,3,Not Graduate,No,3700000,8500000,20,853,8300000,5700000,7500000,4900000,Approved,26400000,2.3,0.32,Medium,Excellent,Low Risk,Eligible
254,Donald K. Jackson,Male,Married,0,Graduate,No,8800000,30900000,12,729,1700000,700000,25700000,11400000,Approved,39500000,3.51,0.78,Very High,Good,Low Risk,Eligible
255,Robert Anderson,Male,Divorced,2,Not Graduate,No,2100000,4700000,2,546,6000000,3200000,5700000,1500000,Rejected,16400000,2.24,0.29,Low,Poor,Medium Risk,Not Eligible
256,Jennifer B. Taylor,Female,Single,3,Graduate,Yes,900000,2400000,10,489,800000,0,2800000,500000,Rejected,4100000,2.67,0.59,Low,Poor,Medium Risk,Not Eligible
257,Margaret F. Taylor,Female,Single,3,Graduate,Yes,9800000,35400000,6,869,14400000,16400000,22800000,10300000,Approved,63900000,3.61,0.55,Very High,Excellent,Low Risk,Eligible
258,Betty V. Wilson,Female,Married,2,Not Graduate,No,8000000,20000000,2,502,4100000,2200000,31600000,9900000,Rejected,47800000,2.5,0.42,Very High,Poor,Medium Risk,Not Eligible
259,Jennifer Hernandez,Female,Married,0,Graduate,No,9800000,38800000,8,652,23200000,19000000,29700000,5400000,Approved,77300000,3.96,0.5,Very High,Good,Medium Risk,Eligible
260,Sarah K. Martin,Female,Single,0,Not Graduate,Yes,300000,1100000,8,789,400000,100000,800000,400000,Approved,1700000,3.67,0.65,Low,Excellent,Low Risk,Eligible
261,Matthew W. Martinez,Male,Married,4,Not Graduate,No,2700000,8100000,4,325,5000000,800000,9900000,3400000,Approved,19100000,3.0,0.42,Medium,Poor,Medium Risk,Not Eligible
262,Kenneth Williams,Male,Single,3,Graduate,Yes,7400000,19600000,2,716,4100000,8900000,29100000,4200000,Approved,46300000,2.65,0.42,High,Good,Low Risk,Eligible
263,Elizabeth Taylor,Female,Married,3,Graduate,No,9200000,34300000,18,523,25600000,4000000,29100000,8800000,Rejected,67500000,3.73,0.51,Very High,Poor,Medium Risk,Not Eligible
264,Mary Lopez,Female,Divorced,5,Not Graduate,No,9500000,22200000,20,352,24500000,0,30800000,7000000,Rejected,62300000,2.34,0.36,Very High,Poor,Medium Risk,Not Eligible
265,Ashley Miller,Female,Single,5,Graduate,Yes,3800000,14400000,2,345,3300000,800000,13000000,4700000,Approved,21800000,3.79,0.66,Medium,Poor,Medium Risk,Not Eligible
266,Christopher R. Brown,Male,Married,0,Graduate,No,8300000,19400000,18,649,2500000,16100000,24300000,11300000,Approved,54200000,2.34,0.36,Very High,Fair,Medium Risk,Eligible
267,Daniel Martin,Male,Single,2,Graduate,Yes,2800000,7400000,18,666,100000,2300000,6300000,3400000,Approved,12100000,2.64,0.61,Medium,Good,Medium Risk,Eligible
268,Richard F. Martin,Male,Married,0,Graduate,No,8600000,20900000,10,813,11300000,11900000,26000000,4800000,Approved,54000000,2.43,0.39,Very High,Excellent,Low Risk,Eligible
269,Mark H. Lopez,Male,Widowed,0,Not Graduate,No,5400000,16800000,10,599,5300000,7400000,14500000,7600000,Approved,34800000,3.11,0.48,High,Fair,Medium Risk,Eligible
270,Margaret J. Davis,Female,Widowed,5,Graduate,Yes,4200000,9400000,6,678,4700000,5500000,9900000,5700000,Approved,25800000,2.24,0.36,Medium,Good,Medium Risk,Eligible
271,Susan S. Lopez,Female,Widowed,5,Not Graduate,No,5200000,12200000,20,513,13400000,2000000,16800000,5400000,Rejected,37600000,2.35,0.32,High,Poor,Medium Risk,Not Eligible
272,Karen N. Gonzalez,Female,Widowed,5,Graduate,No,9400000,27900000,4,870,1100000,200000,29500000,10400000,Approved,41200000,2.97,0.68,Very High,Excellent,Low Risk,Eligible
273,Kenneth B. Jones,Male,Married,3,Graduate,No,8800000,20400000,8,483,3200000,11400000,28200000,11800000,Rejected,54600000,2.32,0.37,Very High,Poor,Medium Risk,Not Eligible
274,Emily Q. Brown,Female,Divorced,1,Graduate,Yes,5900000,16700000,16,308,5800000,8800000,19100000,5300000,Rejected,39000000,2.83,0.43,High,Poor,Medium Risk,Not Eligible
275,Jennifer Garcia,Female,Divorced,3,Graduate,Yes,1700000,4900000,16,591,4700000,1000000,4300000,1400000,Approved,11400000,2.88,0.43,Low,Fair,Medium Risk,Eligible
276,Mark H. Williams,Male,Married,1,Not Graduate,No,7000000,23000000,10,886,14000000,3700000,26700000,3600000,Approved,48000000,3.29,0.48,High,Excellent,Low Risk,Eligible
277,Mary Wilson,Female,Married,4,Not Graduate,No,1700000,4000000,6,829,0,1600000,5200000,1700000,Approved,8500000,2.35,0.47,Low,Excellent,Low Risk,Eligible
278,Anthony Williams,Male,Single,0,Not Graduate,No,1500000,4900000,12,651,1600000,2800000,4600000,800000,Approved,9800000,3.27,0.5,Low,Good,Medium Risk,Eligible
279,Daniel Jones,Male,Single,4,Not Graduate,No,2000000,4700000,18,733,3700000,3700000,7000000,2800000,Approved,17200000,2.35,0.27,Low,Good,Low Risk,Eligible
280,Elizabeth Thomas,Female,Single,5,Graduate,Yes,3900000,15500000,12,433,9500000,5400000,7900000,4600000,Rejected,27400000,3.97,0.57,Medium,Poor,Medium Risk,Not Eligible
281,James Rodriguez,Male,Single,1,Graduate,Yes,900000,3600000,14,713,1300000,1000000,1800000,1200000,Approved,5300000,4.0,0.68,Low,Good,Low Risk,Eligible
282,Linda Martinez,Female,Single,1,Graduate,No,6900000,22500000,18,403,800000,8400000,16900000,6300000,Rejected,32400000,3.26,0.69,High,Poor,Medium Risk,Not Eligible
283,Mark Martin,Male,Single,0,Graduate,Yes,2800000,7800000,10,405,7800000,2500000,7100000,3400000,Rejected,20800000,2.79,0.38,Medium,Poor,Medium Risk,Not Eligible
284,Michelle Moore,Female,Married,3,Graduate,Yes,6800000,19900000,10,516,16000000,6000000,26000000,8500000,Rejected,56500000,2.93,0.35,High,Poor,Medium Risk,Not Eligible
285,David Martinez,Male,Married,4,Not Graduate,Yes,600000,1800000,8,417,1700000,700000,1800000,800000,Rejected,5000000,3.0,0.36,Low,Poor,Medium Risk,Not Eligible
286,Joshua Wilson,Male,Married,1,Not Graduate,No,4700000,14000000,6,468,11300000,1800000,10600000,4600000,Rejected,28300000,2.98,0.49,Medium,Poor,Medium Risk,Not Eligible
287,Jennifer Z. Taylor,Female,Widowed,5,Graduate,Yes,3000000,11800000,10,672,8700000,3600000,9800000,4100000,Approved,26200000,3.93,0.45,Medium,Good,Medium Risk,Eligible
288,Anthony Thomas,Male,Single,5,Not Graduate,No,4000000,13900000,6,530,6000000,5600000,12500000,6000000,Rejected,30100000,3.48,0.46,Medium,Poor,Medium Risk,Not Eligible
289,Sarah Smith,Female,Single,1,Not Graduate,Yes,3100000,11300000,14,824,3700000,6000000,11000000,4400000,Approved,25100000,3.65,0.45,Medium,Excellent,Low Risk,Eligible
290,William K. Jackson,Male,Single,1,Not Graduate,Yes,7700000,25500000,12,549,18100000,10600000,20500000,7000000,Rejected,56200000,3.31,0.45,Very High,Poor,Medium Risk,Not Eligible
291,Emily F. Hernandez,Female,Married,5,Not Graduate,Yes,4300000,9300000,10,450,2100000,6700000,10000000,4100000,Rejected,22900000,2.16,0.41,Medium,Poor,Medium Risk,Not Eligible
292,Ashley C. Garcia,Female,Married,1,Graduate,Yes,5800000,19500000,20,431,13800000,5000000,15600000,3300000,Rejected,37700000,3.36,0.52,High,Poor,Medium Risk,Not Eligible
293,Patricia Martinez,Female,Married,3,Graduate,Yes,3600000,10700000,16,312,2300000,1600000,13100000,5200000,Rejected,22200000,2.97,0.48,Medium,Poor,Medium Risk,Not Eligible
294,Daniel R. Martinez,Male,Married,0,Not Graduate,Yes,2900000,7600000,8,320,8000000,5600000,9600000,3100000,Rejected,26300000,2.62,0.29,Medium,Poor,Medium Risk,Not Eligible
295,Joseph Martinez,Male,Married,0,Graduate,No,8800000,20200000,4,433,16000000,4200000,30500000,12400000,Rejected,63100000,2.3,0.32,Very High,Poor,Medium Risk,Not Eligible
296,Sarah N. Brown,Female,Divorced,1,Not Graduate,Yes,300000,1000000,10,431,400000,500000,900000,100000,Rejected,1900000,3.33,0.53,Low,Poor,Medium Risk,Not Eligible
297,Betty P. Hernandez,Female,Married,5,Not Graduate,Yes,8600000,28900000,8,516,9900000,1800000,30200000,6800000,Rejected,48700000,3.36,0.59,Very High,Poor,Medium Risk,Not Eligible
298,Kimberley X. Rodriguez,Female,Married,2,Not Graduate,Yes,3500000,12000000,14,476,1100000,6800000,12400000,2900000,Rejected,23200000,3.43,0.52,Medium,Poor,Medium Risk,Not Eligible
299,Michelle K. Garcia,Female,Single,5,Graduate,No,800000,2600000,6,560,100000,200000,3000000,1000000,Approved,4300000,3.25,0.6,Low,Fair,Medium Risk,Eligible
300,Karen Martinez,Female,Married,2,Graduate,No,8000000,27100000,12,674,14400000,400000,25300000,6400000,Approved,46500000,3.39,0.58,Very High,Good,Medium Risk,Eligible
301,Donald Lopez,Male,Married,0,Not Graduate,Yes,9900000,38200000,6,573,17200000,10000000,20100000,5900000,Approved,53200000,3.86,0.72,Very High,Fair,Medium Risk,Eligible
302,Michelle Wilson,Female,Widowed,2,Not Graduate,No,3300000,6600000,6,331,6300000,2000000,8900000,2700000,Rejected,19900000,2.0,0.33,Medium,Poor,Medium Risk,Not Eligible
303,Michael Gonzalez,Male,Married,4,Graduate,Yes,2000000,6700000,12,633,100000,800000,4800000,2000000,Approved,7700000,3.35,0.87,Low,Fair,Medium Risk,Eligible
304,James V. Jones,Male,Married,3,Not Graduate,No,4900000,12900000,18,877,1800000,7000000,17900000,3300000,Approved,30000000,2.63,0.43,Medium,Excellent,Low Risk,Eligible
305,David Williams,Male,Married,5,Not Graduate,Yes,9200000,23600000,12,656,1400000,11200000,36400000,4900000,Approved,53900000,2.57,0.44,Very High,Good,Medium Risk,Eligible
306,Betty Jackson,Female,Single,0,Not Graduate,No,7500000,18200000,6,782,7400000,12000000,19800000,4100000,Approved,43300000,2.43,0.42,High,Excellent,Low Risk,Eligible
307,Nancy Lopez,Female,Single,5,Not Graduate,No,9000000,29300000,4,531,10400000,9500000,35500000,5800000,Approved,61200000,3.26,0.48,Very High,Poor,Medium Risk,Not Eligible
308,Paul Lopez,Male,Married,3,Not Graduate,No,1400000,4100000,8,455,3000000,1400000,2900000,2100000,Rejected,9400000,2.93,0.44,Low,Poor,Medium Risk,Not Eligible
309,William P. Smith,Male,Married,3,Graduate,No,9600000,19900000,14,452,4200000,16200000,28500000,6600000,Rejected,55500000,2.07,0.36,Very High,Poor,Medium Risk,Not Eligible
310,Charles G. Rodriguez,Male,Widowed,2,Graduate,No,8400000,33200000,14,474,19600000,15000000,25400000,11500000,Rejected,71500000,3.95,0.46,Very High,Poor,Medium Risk,Not Eligible
311,Ashley Miller,Female,Divorced,3,Not Graduate,No,6400000,24400000,4,483,7800000,2400000,19100000,4500000,Approved,33800000,3.81,0.72,High,Poor,Medium Risk,Not Eligible
312,Barbara Z. Anderson,Female,Married,4,Graduate,No,5900000,16800000,8,481,6900000,11400000,19500000,3300000,Rejected,41100000,2.85,0.41,High,Poor,Medium Risk,Not Eligible
313,Nancy J. Williams,Female,Divorced,2,Graduate,Yes,2200000,5100000,20,859,3800000,1200000,6400000,3100000,Approved,14500000,2.32,0.35,Low,Excellent,Low Risk,Eligible
314,Richard D. Lopez,Male,Widowed,4,Graduate,Yes,5600000,14100000,14,696,9000000,9200000,16500000,6800000,Approved,41500000,2.52,0.34,High,Good,Medium Risk,Eligible
315,Thomas Thomas,Male,Married,4,Not Graduate,No,9800000,28700000,6,778,16600000,7400000,29700000,11100000,Approved,64800000,2.93,0.44,Very High,Excellent,Low Risk,Eligible
316,Margaret Moore,Female,Divorced,4,Graduate,No,4400000,14600000,4,499,1300000,6500000,16100000,5700000,Approved,29600000,3.32,0.49,Medium,Poor,Medium Risk,Not Eligible
317,Christopher X. Gonzalez,Male,Married,2,Not Graduate,Yes,2400000,4900000,4,888,6400000,4300000,5100000,3400000,Approved,19200000,2.04,0.26,Low,Excellent,Low Risk,Eligible
318,Sandra Jackson,Female,Widowed,1,Graduate,No,4400000,10800000,12,674,9600000,2700000,17200000,5300000,Approved,34800000,2.45,0.31,Medium,Good,Medium Risk,Eligible
319,Donald L. Anderson,Male,Single,4,Graduate,No,3700000,13200000,4,802,9800000,2400000,12500000,4300000,Approved,29000000,3.57,0.46,Medium,Excellent,Low Risk,Eligible
320,David B. Wilson,Male,Married,4,Not Graduate,Yes,2300000,7800000,8,540,1500000,3400000,4700000,2800000,Rejected,12400000,3.39,0.63,Low,Poor,Medium Risk,Not Eligible
321,Christopher Garcia,Male,Divorced,4,Graduate,Yes,5900000,19600000,8,726,17400000,6800000,20100000,8000000,Approved,52300000,3.32,0.37,High,Good,Low Risk,Eligible
322,Matthew C. Taylor,Male,Single,4,Not Graduate,Yes,6400000,23500000,2,485,7300000,2700000,23600000,3900000,Approved,37500000,3.67,0.63,High,Poor,Medium Risk,Not Eligible
323,Elizabeth C. Martinez,Female,Married,4,Graduate,Yes,4900000,17100000,6,612,1300000,7000000,19500000,5000000,Approved,32800000,3.49,0.52,Medium,Fair,Medium Risk,Eligible
324,Joshua Jackson,Male,Married,3,Not Graduate,Yes,9500000,24200000,8,879,3100000,17200000,26400000,12700000,Approved,59400000,2.55,0.41,Very High,Excellent,Low Risk,Eligible
325,Donna A. Johnson,Female,Single,2,Not Graduate,No,5700000,16400000,12,708,3700000,800000,15000000,4400000,Approved,23900000,2.88,0.69,High,Good,Low Risk,Eligible
326,Susan Jackson,Female,Married,2,Not Graduate,Yes,2700000,5700000,8,850,3500000,5000000,10500000,3900000,Approved,22900000,2.11,0.25,Medium,Excellent,Low Risk,Eligible
327,Emily J. Martinez,Female,Married,2,Not Graduate,Yes,3900000,11300000,12,516,3100000,0,10400000,4600000,Rejected,18100000,2.9,0.62,Medium,Poor,Medium Risk,Not Eligible
328,Karen Anderson,Female,Single,0,Not Graduate,No,7800000,28800000,12,465,4700000,7500000,28800000,7400000,Rejected,48400000,3.69,0.6,Very High,Poor,Medium Risk,Not Eligible
329,Sandra Thomas,Female,Single,0,Graduate,No,1100000,3200000,20,716,1800000,1400000,3600000,1500000,Approved,8300000,2.91,0.39,Low,Good,Low Risk,Eligible
330,Daniel L. Hernandez,Male,Widowed,4,Not Graduate,No,200000,600000,10,404,0,100000,400000,0,Rejected,500000,3.0,1.2,Low,Poor,Medium Risk,Not Eligible
331,Matthew K. Taylor,Male,Single,0,Not Graduate,Yes,4700000,10600000,20,512,8400000,4000000,12300000,7000000,Rejected,31700000,2.26,0.33,Medium,Poor,Medium Risk,Not Eligible
332,Charles Anderson,Male,Single,3,Not Graduate,Yes,8200000,20600000,10,441,16100000,11400000,29100000,6100000,Rejected,62700000,2.51,0.33,Very High,Poor,Medium Risk,Not Eligible
333,Betty Martin,Female,Widowed,2,Not Graduate,Yes,4600000,18400000,2,555,7700000,2400000,14200000,4200000,Approved,28500000,4.0,0.65,Medium,Fair,Medium Risk,Eligible
334,Daniel G. Jackson,Male,Married,5,Not Graduate,No,1800000,7000000,18,466,2600000,2100000,6000000,1900000,Rejected,12600000,3.89,0.56,Low,Poor,Medium Risk,Not Eligible
335,Kimberley Anderson,Female,Single,3,Graduate,Yes,3200000,8600000,2,427,3900000,1800000,7100000,4700000,Rejected,17500000,2.69,0.49,Medium,Poor,Medium Risk,Not Eligible
336,Michael H. Gonzalez,Male,Single,4,Not Graduate,Yes,5500000,20000000,14,593,15100000,2700000,19900000,4900000,Approved,42600000,3.64,0.47,High,Fair,Medium Risk,Eligible
337,Patricia Johnson,Female,Married,3,Graduate,No,7900000,18300000,10,731,4200000,3400000,22200000,8400000,Approved,38200000,2.32,0.48,Very High,Good,Low Risk,Eligible
338,Karen Moore,Female,Single,1,Graduate,Yes,4000000,10100000,16,451,7000000,3900000,14300000,3900000,Rejected,29100000,2.52,0.35,Medium,Poor,Medium Risk,Not Eligible
339,Charles L. Lopez,Male,Single,3,Not Graduate,Yes,6800000,16900000,18,628,3600000,900000,15600000,4900000,Approved,25000000,2.49,0.68,High,Fair,Medium Risk,Eligible
340,Joshua Moore,Male,Married,1,Not Graduate,No,2700000,9400000,18,704,5300000,2300000,6400000,2400000,Approved,16400000,3.48,0.57,Medium,Good,Low Risk,Eligible
341,Anthony Taylor,Male,Married,2,Not Graduate,No,6800000,23500000,12,341,19300000,11800000,14300000,8500000,Rejected,53900000,3.46,0.44,High,Poor,Medium Risk,Not Eligible
342,David Brown,Male,Married,5,Graduate,No,8600000,21000000,8,465,11700000,14900000,19500000,9900000,Rejected,56000000,2.44,0.38,Very High,Poor,Medium Risk,Not Eligible
343,Emily G. Lopez,Female,Married,4,Graduate,No,8000000,30100000,4,431,11900000,13800000,18800000,11500000,Approved,56000000,3.76,0.54,Very High,Poor,Medium Risk,Not Eligible
344,Kimberley Johnson,Female,Single,1,Graduate,Yes,3700000,12600000,10,424,5400000,1100000,14200000,4400000,Rejected,25100000,3.41,0.5,Medium,Poor,Medium Risk,Not Eligible
345,Ashley Taylor,Female,Married,0,Graduate,No,2600000,5100000,14,678,500000,1200000,6000000,3100000,Approved,10800000,1.96,0.47,Medium,Good,Medium Risk,Eligible
346,Daniel Martin,Male,Single,4,Graduate,No,4200000,16800000,6,381,9600000,3800000,14800000,5900000,Rejected,34100000,4.0,0.49,Medium,Poor,Medium Risk,Not Eligible
347,Donna Q. Hernandez,Female,Married,5,Graduate,Yes,8000000,28000000,10,449,18500000,1500000,17400000,3900000,Rejected,41300000,3.5,0.68,Very High,Poor,Medium Risk,Not Eligible
348,Ashley Smith,Female,Married,1,Not Graduate,No,7100000,23500000,12,768,6400000,12100000,22400000,7300000,Approved,48200000,3.31,0.49,High,Excellent,Low Risk,Eligible
349,Donna X. Martinez,Female,Divorced,0,Not Graduate,No,2000000,7000000,6,666,0,1200000,4300000,1400000,Rejected,6900000,3.5,1.01,Low,Good,Medium Risk,Eligible
350,Kenneth Thomas,Male,Married,4,Not Graduate,Yes,5800000,13300000,14,742,16100000,9300000,16300000,7000000,Approved,48700000,2.29,0.27,High,Good,Low Risk,Eligible
351,Robert Jackson,Male,Married,3,Not Graduate,Yes,6700000,15800000,4,445,10500000,7600000,14100000,9100000,Rejected,41300000,2.36,0.38,High,Poor,Medium Risk,Not Eligible
352,Elizabeth Davis,Female,Divorced,2,Graduate,No,7300000,28700000,14,634,5900000,3800000,21200000,10800000,Approved,41700000,3.93,0.69,High,Fair,Medium Risk,Eligible
353,Joseph Smith,Male,Married,4,Not Graduate,No,3300000,9700000,14,782,2500000,0,10400000,2200000,Approved,15100000,2.94,0.64,Medium,Excellent,Low Risk,Eligible
354,Susan T. Wilson,Female,Divorced,0,Graduate,No,3000000,7000000,10,781,7200000,600000,11700000,2700000,Approved,22200000,2.33,0.32,Medium,Excellent,Low Risk,Eligible
355,David Taylor,Male,Single,4,Not Graduate,No,7900000,17200000,14,318,14200000,9500000,23200000,9000000,Rejected,55900000,2.18,0.31,Very High,Poor,Medium Risk,Not Eligible
356,Kimberley Gonzalez,Female,Single,5,Not Graduate,No,7600000,24100000,18,721,21900000,11500000,22900000,7200000,Approved,63500000,3.17,0.38,Very High,Good,Low Risk,Eligible
357,Emily X. Lopez,Female,Married,5,Not Graduate,No,3700000,9800000,4,563,9500000,5100000,11200000,3000000,Approved,28800000,2.65,0.34,Medium,Fair,Medium Risk,Eligible
358,Michelle Thomas,Female,Single,2,Not Graduate,No,8400000,26300000,4,419,22900000,7900000,29200000,6200000,Approved,66200000,3.13,0.4,Very High,Poor,Medium Risk,Not Eligible
359,Jessica W. Martinez,Female,Single,0,Graduate,Yes,8200000,20800000,14,372,3800000,100000,26100000,5200000,Rejected,35200000,2.54,0.59,Very High,Poor,Medium Risk,Not Eligible
360,Lisa Thomas,Female,Divorced,0,Not Graduate,No,2900000,9500000,18,885,4300000,2300000,6500000,3500000,Approved,16600000,3.28,0.57,Medium,Excellent,Low Risk,Eligible
361,Karen R. Brown,Female,Single,1,Not Graduate,Yes,9900000,38400000,12,596,10000000,9300000,36500000,6800000,Approved,62600000,3.88,0.61,Very High,Fair,Medium Risk,Eligible
362,Nancy Jones,Female,Single,0,Graduate,No,4400000,14100000,2,349,3300000,1300000,8800000,6200000,Approved,19600000,3.2,0.72,Medium,Poor,Medium Risk,Not Eligible
363,Matthew X. Anderson,Male,Married,1,Not Graduate,Yes,9000000,32200000,16,468,4500000,16400000,28600000,10900000,Rejected,60400000,3.58,0.53,Very High,Poor,Medium Risk,Not Eligible
364,Andrew W. Rodriguez,Male,Single,3,Not Graduate,Yes,6800000,26900000,16,818,14700000,10400000,26300000,7300000,Approved,58700000,3.96,0.46,High,Excellent,Low Risk,Eligible
365,Kenneth Jackson,Male,Single,2,Not Graduate,No,8700000,28000000,12,543,16900000,6000000,22900000,6700000,Rejected,52500000,3.22,0.53,Very High,Poor,Medium Risk,Not Eligible
366,Thomas Johnson,Male,Single,3,Graduate,No,9400000,21900000,16,685,8100000,5600000,34500000,5000000,Approved,53200000,2.33,0.41,Very High,Good,Medium Risk,Eligible
367,Linda Jones,Female,Married,3,Not Graduate,Yes,6000000,12500000,18,851,14600000,5000000,16800000,5000000,Approved,41400000,2.08,0.3,High,Excellent,Low Risk,Eligible
368,Mark Thomas,Male,Single,1,Not Graduate,Yes,9400000,29800000,10,377,24100000,18500000,30900000,11700000,Rejected,85200000,3.17,0.35,Very High,Poor,Medium Risk,Not Eligible
369,Lisa Y. Martinez,Female,Single,0,Not Graduate,Yes,1000000,4000000,10,620,2400000,1300000,3700000,1100000,Approved,8500000,4.0,0.47,Low,Fair,Medium Risk,Eligible
370,Andrew F. Johnson,Male,Married,3,Graduate,Yes,900000,2300000,20,611,600000,1500000,1900000,500000,Approved,4500000,2.56,0.51,Low,Fair,Medium Risk,Eligible
371,Robert F. Gonzalez,Male,Divorced,4,Not Graduate,No,2100000,7700000,4,767,1200000,1700000,6900000,1300000,Approved,11100000,3.67,0.69,Low,Excellent,Low Risk,Eligible
372,Patricia Smith,Female,Married,5,Graduate,Yes,1100000,3200000,20,592,3200000,700000,3500000,500000,Approved,7900000,2.91,0.41,Low,Fair,Medium Risk,Eligible
373,Karen R. Anderson,Female,Married,0,Graduate,Yes,600000,2300000,4,319,1600000,800000,2300000,700000,Approved,5400000,3.83,0.43,Low,Poor,Medium Risk,Not Eligible
374,Paul Anderson,Male,Married,4,Not Graduate,Yes,9200000,25500000,10,900,9400000,10500000,27400000,12800000,Approved,60100000,2.77,0.42,Very High,Excellent,Low Risk,Eligible
375,Barbara W. Anderson,Female,Single,2,Not Graduate,Yes,3600000,12800000,18,814,8600000,4100000,10300000,4100000,Approved,27100000,3.56,0.47,Medium,Excellent,Low Risk,Eligible
376,Karen G. Jackson,Female,Single,5,Not Graduate,Yes,1300000,5000000,10,755,2100000,2200000,4800000,1900000,Approved,11000000,3.85,0.45,Low,Excellent,Low Risk,Eligible
377,Sandra Taylor,Female,Married,5,Graduate,Yes,7700000,16800000,20,584,8600000,4800000,23400000,8000000,Approved,44800000,2.18,0.38,Very High,Fair,Medium Risk,Eligible
378,Richard Jones,Male,Divorced,4,Graduate,Yes,9500000,23500000,14,380,22900000,6700000,25100000,7300000,Rejected,62000000,2.47,0.38,Very High,Poor,Medium Risk,Not Eligible
379,Charles Gonzalez,Male,Married,2,Not Graduate,Yes,5000000,17600000,20,465,6200000,5200000,16500000,5200000,Rejected,33100000,3.52,0.53,Medium,Poor,Medium Risk,Not Eligible
380,Karen A. Jackson,Female,Single,0,Not Graduate,No,500000,1800000,2,531,1300000,500000,1900000,700000,Approved,4400000,3.6,0.41,Low,Poor,Medium Risk,Not Eligible
381,Jessica O. Johnson,Female,Single,1,Graduate,Yes,8300000,32100000,16,814,18500000,2700000,28900000,7500000,Approved,57600000,3.87,0.56,Very High,Excellent,Low Risk,Eligible
382,Kimberley U. Martinez,Female,Divorced,0,Graduate,No,5300000,17900000,6,678,4700000,3900000,14400000,3600000,Approved,26600000,3.38,0.67,High,Good,Medium Risk,Eligible
383,Nancy Martin,Female,Divorced,2,Not Graduate,Yes,9300000,29000000,12,655,7900000,6800000,29900000,4900000,Approved,49500000,3.12,0.59,Very High,Good,Medium Risk,Eligible
384,Elizabeth T. Anderson,Female,Single,3,Not Graduate,No,2300000,7400000,2,682,6500000,2400000,7600000,2100000,Approved,18600000,3.22,0.4,Low,Good,Medium Risk,Eligible
385,Emily V. Miller,Female,Married,1,Not Graduate,No,400000,1300000,6,695,200000,500000,800000,100000,Approved,1600000,3.25,0.81,Low,Good,Medium Risk,Eligible
386,Paul L. Anderson,Male,Single,3,Not Graduate,No,3200000,10800000,4,833,2600000,1000000,8700000,2600000,Approved,14900000,3.38,0.72,Medium,Excellent,Low Risk,Eligible
387,Robert G. Moore,Male,Married,5,Not Graduate,Yes,9400000,35300000,16,302,4100000,12500000,37000000,12900000,Rejected,66500000,3.76,0.53,Very High,Poor,Medium Risk,Not Eligible
388,Richard O. Hernandez,Male,Single,1,Graduate,No,2300000,6600000,2,357,5900000,200000,6000000,2200000,Rejected,14300000,2.87,0.46,Low,Poor,Medium Risk,Not Eligible
389,Joshua Thomas,Male,Married,5,Not Graduate,No,4300000,14500000,12,302,12500000,4300000,12500000,5100000,Rejected,34400000,3.37,0.42,Medium,Poor,Medium Risk,Not Eligible
390,Donald O. Jones,Male,Married,0,Graduate,Yes,6200000,22400000,18,873,15700000,6600000,15800000,8200000,Approved,46300000,3.61,0.48,High,Excellent,Low Risk,Eligible
391,Karen Smith,Female,Married,0,Not Graduate,Yes,7200000,19800000,12,658,12700000,8100000,25000000,7300000,Approved,53100000,2.75,0.37,High,Good,Medium Risk,Eligible
392,Joshua Williams,Male,Single,5,Graduate,Yes,2400000,8700000,18,877,2800000,2900000,7100000,1100000,Approved,13900000,3.62,0.63,Low,Excellent,Low Risk,Eligible
393,Andrew C. Johnson,Male,Widowed,3,Not Graduate,No,2900000,6300000,8,648,3400000,3400000,7600000,1400000,Approved,15800000,2.17,0.4,Medium,Fair,Medium Risk,Eligible
394,Patricia Martinez,Female,Married,1,Graduate,No,1400000,5200000,12,730,2900000,0,3700000,700000,Approved,7300000,3.71,0.71,Low,Good,Low Risk,Eligible
395,Nancy Gonzalez,Female,Divorced,4,Not Graduate,Yes,2200000,8200000,14,737,5800000,2800000,8200000,1400000,Approved,18200000,3.73,0.45,Low,Good,Low Risk,Eligible
396,Betty V. Williams,Female,Divorced,2,Graduate,Yes,800000,3200000,10,584,0,200000,2100000,700000,Rejected,3000000,4.0,1.07,Low,Fair,Medium Risk,Eligible
397,Matthew Brown,Male,Married,0,Graduate,No,600000,1700000,2,621,400000,400000,2000000,200000,Approved,3000000,2.83,0.57,Low,Fair,Medium Risk,Eligible
398,Thomas J. Smith,Male,Married,4,Graduate,Yes,700000,2700000,16,583,1100000,1200000,1400000,300000,Approved,4000000,3.86,0.68,Low,Fair,Medium Risk,Eligible
399,Emily H. Gonzalez,Female,Married,2,Not Graduate,No,8400000,25900000,16,621,8600000,13400000,33500000,4200000,Approved,59700000,3.08,0.43,Very High,Fair,Medium Risk,Eligible
400,Charles X. Miller,Male,Married,2,Not Graduate,No,7100000,21500000,16,610,5800000,12100000,14200000,9300000,Approved,41400000,3.03,0.52,High,Fair,Medium Risk,Eligible
401,Mark A. Martin,Male,Single,4,Graduate,No,5400000,15700000,18,452,13700000,2600000,16500000,6600000,Rejected,39400000,2.91,0.4,High,Poor,Medium Risk,Not Eligible
402,William Martin,Male,Married,5,Graduate,No,3700000,7300000,18,339,9300000,100000,13900000,5300000,Rejected,28600000,1.97,0.26,Medium,Poor,Medium Risk,Not Eligible
403,Thomas Johnson,Male,Single,3,Graduate,Yes,5200000,15200000,16,650,1300000,5700000,13500000,4100000,Approved,24600000,2.92,0.62,High,Good,Medium Risk,Eligible
404,Robert J. Jones,Male,Single,4,Not Graduate,Yes,200000,700000,10,672,200000,200000,300000,300000,Approved,1000000,3.5,0.7,Low,Good,Medium Risk,Eligible
405,Donna K. Martin,Female,Single,3,Graduate,No,500000,1000000,20,501,800000,800000,900000,200000,Rejected,2700000,2.0,0.37,Low,Poor,Medium Risk,Not Eligible
406,Paul Davis,Male,Single,2,Not Graduate,Yes,1800000,5700000,4,809,1200000,1900000,6300000,2400000,Approved,11800000,3.17,0.48,Low,Excellent,Low Risk,Eligible
407,Mark Moore,Male,Widowed,5,Graduate,Yes,9200000,29400000,8,318,18000000,5900000,33800000,5400000,Rejected,63100000,3.2,0.47,Very High,Poor,Medium Risk,Not Eligible
408,Kimberley N. Hernandez,Female,Single,4,Not Graduate,No,900000,3300000,10,649,0,400000,1800000,1200000,Approved,3400000,3.67,0.97,Low,Fair,Medium Risk,Eligible
409,Barbara Moore,Female,Married,3,Not Graduate,No,7500000,28300000,12,367,9200000,11300000,22700000,7000000,Rejected,50200000,3.77,0.56,High,Poor,Medium Risk,Not Eligible
410,Elizabeth R. Anderson,Female,Married,5,Not Graduate,No,3000000,11800000,6,847,8200000,2200000,7100000,2300000,Approved,19800000,3.93,0.6,Medium,Excellent,Low Risk,Eligible
411,Emily Taylor,Female,Single,5,Graduate,No,7100000,18900000,12,360,10700000,1100000,19800000,8500000,Rejected,40100000,2.66,0.47,High,Poor,Medium Risk,Not Eligible
412,Daniel L. Williams,Male,Single,1,Graduate,Yes,3500000,7200000,2,865,4100000,3200000,11900000,4200000,Approved,23400000,2.06,0.31,Medium,Excellent,Low Risk,Eligible
413,Robert Rodriguez,Male,Married,4,Not Graduate,No,4900000,18800000,16,880,4200000,4700000,13200000,2600000,Approved,24700000,3.84,0.76,Medium,Excellent,Low Risk,Eligible
414,Michael S. Miller,Male,Married,1,Graduate,No,4100000,8400000,20,608,1400000,8000000,10000000,4400000,Approved,23800000,2.05,0.35,Medium,Fair,Medium Risk,Eligible
415,Steven K. Miller,Male,Single,0,Graduate,Yes,800000,2100000,6,760,300000,100000,1600000,600000,Approved,2600000,2.62,0.81,Low,Excellent,Low Risk,Eligible
416,Joseph D. Miller,Male,Married,3,Graduate,Yes,1700000,4600000,12,385,1500000,1300000,5200000,1700000,Rejected,9700000,2.71,0.47,Low,Poor,Medium Risk,Not Eligible
417,Jessica M. Martin,Female,Divorced,0,Graduate,Yes,6100000,23300000,12,478,3800000,2300000,17700000,4900000,Rejected,28700000,3.82,0.81,High,Poor,Medium Risk,Not Eligible
418,Karen Gonzalez,Female,Married,1,Graduate,Yes,2100000,7700000,16,327,5000000,500000,4700000,2300000,Rejected,12500000,3.67,0.62,Low,Poor,Medium Risk,Not Eligible
419,Sarah P. Lopez,Female,Married,0,Graduate,No,3100000,9300000,6,663,1300000,1400000,8100000,3800000,Approved,14600000,3.0,0.64,Medium,Good,Medium Risk,Eligible
420,Lisa Miller,Female,Married,2,Not Graduate,Yes,1700000,3500000,20,693,2200000,1400000,4800000,1700000,Approved,10100000,2.06,0.35,Low,Good,Medium Risk,Eligible
421,David Smith,Male,Divorced,3,Graduate,No,1700000,5400000,6,710,4800000,700000,5800000,1700000,Approved,13000000,3.18,0.42,Low,Good,Low Risk,Eligible
422,Karen Jones,Female,Single,4,Not Graduate,Yes,4000000,14500000,6,711,2400000,5700000,10900000,4100000,Approved,23100000,3.62,0.63,Medium,Good,Low Risk,Eligible
423,Steven V. Moore,Male,Single,5,Graduate,No,5600000,18400000,8,386,11300000,6700000,11300000,5600000,Rejected,34900000,3.29,0.53,High,Poor,Medium Risk,Not Eligible
424,Ashley Anderson,Female,Married,4,Graduate,Yes,3900000,11900000,10,855,10200000,4000000,10200000,2800000,Approved,27200000,3.05,0.44,Medium,Excellent,Low Risk,Eligible
425,David Moore,Male,Divorced,4,Graduate,Yes,6100000,15300000,14,573,1100000,9900000,13300000,8400000,Approved,32700000,2.51,0.47,High,Fair,Medium Risk,Eligible
426,Paul C. Johnson,Male,Divorced,0,Graduate,Yes,1100000,2800000,18,431,500000,300000,4300000,1400000,Rejected,6500000,2.55,0.43,Low,Poor,Medium Risk,Not Eligible
427,James Wilson,Male,Married,2,Graduate,No,5500000,14800000,8,364,13000000,4500000,12600000,4500000,Rejected,34600000,2.69,0.43,High,Poor,Medium Risk,Not Eligible
428,David Smith,Male,Married,4,Graduate,Yes,1100000,3600000,14,711,2500000,500000,3600000,600000,Approved,7200000,3.27,0.5,Low,Good,Low Risk,Eligible
429,Kenneth V. Martin,Male,Married,4,Not Graduate,Yes,400000,900000,20,771,1000000,500000,1600000,500000,Approved,3600000,2.25,0.25,Low,Excellent,Low Risk,Eligible
430,Andrew Moore,Male,Single,3,Graduate,No,9200000,36400000,18,669,3100000,12700000,30900000,12300000,Approved,59000000,3.96,0.62,Very High,Good,Medium Risk,Eligible
431,Emily Martinez,Female,Married,4,Not Graduate,Yes,9300000,27500000,18,338,21500000,500000,34900000,6600000,Rejected,63500000,2.96,0.43,Very High,Poor,Medium Risk,Not Eligible
432,Barbara Q. Brown,Female,Single,1,Graduate,No,1100000,3500000,8,562,2300000,1200000,3200000,500000,Approved,7200000,3.18,0.49,Low,Fair,Medium Risk,Eligible
433,Kenneth Taylor,Male,Single,3,Not Graduate,No,5600000,18700000,2,769,8000000,8200000,17300000,4800000,Approved,38300000,3.34,0.49,High,Excellent,Low Risk,Eligible
434,Jennifer O. Lopez,Female,Married,0,Graduate,Yes,6300000,21500000,8,629,600000,3400000,22000000,5200000,Approved,31200000,3.41,0.69,High,Fair,Medium Risk,Eligible
435,Christopher U. Williams,Male,Married,3,Graduate,No,8800000,18100000,6,699,6400000,2100000,18500000,9400000,Approved,36400000,2.06,0.5,Very High,Good,Medium Risk,Eligible
436,Anthony Gonzalez,Male,Married,0,Not Graduate,No,8400000,20800000,20,590,5100000,8900000,32100000,10800000,Approved,56900000,2.48,0.37,Very High,Fair,Medium Risk,Eligible
437,Richard Williams,Male,Married,3,Graduate,Yes,1600000,5700000,4,707,3300000,2700000,6200000,2300000,Approved,14500000,3.56,0.39,Low,Good,Low Risk,Eligible
438,Donna B. Brown,Female,Single,3,Not Graduate,Yes,4500000,11400000,8,391,8500000,6800000,9900000,4500000,Rejected,29700000,2.53,0.38,Medium,Poor,Medium Risk,Not Eligible
439,Sarah V. Johnson,Female,Divorced,5,Not Graduate,No,6500000,18500000,4,891,13600000,3300000,23600000,7100000,Approved,47600000,2.85,0.39,High,Excellent,Low Risk,Eligible
440,Richard Hernandez,Male,Single,3,Graduate,Yes,9500000,20600000,2,731,13400000,3800000,20700000,9200000,Approved,47100000,2.17,0.44,Very High,Good,Low Risk,Eligible
441,Anthony Williams,Male,Married,3,Not Graduate,No,4700000,16700000,12,775,4000000,1700000,17300000,3500000,Approved,26500000,3.55,0.63,Medium,Excellent,Low Risk,Eligible
442,Emily Hernandez,Female,Married,5,Graduate,Yes,9600000,32400000,2,897,3500000,15400000,26800000,6200000,Approved,51900000,3.38,0.62,Very High,Excellent,Low Risk,Eligible
443,Paul Lopez,Male,Married,5,Graduate,No,8000000,26700000,20,794,8000000,14700000,29900000,7800000,Approved,60400000,3.34,0.44,Very High,Excellent,Low Risk,Eligible
444,Daniel T. Martin,Male,Single,2,Graduate,No,7700000,16700000,6,555,12900000,2900000,18100000,8500000,Approved,42400000,2.17,0.39,Very High,Fair,Medium Risk,Eligible
445,Mary O. Rodriguez,Female,Married,1,Not Graduate,Yes,3600000,10300000,12,536,6800000,500000,12200000,2700000,Rejected,22200000,2.86,0.46,Medium,Poor,Medium Risk,Not Eligible
446,Emily Gonzalez,Female,Married,2,Not Graduate,No,700000,1700000,10,839,100000,700000,2000000,900000,Approved,3700000,2.43,0.46,Low,Excellent,Low Risk,Eligible
447,Jennifer Martin,Female,Single,0,Graduate,Yes,1400000,5100000,6,890,4100000,1900000,5200000,1900000,Approved,13100000,3.64,0.39,Low,Excellent,Low Risk,Eligible
448,Michael Rodriguez,Male,Married,1,Graduate,Yes,8600000,27900000,20,415,12200000,14800000,27100000,7900000,Rejected,62000000,3.24,0.45,Very High,Poor,Medium Risk,Not Eligible
449,Anthony Hernandez,Male,Single,4,Graduate,No,4700000,15700000,4,868,3300000,2500000,13800000,4800000,Approved,24400000,3.34,0.64,Medium,Excellent,Low Risk,Eligible
450,Margaret D. Lopez,Female,Single,3,Graduate,Yes,2900000,5800000,12,353,8400000,2600000,10100000,3100000,Rejected,24200000,2.0,0.24,Medium,Poor,Medium Risk,Not Eligible
451,Mark Q. Anderson,Male,Married,4,Not Graduate,No,9000000,29000000,16,590,4600000,15600000,29200000,12300000,Approved,61700000,3.22,0.47,Very High,Fair,Medium Risk,Eligible
452,Michael T. Lopez,Male,Married,5,Graduate,Yes,500000,900000,18,618,1400000,600000,1200000,400000,Approved,3600000,1.8,0.25,Low,Fair,Medium Risk,Eligible
453,Betty Smith,Female,Single,2,Not Graduate,Yes,700000,1700000,10,539,1400000,1000000,1900000,900000,Rejected,5200000,2.43,0.33,Low,Poor,Medium Risk,Not Eligible
454,Andrew F. Davis,Male,Married,0,Graduate,No,6800000,27000000,4,429,17100000,7600000,21400000,9400000,Approved,55500000,3.97,0.49,High,Poor,Medium Risk,Not Eligible
455,David Rodriguez,Male,Married,2,Graduate,No,1800000,4700000,8,792,4500000,1200000,4100000,2200000,Approved,12000000,2.61,0.39,Low,Excellent,Low Risk,Eligible
456,Richard Wilson,Male,Single,0,Not Graduate,No,6000000,12400000,2,608,3000000,2100000,17900000,6800000,Approved,29800000,2.07,0.42,High,Fair,Medium Risk,Eligible
457,Matthew X. Rodriguez,Male,Married,4,Graduate,Yes,5400000,21500000,14,555,4300000,1500000,14300000,7500000,Approved,27600000,3.98,0.78,High,Fair,Medium Risk,Eligible
458,Donald Brown,Male,Single,5,Graduate,Yes,8400000,17500000,12,620,15300000,13600000,26000000,5800000,Approved,60700000,2.08,0.29,Very High,Fair,Medium Risk,Eligible
459,Lisa Martin,Female,Divorced,0,Graduate,No,7400000,20900000,6,635,15600000,14000000,21000000,7200000,Approved,57800000,2.82,0.36,High,Fair,Medium Risk,Eligible
460,Lisa U. Wilson,Female,Widowed,2,Graduate,No,3200000,12500000,10,457,6100000,2000000,8200000,4300000,Rejected,20600000,3.91,0.61,Medium,Poor,Medium Risk,Not Eligible
461,Christopher W. Hernandez,Male,Single,1,Graduate,Yes,5400000,21400000,8,350,2600000,1000000,19700000,6800000,Rejected,30100000,3.96,0.71,High,Poor,Medium Risk,Not Eligible
462,Barbara J. Gonzalez,Female,Married,5,Graduate,Yes,1000000,2500000,14,885,2200000,100000,2300000,1100000,Approved,5700000,2.5,0.44,Low,Excellent,Low Risk,Eligible
463,Donna Davis,Female,Single,0,Graduate,No,4400000,14700000,16,638,4000000,2700000,14400000,2700000,Approved,23800000,3.34,0.62,Medium,Fair,Medium Risk,Eligible
464,Nancy G. Brown,Female,Married,1,Graduate,Yes,3800000,10500000,12,710,1800000,6200000,12500000,2500000,Approved,23000000,2.76,0.46,Medium,Good,Low Risk,Eligible
465,Andrew O. Smith,Male,Divorced,3,Not Graduate,Yes,6100000,20900000,18,470,500000,8500000,18000000,7500000,Rejected,34500000,3.43,0.61,High,Poor,Medium Risk,Not Eligible
466,Donald C. Martinez,Male,Married,5,Not Graduate,Yes,5500000,17300000,16,874,1000000,2900000,13700000,7900000,Approved,25500000,3.15,0.68,High,Excellent,Low Risk,Eligible
467,Ashley H. Jones,Female,Single,5,Not Graduate,Yes,500000,1800000,18,411,1000000,500000,1300000,200000,Rejected,3000000,3.6,0.6,Low,Poor,Medium Risk,Not Eligible
468,Mark Gonzalez,Male,Widowed,0,Not Graduate,Yes,300000,1100000,2,482,200000,100000,1100000,400000,Approved,1800000,3.67,0.61,Low,Poor,Medium Risk,Not Eligible
469,Donna W. Gonzalez,Female,Married,1,Graduate,Yes,6200000,16900000,2,396,10600000,7500000,23700000,7600000,Rejected,49400000,2.73,0.34,High,Poor,Medium Risk,Not Eligible
470,Matthew C. Moore,Male,Single,0,Not Graduate,No,300000,900000,20,436,0,400000,600000,200000,Rejected,1200000,3.0,0.75,Low,Poor,Medium Risk,Not Eligible
471,Matthew B. Garcia,Male,Married,0,Not Graduate,Yes,6900000,22100000,20,303,13600000,4600000,22000000,6900000,Rejected,47100000,3.2,0.47,High,Poor,Medium Risk,Not Eligible
472,Lisa Wilson,Female,Single,4,Graduate,No,3700000,11400000,12,728,4200000,5800000,7300000,2300000,Approved,19600000,3.08,0.58,Medium,Good,Low Risk,Eligible
473,Paul W. Taylor,Male,Married,3,Not Graduate,Yes,8800000,28600000,10,775,5200000,5000000,32000000,9600000,Approved,51800000,3.25,0.55,Very High,Excellent,Low Risk,Eligible
474,Nancy Gonzalez,Female,Married,5,Graduate,Yes,8200000,23500000,12,402,15100000,1500000,24300000,5800000,Rejected,46700000,2.87,0.5,Very High,Poor,Medium Risk,Not Eligible
475,Matthew Smith,Male,Single,1,Not Graduate,Yes,9200000,31500000,18,698,5300000,6100000,20400000,8300000,Approved,40100000,3.42,0.79,Very High,Good,Medium Risk,Eligible
476,William Jones,Male,Single,0,Not Graduate,No,2400000,7800000,14,665,5200000,2900000,6200000,2900000,Approved,17200000,3.25,0.45,Low,Good,Medium Risk,Eligible
477,Paul Thomas,Male,Single,4,Not Graduate,No,4100000,13500000,18,490,4700000,6200000,13900000,2000000,Rejected,26800000,3.29,0.5,Medium,Poor,Medium Risk,Not Eligible
478,Lisa Williams,Female,Married,1,Graduate,No,8000000,31900000,12,504,23800000,1500000,22100000,6000000,Rejected,53400000,3.99,0.6,Very High,Poor,Medium Risk,Not Eligible
479,James V. Hernandez,Male,Married,3,Not Graduate,Yes,3600000,8600000,8,790,5400000,5900000,9800000,5200000,Approved,26300000,2.39,0.33,Medium,Excellent,Low Risk,Eligible
480,Paul K. Garcia,Male,Married,1,Not Graduate,Yes,700000,2700000,20,669,100000,1000000,2600000,500000,Approved,4200000,3.86,0.64,Low,Good,Medium Risk,Eligible
481,Jessica F. Gonzalez,Female,Married,4,Not Graduate,No,8300000,30700000,6,381,21700000,2300000,26700000,4600000,Rejected,55300000,3.7,0.56,Very High,Poor,Medium Risk,Not Eligible
482,Betty G. Smith,Female,Married,0,Graduate,Yes,5300000,15000000,2,900,1700000,2100000,21000000,5800000,Approved,30600000,2.83,0.49,High,Excellent,Low Risk,Eligible
483,Betty G. Smith,Female,Single,4,Graduate,No,8300000,24900000,16,506,15400000,5600000,26700000,7000000,Rejected,54700000,3.0,0.46,Very High,Poor,Medium Risk,Not Eligible
484,Joshua R. Brown,Male,Single,3,Not Graduate,Yes,2500000,8800000,12,538,4900000,1800000,9100000,3300000,Rejected,19100000,3.52,0.46,Low,Poor,Medium Risk,Not Eligible
485,Susan Anderson,Female,Married,3,Graduate,Yes,5400000,14400000,8,677,11000000,7900000,20800000,3100000,Approved,42800000,2.67,0.34,High,Good,Medium Risk,Eligible
486,Kimberley T. Hernandez,Female,Single,4,Graduate,No,1600000,4900000,8,685,3200000,2000000,3800000,1500000,Approved,10500000,3.06,0.47,Low,Good,Medium Risk,Eligible
487,Matthew T. Lopez,Male,Single,2,Not Graduate,No,2400000,6200000,12,860,4900000,3700000,9500000,1100000,Approved,19200000,2.58,0.32,Low,Excellent,Low Risk,Eligible
488,Michelle Jackson,Female,Single,5,Not Graduate,No,6300000,14800000,6,608,16100000,10500000,21800000,5400000,Approved,53800000,2.35,0.28,High,Fair,Medium Risk,Eligible
489,Thomas Martinez,Male,Single,4,Graduate,Yes,2500000,5300000,10,540,2300000,2800000,7100000,1700000,Rejected,13900000,2.12,0.38,Low,Poor,Medium Risk,Not Eligible
490,Paul Gonzalez,Male,Single,0,Graduate,Yes,7500000,16800000,16,492,21500000,4800000,25400000,11100000,Rejected,62800000,2.24,0.27,High,Poor,Medium Risk,Not Eligible
491,Sandra Garcia,Female,Married,3,Not Graduate,No,2900000,8500000,14,834,1200000,4500000,8800000,1800000,Approved,16300000,2.93,0.52,Medium,Excellent,Low Risk,Eligible
492,Andrew Garcia,Male,Single,3,Graduate,Yes,1000000,3500000,16,834,800000,1700000,3000000,700000,Approved,6200000,3.5,0.56,Low,Excellent,Low Risk,Eligible
493,Margaret Martin,Female,Single,2,Graduate,Yes,8600000,28800000,8,890,23300000,5900000,21200000,7200000,Approved,57600000,3.35,0.5,Very High,Excellent,Low Risk,Eligible
494,Steven Jones,Male,Single,1,Not Graduate,No,300000,1100000,12,443,600000,400000,1200000,200000,Rejected,2400000,3.67,0.46,Low,Poor,Medium Risk,Not Eligible
495,Sandra Thomas,Female,Married,5,Not Graduate,No,2300000,5700000,18,329,5600000,3300000,4900000,2700000,Rejected,16500000,2.48,0.35,Low,Poor,Medium Risk,Not Eligible
496,Barbara Z. Williams,Female,Married,2,Not Graduate,Yes,2400000,5400000,12,739,300000,2500000,5000000,3000000,Approved,10800000,2.25,0.5,Low,Good,Low Risk,Eligible
497,Patricia Rodriguez,Female,Single,5,Graduate,Yes,9800000,30300000,6,867,20800000,16000000,30200000,7600000,Approved,74600000,3.09,0.41,Very High,Excellent,Low Risk,Eligible
498,Donna D. Thomas,Female,Married,2,Not Graduate,No,8100000,24800000,6,307,200000,4000000,31100000,10500000,Rejected,45800000,3.06,0.54,Very High,Poor,Medium Risk,Not Eligible
499,Emily Y. Lopez,Female,Single,3,Graduate,No,6700000,15500000,18,492,2100000,2000000,26300000,9400000,Rejected,39800000,2.31,0.39,High,Poor,Medium Risk,Not Eligible
500,Emily D. Miller,Female,Married,1,Not Graduate,Yes,8400000,24700000,18,698,23000000,13200000,32700000,12200000,Approved,81100000,2.94,0.3,Very High,Good,Medium Risk,Eligible
501,Christopher Johnson,Male,Single,2,Graduate,No,200000,700000,8,851,400000,200000,800000,200000,Approved,1600000,3.5,0.44,Low,Excellent,Low Risk,Eligible
502,Donald H. Brown,Male,Single,2,Graduate,No,4700000,12500000,14,375,1300000,6300000,10100000,5400000,Rejected,23100000,2.66,0.54,Medium,Poor,Medium Risk,Not Eligible
503,Michelle Wilson,Female,Single,0,Graduate,Yes,4300000,14300000,14,601,3800000,900000,16700000,5700000,Approved,27100000,3.33,0.53,Medium,Fair,Medium Risk,Eligible
504,Joseph R. Johnson,Male,Single,4,Not Graduate,No,2200000,7000000,20,756,3600000,3900000,5700000,1200000,Approved,14400000,3.18,0.49,Low,Excellent,Low Risk,Eligible
505,Daniel Martinez,Male,Single,4,Graduate,Yes,8600000,19200000,4,868,20400000,1500000,32800000,9300000,Approved,64000000,2.23,0.3,Very High,Excellent,Low Risk,Eligible
506,David I. Wilson,Male,Divorced,4,Graduate,Yes,2000000,7200000,10,838,2500000,300000,7600000,1000000,Approved,11400000,3.6,0.63,Low,Excellent,Low Risk,Eligible
507,David Davis,Male,Single,4,Not Graduate,Yes,4200000,15900000,14,375,7200000,7900000,16200000,3000000,Rejected,34300000,3.79,0.46,Medium,Poor,Medium Risk,Not Eligible
508,Anthony Thomas,Male,Married,0,Not Graduate,Yes,5100000,12500000,18,778,3300000,1000000,14800000,3200000,Approved,22300000,2.45,0.56,High,Excellent,Low Risk,Eligible
509,Betty Anderson,Female,Married,2,Graduate,Yes,4100000,11200000,6,442,12200000,4100000,10000000,4500000,Rejected,30800000,2.73,0.36,Medium,Poor,Medium Risk,Not Eligible
510,Anthony W. Taylor,Male,Divorced,1,Graduate,Yes,9900000,39500000,12,808,11800000,3700000,30200000,13500000,Approved,59200000,3.99,0.67,Very High,Excellent,Low Risk,Eligible
511,Margaret Thomas,Female,Single,1,Not Graduate,Yes,3200000,9000000,20,372,2700000,2800000,7200000,3800000,Rejected,16500000,2.81,0.55,Medium,Poor,Medium Risk,Not Eligible
512,Donald Z. Lopez,Male,Married,2,Graduate,No,5500000,19000000,4,597,1100000,4000000,18700000,5300000,Approved,29100000,3.45,0.65,High,Fair,Medium Risk,Eligible
513,Mark Miller,Male,Single,0,Graduate,Yes,7800000,29100000,20,435,21100000,13000000,17300000,9700000,Rejected,61100000,3.73,0.48,Very High,Poor,Medium Risk,Not Eligible
514,Lisa S. Moore,Female,Divorced,3,Graduate,Yes,3400000,9700000,20,728,1500000,1500000,7300000,2400000,Approved,12700000,2.85,0.76,Medium,Good,Low Risk,Eligible
515,Patricia Johnson,Female,Married,4,Graduate,Yes,7900000,25900000,14,373,10900000,14300000,27700000,7600000,Rejected,60500000,3.28,0.43,Very High,Poor,Medium Risk,Not Eligible
516,Mary F. Brown,Female,Married,3,Graduate,Yes,8900000,18500000,10,367,6100000,0,32000000,10300000,Rejected,48400000,2.08,0.38,Very High,Poor,Medium Risk,Not Eligible
517,Mark E. Miller,Male,Divorced,2,Graduate,No,7300000,19100000,14,552,2000000,13400000,16800000,4000000,Approved,36200000,2.62,0.53,High,Fair,Medium Risk,Eligible
518,Barbara Rodriguez,Female,Single,4,Not Graduate,Yes,3300000,10600000,8,465,500000,4400000,7300000,2800000,Rejected,15000000,3.21,0.71,Medium,Poor,Medium Risk,Not Eligible
519,Matthew Garcia,Male,Married,4,Graduate,Yes,2900000,10500000,8,607,4400000,5500000,7600000,3800000,Approved,21300000,3.62,0.49,Medium,Fair,Medium Risk,Eligible
520,Mark A. Williams,Male,Single,2,Graduate,Yes,500000,1300000,4,427,1400000,500000,1800000,600000,Rejected,4300000,2.6,0.3,Low,Poor,Medium Risk,Not Eligible
521,David Jackson,Male,Married,3,Not Graduate,No,7200000,21200000,4,711,10800000,4200000,24900000,5700000,Approved,45600000,2.94,0.46,High,Good,Low Risk,Eligible
522,James N. Hernandez,Male,Married,3,Not Graduate,No,8300000,24100000,14,823,5900000,700000,24000000,7700000,Approved,38300000,2.9,0.63,Very High,Excellent,Low Risk,Eligible
523,Jennifer Davis,Female,Married,1,Not Graduate,Yes,8700000,20500000,6,523,19300000,6500000,23700000,4800000,Rejected,54300000,2.36,0.38,Very High,Poor,Medium Risk,Not Eligible
524,William Hernandez,Male,Single,4,Not Graduate,Yes,7100000,27900000,10,328,9000000,13400000,26500000,7700000,Rejected,56600000,3.93,0.49,High,Poor,Medium Risk,Not Eligible
525,Elizabeth Jones,Female,Married,3,Graduate,Yes,9800000,28200000,12,721,15800000,6500000,21900000,9600000,Approved,53800000,2.88,0.52,Very High,Good,Low Risk,Eligible
526,Donald U. Lopez,Male,Married,0,Graduate,Yes,6900000,17000000,20,599,18100000,9400000,26600000,4300000,Approved,58400000,2.46,0.29,High,Fair,Medium Risk,Eligible
527,Michelle C. Anderson,Female,Divorced,0,Not Graduate,No,2400000,5000000,14,580,5900000,4400000,5500000,3200000,Approved,19000000,2.08,0.26,Low,Fair,Medium Risk,Eligible
528,William L. Jackson,Male,Widowed,1,Not Graduate,Yes,2100000,4900000,10,744,200000,2000000,5400000,1000000,Approved,8600000,2.33,0.57,Low,Good,Low Risk,Eligible
529,Elizabeth Davis,Female,Single,2,Graduate,Yes,7200000,23900000,4,559,4200000,12200000,17800000,10800000,Approved,45000000,3.32,0.53,High,Fair,Medium Risk,Eligible
530,Mary Martinez,Female,Married,2,Graduate,No,4600000,13500000,16,587,7700000,5900000,10600000,5000000,Approved,29200000,2.93,0.46,Medium,Fair,Medium Risk,Eligible
531,Anthony Z. Martinez,Male,Divorced,5,Graduate,Yes,9900000,31800000,18,817,23400000,700000,32600000,11500000,Approved,68200000,3.21,0.47,Very High,Excellent,Low Risk,Eligible
532,Steven Gonzalez,Male,Married,4,Not Graduate,Yes,300000,1000000,20,655,0,100000,1100000,400000,Approved,1600000,3.33,0.62,Low,Good,Medium Risk,Eligible
533,Paul K. Smith,Male,Single,5,Graduate,Yes,6900000,23900000,6,382,17100000,6900000,21500000,8900000,Rejected,54400000,3.46,0.44,High,Poor,Medium Risk,Not Eligible
534,Nancy Y. Moore,Female,Married,2,Graduate,Yes,1700000,4300000,6,765,5000000,1500000,3400000,900000,Approved,10800000,2.53,0.4,Low,Excellent,Low Risk,Eligible
535,James Jackson,Male,Single,2,Graduate,Yes,4400000,10000000,20,516,7400000,7600000,12200000,5100000,Rejected,32300000,2.27,0.31,Medium,Poor,Medium Risk,Not Eligible
536,Robert U. Gonzalez,Male,Married,4,Not Graduate,Yes,4300000,15000000,8,383,4700000,100000,9000000,4900000,Rejected,18700000,3.49,0.8,Medium,Poor,Medium Risk,Not Eligible
537,Sandra Gonzalez,Female,Married,2,Not Graduate,No,3700000,14100000,6,633,800000,200000,11300000,3400000,Approved,15700000,3.81,0.9,Medium,Fair,Medium Risk,Eligible
538,Charles Williams,Male,Married,1,Graduate,No,5900000,15200000,2,547,17100000,2000000,14700000,3600000,Rejected,37400000,2.58,0.41,High,Poor,Medium Risk,Not Eligible
539,David Moore,Male,Married,5,Not Graduate,Yes,8600000,26300000,10,843,23300000,9800000,18100000,11300000,Approved,62500000,3.06,0.42,Very High,Excellent,Low Risk,Eligible
540,Christopher H. Wilson,Male,Single,3,Not Graduate,Yes,3400000,13200000,8,783,6500000,300000,13000000,4900000,Approved,24700000,3.88,0.53,Medium,Excellent,Low Risk,Eligible
541,Mark Brown,Male,Married,3,Not Graduate,Yes,1000000,3200000,14,790,1900000,100000,3600000,1100000,Approved,6700000,3.2,0.48,Low,Excellent,Low Risk,Eligible
542,Barbara Brown,Female,Single,1,Not Graduate,Yes,4400000,14200000,16,409,12700000,1300000,12600000,4500000,Rejected,31100000,3.23,0.46,Medium,Poor,Medium Risk,Not Eligible
543,Richard Q. Thomas,Male,Married,0,Not Graduate,No,3600000,7800000,14,376,9800000,6900000,11900000,3000000,Rejected,31600000,2.17,0.25,Medium,Poor,Medium Risk,Not Eligible
544,Barbara Lopez,Female,Married,3,Not Graduate,No,1400000,2700000,8,625,3100000,1800000,3400000,1000000,Approved,9300000,1.93,0.29,Low,Fair,Medium Risk,Eligible
545,Linda Smith,Female,Married,0,Not Graduate,No,5300000,10900000,18,707,12900000,2600000,12700000,7600000,Approved,35800000,2.06,0.3,High,Good,Low Risk,Eligible
546,Charles P. Jackson,Male,Married,3,Graduate,Yes,9400000,20500000,6,645,17400000,13000000,24500000,10200000,Approved,65100000,2.18,0.31,Very High,Fair,Medium Risk,Eligible
547,Patricia F. Thomas,Female,Single,4,Not Graduate,Yes,6600000,22100000,6,887,3600000,3500000,19800000,4700000,Approved,31600000,3.35,0.7,High,Excellent,Low Risk,Eligible
548,Linda D. Jackson,Female,Single,5,Graduate,No,9800000,37600000,18,319,19200000,5100000,19900000,5100000,Rejected,49300000,3.84,0.76,Very High,Poor,Medium Risk,Not Eligible
549,Robert Smith,Male,Married,1,Not Graduate,No,1900000,4900000,20,647,4100000,2100000,6800000,1700000,Approved,14700000,2.58,0.33,Low,Fair,Medium Risk,Eligible
550,Elizabeth B. Garcia,Female,Married,2,Not Graduate,Yes,5800000,22500000,6,888,11900000,2600000,17100000,4800000,Approved,36400000,3.88,0.62,High,Excellent,Low Risk,Eligible
551,Jessica Hernandez,Female,Divorced,2,Not Graduate,No,3100000,10400000,10,420,6900000,5900000,10000000,3500000,Rejected,26300000,3.35,0.4,Medium,Poor,Medium Risk,Not Eligible
552,Sarah D. Williams,Female,Married,0,Graduate,No,6800000,18400000,2,791,4000000,900000,20200000,9900000,Approved,35000000,2.71,0.53,High,Excellent,Low Risk,Eligible
553,Richard B. Davis,Male,Divorced,5,Not Graduate,No,4600000,16200000,12,891,5900000,1200000,10800000,3700000,Approved,21600000,3.52,0.75,Medium,Excellent,Low Risk,Eligible
554,Donald J. Martinez,Male,Single,2,Not Graduate,Yes,200000,700000,16,641,600000,200000,600000,100000,Approved,1500000,3.5,0.47,Low,Fair,Medium Risk,Eligible
555,Mary Lopez,Female,Married,3,Not Graduate,Yes,9500000,22800000,6,319,200000,18800000,34100000,9400000,Rejected,62500000,2.4,0.36,Very High,Poor,Medium Risk,Not Eligible
556,Michelle Davis,Female,Married,5,Not Graduate,Yes,6200000,22200000,20,819,13500000,6600000,21700000,8700000,Approved,50500000,3.58,0.44,High,Excellent,Low Risk,Eligible
557,Susan H. Moore,Female,Single,4,Not Graduate,Yes,9700000,32300000,18,387,11600000,14300000,20000000,5400000,Rejected,51300000,3.33,0.63,Very High,Poor,Medium Risk,Not Eligible
558,Mary U. Davis,Female,Married,5,Graduate,Yes,4200000,12300000,2,686,10500000,200000,15600000,4200000,Approved,30500000,2.93,0.4,Medium,Good,Medium Risk,Eligible
559,Daniel M. Smith,Male,Married,1,Graduate,Yes,5700000,12000000,4,415,15700000,900000,17300000,7400000,Rejected,41300000,2.11,0.29,High,Poor,Medium Risk,Not Eligible
560,Linda H. Miller,Female,Married,2,Graduate,Yes,200000,500000,6,885,0,0,300000,200000,Rejected,500000,2.5,1.0,Low,Excellent,Low Risk,Eligible
561,David Rodriguez,Male,Divorced,4,Graduate,No,8000000,25500000,4,722,17200000,13900000,26200000,4900000,Approved,62200000,3.19,0.41,Very High,Good,Low Risk,Eligible
562,Nancy C. Anderson,Female,Married,4,Graduate,No,5200000,20400000,20,761,4700000,1600000,14300000,6200000,Approved,26800000,3.92,0.76,High,Excellent,Low Risk,Eligible
563,Anthony B. Williams,Male,Married,1,Graduate,Yes,7100000,15200000,8,389,5900000,900000,24300000,5900000,Rejected,37000000,2.14,0.41,High,Poor,Medium Risk,Not Eligible
564,Thomas Martinez,Male,Single,1,Graduate,Yes,9300000,27900000,12,600,2100000,4200000,29000000,6600000,Approved,41900000,3.0,0.67,Very High,Fair,Medium Risk,Eligible
565,Lisa Hernandez,Female,Single,5,Graduate,No,2000000,6100000,2,407,1900000,1900000,4600000,2000000,Approved,10400000,3.05,0.59,Low,Poor,Medium Risk,Not Eligible
566,David Jackson,Male,Single,3,Graduate,Yes,3900000,14000000,18,829,5200000,4000000,11600000,2700000,Approved,23500000,3.59,0.6,Medium,Excellent,Low Risk,Eligible
567,Margaret Hernandez,Female,Married,2,Not Graduate,No,2800000,5900000,6,895,1000000,3900000,10900000,1500000,Approved,17300000,2.11,0.34,Medium,Excellent,Low Risk,Eligible
568,Donald Martinez,Male,Divorced,5,Graduate,Yes,3000000,11100000,12,441,8500000,2500000,7300000,2000000,Rejected,20300000,3.7,0.55,Medium,Poor,Medium Risk,Not Eligible
569,Richard W. Martinez,Male,Married,4,Not Graduate,No,4500000,9800000,16,895,9800000,8200000,13900000,5500000,Approved,37400000,2.18,0.26,Medium,Excellent,Low Risk,Eligible
570,Daniel Jones,Male,Single,4,Graduate,No,1900000,4300000,4,826,2400000,0,7000000,900000,Approved,10300000,2.26,0.42,Low,Excellent,Low Risk,Eligible
571,Betty Taylor,Female,Single,1,Graduate,No,2300000,7200000,8,453,3000000,2100000,8100000,3400000,Rejected,16600000,3.13,0.43,Low,Poor,Medium Risk,Not Eligible
572,James R. Gonzalez,Male,Married,0,Graduate,No,4700000,17500000,2,701,5400000,2300000,11700000,7000000,Approved,26400000,3.72,0.66,Medium,Good,Low Risk,Eligible
573,William Anderson,Male,Married,2,Not Graduate,Yes,1300000,2700000,8,627,100000,300000,2600000,1300000,Approved,4300000,2.08,0.63,Low,Fair,Medium Risk,Eligible
574,James H. Johnson,Male,Single,3,Graduate,No,3100000,11000000,2,543,5900000,2200000,9000000,2400000,Approved,19500000,3.55,0.56,Medium,Poor,Medium Risk,Not Eligible
575,Nancy I. Williams,Female,Divorced,0,Graduate,No,8400000,17500000,18,411,13200000,5300000,31300000,10400000,Rejected,60200000,2.08,0.29,Very High,Poor,Medium Risk,Not Eligible
576,James Williams,Male,Married,5,Graduate,Yes,1700000,5800000,4,583,2000000,1800000,6000000,2300000,Approved,12100000,3.41,0.48,Low,Fair,Medium Risk,Eligible
577,Michael Hernandez,Male,Divorced,2,Not Graduate,No,1900000,7500000,2,889,600000,1100000,7100000,2600000,Approved,11400000,3.95,0.66,Low,Excellent,Low Risk,Eligible
578,Richard Jackson,Male,Married,3,Not Graduate,No,2400000,8600000,8,684,3400000,2400000,6200000,1600000,Approved,13600000,3.58,0.63,Low,Good,Medium Risk,Eligible
579,Mary F. Gonzalez,Female,Single,5,Graduate,No,6800000,20500000,10,578,500000,11800000,27200000,3400000,Approved,42900000,3.01,0.48,High,Fair,Medium Risk,Eligible
580,Charles Rodriguez,Male,Single,1,Graduate,No,2900000,10900000,20,445,6600000,2800000,9300000,2600000,Rejected,21300000,3.76,0.51,Medium,Poor,Medium Risk,Not Eligible
581,Christopher Thomas,Male,Married,4,Graduate,Yes,8900000,26300000,10,369,23900000,7000000,27400000,12100000,Rejected,70400000,2.96,0.37,Very High,Poor,Medium Risk,Not Eligible
582,Michael Rodriguez,Male,Married,1,Not Graduate,No,8800000,22200000,18,794,8400000,11900000,21000000,10500000,Approved,51800000,2.52,0.43,Very High,Excellent,Low Risk,Eligible
583,Andrew Z. Smith,Male,Married,0,Graduate,Yes,8200000,19200000,16,492,16500000,9200000,20000000,7200000,Rejected,52900000,2.34,0.36,Very High,Poor,Medium Risk,Not Eligible
584,Emily Thomas,Female,Married,3,Not Graduate,Yes,3600000,13200000,16,557,9800000,4000000,9900000,2100000,Approved,25800000,3.67,0.51,Medium,Fair,Medium Risk,Eligible
585,Betty Rodriguez,Female,Single,4,Graduate,Yes,9500000,31800000,6,519,5900000,1300000,28400000,12200000,Rejected,47800000,3.35,0.67,Very High,Poor,Medium Risk,Not Eligible
586,James Rodriguez,Male,Widowed,0,Not Graduate,Yes,1900000,5700000,18,699,5500000,200000,6500000,2000000,Approved,14200000,3.0,0.4,Low,Good,Medium Risk,Eligible
587,Donna D. Davis,Female,Single,3,Not Graduate,Yes,9100000,24600000,2,741,8000000,4000000,35500000,13600000,Approved,61100000,2.7,0.4,Very High,Good,Low Risk,Eligible
588,Charles X. Moore,Male,Single,5,Graduate,No,1100000,3800000,18,508,200000,1800000,2300000,900000,Rejected,5200000,3.45,0.73,Low,Poor,Medium Risk,Not Eligible
589,Joshua Gonzalez,Male,Married,5,Not Graduate,Yes,1100000,2800000,10,647,2700000,2000000,4300000,1400000,Approved,10400000,2.55,0.27,Low,Fair,Medium Risk,Eligible
590,Richard Z. Davis,Male,Married,1,Graduate,No,9300000,28600000,14,656,17300000,9100000,27400000,12500000,Approved,66300000,3.08,0.43,Very High,Good,Medium Risk,Eligible
591,Donna L. Smith,Female,Divorced,4,Graduate,Yes,3900000,10600000,2,439,300000,7600000,14800000,2500000,Rejected,25200000,2.72,0.42,Medium,Poor,Medium Risk,Not Eligible
592,Joshua Z. Miller,Male,Divorced,5,Not Graduate,Yes,1500000,4000000,12,350,2900000,1900000,4400000,1200000,Rejected,10400000,2.67,0.38,Low,Poor,Medium Risk,Not Eligible
593,Emily Martinez,Female,Single,5,Graduate,No,800000,2200000,6,493,900000,500000,2800000,1000000,Rejected,5200000,2.75,0.42,Low,Poor,Medium Risk,Not Eligible
594,Thomas Martin,Male,Married,4,Graduate,No,600000,1800000,6,851,100000,1100000,2100000,800000,Approved,4100000,3.0,0.44,Low,Excellent,Low Risk,Eligible
595,Daniel Martin,Male,Single,2,Graduate,No,4400000,12500000,18,492,7900000,1200000,10100000,2700000,Rejected,21900000,2.84,0.57,Medium,Poor,Medium Risk,Not Eligible
596,Daniel Johnson,Male,Married,4,Graduate,Yes,2700000,5400000,6,861,6300000,2400000,6700000,2700000,Approved,18100000,2.0,0.3,Medium,Excellent,Low Risk,Eligible
597,William C. Taylor,Male,Single,3,Not Graduate,Yes,6200000,14600000,2,664,18300000,8400000,16800000,6600000,Approved,50100000,2.35,0.29,High,Good,Medium Risk,Eligible
598,Donna Brown,Female,Single,5,Graduate,Yes,700000,1300000,16,362,2100000,1300000,2000000,1000000,Rejected,6400000,1.86,0.2,Low,Poor,Medium Risk,Not Eligible
599,Mark F. Thomas,Male,Married,0,Graduate,No,3400000,9400000,6,703,600000,6000000,8600000,2600000,Approved,17800000,2.76,0.53,Medium,Good,Low Risk,Eligible
600,Jessica M. Jackson,Female,Single,1,Not Graduate,Yes,4900000,16800000,12,758,1700000,2700000,11100000,5900000,Approved,21400000,3.43,0.79,Medium,Excellent,Low Risk,Eligible
601,Elizabeth W. Garcia,Female,Divorced,3,Not Graduate,Yes,4200000,9700000,2,396,700000,8200000,8600000,4300000,Rejected,21800000,2.31,0.44,Medium,Poor,Medium Risk,Not Eligible
602,Donna Johnson,Female,Single,0,Graduate,Yes,5300000,10600000,2,828,8100000,6700000,17400000,5800000,Approved,38000000,2.0,0.28,High,Excellent,Low Risk,Eligible
603,Joshua E. Brown,Male,Single,5,Graduate,Yes,3700000,10000000,20,709,8000000,800000,12000000,2200000,Approved,23000000,2.7,0.43,Medium,Good,Low Risk,Eligible
604,Thomas F. Lopez,Male,Married,4,Not Graduate,Yes,5600000,17500000,10,528,14200000,2300000,12100000,7200000,Rejected,35800000,3.12,0.49,High,Poor,Medium Risk,Not Eligible
605,Daniel Anderson,Male,Single,2,Graduate,Yes,4300000,16000000,14,623,9800000,6700000,17000000,4500000,Approved,38000000,3.72,0.42,Medium,Fair,Medium Risk,Eligible
606,Matthew X. Rodriguez,Male,Single,4,Not Graduate,Yes,7100000,24500000,14,599,9100000,7000000,20400000,6800000,Approved,43300000,3.45,0.57,High,Fair,Medium Risk,Eligible
607,Margaret N. Wilson,Female,Married,4,Graduate,Yes,5400000,12700000,4,622,11000000,3300000,15100000,6500000,Approved,35900000,2.35,0.35,High,Fair,Medium Risk,Eligible
608,Nancy Moore,Female,Married,0,Not Graduate,No,6000000,13100000,6,385,16600000,7600000,22000000,7400000,Rejected,53600000,2.18,0.24,High,Poor,Medium Risk,Not Eligible
609,Richard Anderson,Male,Married,4,Graduate,Yes,4100000,12500000,2,579,10900000,7200000,12200000,2000000,Approved,32300000,3.05,0.39,Medium,Fair,Medium Risk,Eligible
610,Mary Hernandez,Female,Single,4,Not Graduate,No,8300000,17900000,20,846,12700000,1300000,26800000,12200000,Approved,53000000,2.16,0.34,Very High,Excellent,Low Risk,Eligible
611,Barbara Gonzalez,Female,Single,3,Graduate,No,8100000,23900000,10,449,7100000,6100000,28300000,8900000,Rejected,50400000,2.95,0.47,Very High,Poor,Medium Risk,Not Eligible
612,Daniel P. Martin,Male,Married,1,Not Graduate,No,7200000,24900000,14,666,3600000,11600000,16600000,5800000,Approved,37600000,3.46,0.66,High,Good,Medium Risk,Eligible
613,Barbara F. Martin,Female,Single,5,Graduate,No,7200000,17500000,4,380,2300000,400000,17500000,6200000,Rejected,26400000,2.43,0.66,High,Poor,Medium Risk,Not Eligible
614,Susan Miller,Female,Married,2,Graduate,Yes,3500000,8100000,4,589,3800000,6700000,12500000,2700000,Approved,25700000,2.31,0.32,Medium,Fair,Medium Risk,Eligible
615,Karen Martinez,Female,Single,1,Graduate,No,6200000,19500000,12,845,9100000,2900000,15300000,4000000,Approved,31300000,3.15,0.62,High,Excellent,Low Risk,Eligible
616,Elizabeth Johnson,Female,Married,3,Not Graduate,No,5200000,17300000,10,401,2600000,1400000,12700000,6400000,Rejected,23100000,3.33,0.75,High,Poor,Medium Risk,Not Eligible
617,Michelle Thomas,Female,Single,0,Not Graduate,No,4500000,14500000,2,766,6100000,8400000,17200000,6600000,Approved,38300000,3.22,0.38,Medium,Excellent,Low Risk,Eligible
618,Christopher Williams,Male,Single,5,Not Graduate,No,5400000,15100000,12,522,5200000,4700000,13900000,5700000,Rejected,29500000,2.8,0.51,High,Poor,Medium Risk,Not Eligible
619,Ashley I. Thomas,Female,Single,3,Not Graduate,Yes,2000000,6900000,6,834,2200000,2800000,6400000,3000000,Approved,14400000,3.45,0.48,Low,Excellent,Low Risk,Eligible
620,Barbara L. Lopez,Female,Single,3,Graduate,No,8900000,25400000,8,588,19400000,12100000,18800000,4500000,Approved,54800000,2.85,0.46,Very High,Fair,Medium Risk,Eligible
621,Charles Anderson,Male,Single,2,Graduate,No,5000000,10600000,4,570,11900000,900000,14800000,7100000,Approved,34700000,2.12,0.31,Medium,Fair,Medium Risk,Eligible
622,Donna Johnson,Female,Married,2,Graduate,No,4900000,17600000,6,860,13600000,7500000,12700000,5600000,Approved,39400000,3.59,0.45,Medium,Excellent,Low Risk,Eligible
623,Michael N. Lopez,Male,Widowed,4,Graduate,Yes,5300000,19200000,4,655,14200000,6900000,17800000,3900000,Approved,42800000,3.62,0.45,High,Good,Medium Risk,Eligible
624,Andrew Q. Johnson,Male,Married,3,Not Graduate,Yes,8500000,27700000,4,457,3600000,400000,18900000,5200000,Approved,28100000,3.26,0.99,Very High,Poor,Medium Risk,Not Eligible
625,Donna Davis,Female,Single,5,Graduate,Yes,700000,2100000,14,863,100000,1200000,2700000,600000,Approved,4600000,3.0,0.46,Low,Excellent,Low Risk,Eligible
626,Paul Z. Jackson,Male,Married,3,Not Graduate,Yes,5900000,18900000,4,742,10800000,4500000,23200000,8000000,Approved,46500000,3.2,0.41,High,Good,Low Risk,Eligible
627,William Anderson,Male,Widowed,3,Graduate,No,3500000,13300000,4,798,7400000,5300000,12100000,3600000,Approved,28400000,3.8,0.47,Medium,Excellent,Low Risk,Eligible
628,Joseph Jones,Male,Single,5,Not Graduate,Yes,7700000,18900000,16,552,15600000,6100000,23900000,6600000,Approved,52200000,2.45,0.36,Very High,Fair,Medium Risk,Eligible
629,Susan I. Jones,Female,Single,2,Not Graduate,Yes,4500000,12500000,12,418,400000,4300000,12400000,4300000,Rejected,21400000,2.78,0.58,Medium,Poor,Medium Risk,Not Eligible
630,Michael R. Gonzalez,Male,Single,0,Graduate,No,9100000,22200000,6,419,7400000,600000,18200000,9800000,Rejected,36000000,2.44,0.62,Very High,Poor,Medium Risk,Not Eligible
631,Kimberley A. Anderson,Female,Married,1,Not Graduate,Yes,9000000,29900000,2,668,22100000,7200000,24400000,4700000,Approved,58400000,3.32,0.51,Very High,Good,Medium Risk,Eligible
632,Linda Wilson,Female,Married,2,Not Graduate,No,8900000,29200000,8,608,10800000,5200000,33500000,11700000,Approved,61200000,3.28,0.48,Very High,Fair,Medium Risk,Eligible
633,William Z. Jackson,Male,Single,5,Not Graduate,No,6500000,13800000,10,342,15300000,2300000,14400000,7300000,Rejected,39300000,2.12,0.35,High,Poor,Medium Risk,Not Eligible
634,Sandra Rodriguez,Female,Married,4,Not Graduate,Yes,8100000,18000000,8,817,1400000,7800000,16900000,10800000,Approved,36900000,2.22,0.49,Very High,Excellent,Low Risk,Eligible
635,Patricia Garcia,Female,Single,1,Not Graduate,No,8400000,29900000,16,476,16100000,2400000,32700000,7500000,Rejected,58700000,3.56,0.51,Very High,Poor,Medium Risk,Not Eligible
636,Patricia K. Gonzalez,Female,Married,0,Not Graduate,No,5300000,20000000,6,881,15900000,3700000,19500000,4000000,Approved,43100000,3.77,0.46,High,Excellent,Low Risk,Eligible
637,Steven A. Rodriguez,Male,Single,2,Graduate,No,4100000,15600000,12,838,5500000,4800000,15100000,2700000,Approved,28100000,3.8,0.56,Medium,Excellent,Low Risk,Eligible
638,Karen W. Rodriguez,Female,Married,3,Not Graduate,No,6900000,27400000,4,406,10200000,6500000,23900000,5300000,Approved,45900000,3.97,0.6,High,Poor,Medium Risk,Not Eligible
639,David O. Martinez,Male,Married,1,Graduate,Yes,5200000,19500000,12,778,5200000,4300000,19900000,5800000,Approved,35200000,3.75,0.55,High,Excellent,Low Risk,Eligible
640,Sarah C. Wilson,Female,Single,5,Not Graduate,Yes,2000000,7400000,14,799,3600000,3700000,4300000,1100000,Approved,12700000,3.7,0.58,Low,Excellent,Low Risk,Eligible
641,Mark L. Thomas,Male,Married,3,Graduate,No,4600000,17800000,20,716,12600000,2600000,10800000,4500000,Approved,30500000,3.87,0.58,Medium,Good,Low Risk,Eligible
642,Michael M. Martinez,Male,Single,0,Graduate,Yes,7100000,20100000,16,756,8000000,5000000,17600000,5400000,Approved,36000000,2.83,0.56,High,Excellent,Low Risk,Eligible
643,Richard G. Miller,Male,Married,0,Not Graduate,No,9300000,20100000,10,743,4800000,1800000,21900000,13600000,Approved,42100000,2.16,0.48,Very High,Good,Low Risk,Eligible
644,Robert Anderson,Male,Single,3,Not Graduate,No,5400000,19400000,20,731,13800000,3200000,20000000,4300000,Approved,41300000,3.59,0.47,High,Good,Low Risk,Eligible
645,Charles Q. Lopez,Male,Single,3,Not Graduate,No,4100000,8500000,2,833,12000000,0,16200000,3400000,Approved,31600000,2.07,0.27,Medium,Excellent,Low Risk,Eligible
646,James Davis,Male,Married,4,Not Graduate,No,4900000,11400000,8,470,12000000,7500000,14700000,4800000,Rejected,39000000,2.33,0.29,Medium,Poor,Medium Risk,Not Eligible
647,Steven L. Jackson,Male,Single,5,Graduate,Yes,5400000,21200000,20,734,7300000,1800000,11500000,7500000,Approved,28100000,3.93,0.75,High,Good,Low Risk,Eligible
648,Jennifer Martinez,Female,Single,0,Graduate,No,3000000,9600000,12,620,7900000,0,8600000,3600000,Approved,20100000,3.2,0.48,Medium,Fair,Medium Risk,Eligible
649,Thomas I. Davis,Male,Married,0,Not Graduate,Yes,6800000,14400000,8,812,15200000,4500000,21100000,6400000,Approved,47200000,2.12,0.31,High,Excellent,Low Risk,Eligible
650,James U. Thomas,Male,Single,4,Graduate,Yes,5100000,14000000,12,459,9800000,0,10400000,6800000,Rejected,27000000,2.75,0.52,High,Poor,Medium Risk,Not Eligible
651,Thomas J. Rodriguez,Male,Married,0,Graduate,Yes,9800000,32600000,10,704,7000000,12100000,30000000,4900000,Approved,54000000,3.33,0.6,Very High,Good,Low Risk,Eligible
652,Sandra O. Gonzalez,Female,Single,1,Graduate,Yes,1600000,4100000,6,391,4300000,1400000,5700000,700000,Rejected,12100000,2.56,0.34,Low,Poor,Medium Risk,Not Eligible
653,Karen M. Taylor,Female,Married,4,Graduate,No,8000000,29100000,4,421,3100000,12000000,27000000,8800000,Approved,50900000,3.64,0.57,Very High,Poor,Medium Risk,Not Eligible
654,Paul T. Lopez,Male,Married,5,Graduate,No,2900000,6700000,14,796,3800000,3700000,9700000,4200000,Approved,21400000,2.31,0.31,Medium,Excellent,Low Risk,Eligible
655,Linda Thomas,Female,Widowed,4,Graduate,No,9200000,30300000,10,607,24000000,16600000,29600000,8900000,Approved,79100000,3.29,0.38,Very High,Fair,Medium Risk,Eligible
656,Sarah U. Rodriguez,Female,Single,3,Not Graduate,No,9500000,20400000,14,376,2300000,6600000,25900000,8400000,Rejected,43200000,2.15,0.47,Very High,Poor,Medium Risk,Not Eligible
657,Paul Z. Davis,Male,Divorced,0,Graduate,Yes,3700000,8500000,8,424,1900000,5600000,14800000,4100000,Rejected,26400000,2.3,0.32,Medium,Poor,Medium Risk,Not Eligible
658,Lisa U. Jones,Female,Married,5,Graduate,Yes,7100000,20800000,6,442,2900000,7100000,28200000,7100000,Rejected,45300000,2.93,0.46,High,Poor,Medium Risk,Not Eligible
659,Sarah Wilson,Female,Married,5,Not Graduate,No,5600000,17600000,14,448,6700000,3500000,18900000,6800000,Rejected,35900000,3.14,0.49,High,Poor,Medium Risk,Not Eligible
660,Daniel U. Davis,Male,Married,0,Graduate,Yes,1200000,2700000,2,638,1500000,500000,2700000,1500000,Approved,6200000,2.25,0.44,Low,Fair,Medium Risk,Eligible
661,Kimberley V. Martinez,Female,Divorced,3,Not Graduate,No,1600000,5600000,6,710,3100000,800000,6000000,1600000,Approved,11500000,3.5,0.49,Low,Good,Low Risk,Eligible
662,Christopher Brown,Male,Married,4,Not Graduate,Yes,1600000,4800000,20,641,4200000,1000000,4100000,1400000,Approved,10700000,3.0,0.45,Low,Fair,Medium Risk,Eligible
663,Daniel Williams,Male,Single,2,Not Graduate,No,5300000,20200000,10,348,9200000,9500000,17300000,6100000,Rejected,42100000,3.81,0.48,High,Poor,Medium Risk,Not Eligible
664,Sandra Hernandez,Female,Married,5,Not Graduate,No,9100000,19900000,20,519,9300000,16400000,28900000,10500000,Rejected,65100000,2.19,0.31,Very High,Poor,Medium Risk,Not Eligible
665,Linda Thomas,Female,Married,4,Not Graduate,Yes,9400000,35000000,10,517,10700000,15100000,27500000,6700000,Rejected,60000000,3.72,0.58,Very High,Poor,Medium Risk,Not Eligible
666,Steven V. Miller,Male,Single,3,Not Graduate,No,5900000,22400000,6,375,6500000,10500000,18100000,4800000,Rejected,39900000,3.8,0.56,High,Poor,Medium Risk,Not Eligible
667,Sandra E. Johnson,Female,Single,2,Graduate,Yes,1100000,3400000,10,426,300000,800000,3900000,1400000,Rejected,6400000,3.09,0.53,Low,Poor,Medium Risk,Not Eligible
668,Daniel O. Wilson,Male,Single,4,Graduate,Yes,3100000,11500000,14,785,3200000,3100000,9100000,4200000,Approved,19600000,3.71,0.59,Medium,Excellent,Low Risk,Eligible
669,Michael Thomas,Male,Widowed,4,Not Graduate,No,2200000,8600000,20,373,4100000,1300000,5900000,1400000,Rejected,12700000,3.91,0.68,Low,Poor,Medium Risk,Not Eligible
670,Patricia Smith,Female,Single,1,Graduate,No,6000000,20100000,6,476,13900000,10000000,15200000,5500000,Rejected,44600000,3.35,0.45,High,Poor,Medium Risk,Not Eligible
671,Joshua Garcia,Male,Married,1,Graduate,Yes,2000000,5600000,18,320,2400000,2300000,4600000,2100000,Rejected,11400000,2.8,0.49,Low,Poor,Medium Risk,Not Eligible
672,David Martin,Male,Married,4,Graduate,No,7200000,22900000,18,657,14600000,400000,17400000,8800000,Approved,41200000,3.18,0.56,High,Good,Medium Risk,Eligible
673,Ashley Gonzalez,Female,Married,1,Not Graduate,Yes,500000,1900000,12,868,200000,500000,1800000,300000,Approved,2800000,3.8,0.68,Low,Excellent,Low Risk,Eligible
674,Mary Q. Hernandez,Female,Single,1,Not Graduate,Yes,5800000,13900000,6,345,4000000,9300000,20900000,5500000,Rejected,39700000,2.4,0.35,High,Poor,Medium Risk,Not Eligible
675,Thomas L. Davis,Male,Single,0,Not Graduate,No,200000,300000,6,472,400000,100000,700000,0,Rejected,1200000,1.5,0.25,Low,Poor,Medium Risk,Not Eligible
676,Anthony F. Taylor,Male,Single,4,Not Graduate,Yes,4600000,9500000,20,613,5200000,5900000,13700000,3000000,Approved,27800000,2.07,0.34,Medium,Fair,Medium Risk,Eligible
677,Christopher Martinez,Male,Married,5,Not Graduate,Yes,4600000,12800000,14,769,13100000,8600000,12100000,3500000,Approved,37300000,2.78,0.34,Medium,Excellent,Low Risk,Eligible
678,Sandra Jones,Female,Divorced,1,Graduate,No,6500000,23100000,20,741,11400000,8500000,25700000,7900000,Approved,53500000,3.55,0.43,High,Good,Low Risk,Eligible
679,Susan Z. Garcia,Female,Married,4,Not Graduate,Yes,4400000,16600000,14,889,800000,1400000,14900000,5900000,Approved,23000000,3.77,0.72,Medium,Excellent,Low Risk,Eligible
680,Thomas Jones,Male,Single,0,Not Graduate,Yes,900000,3600000,10,683,1400000,700000,3500000,400000,Approved,6000000,4.0,0.6,Low,Good,Medium Risk,Eligible
681,William Z. Lopez,Male,Single,0,Not Graduate,Yes,3200000,7400000,18,780,4200000,2600000,9000000,2800000,Approved,18600000,2.31,0.4,Medium,Excellent,Low Risk,Eligible
682,Emily Martin,Female,Widowed,3,Graduate,No,600000,1100000,8,538,500000,800000,1400000,300000,Rejected,3000000,1.83,0.37,Low,Poor,Medium Risk,Not Eligible
683,James N. Johnson,Male,Married,1,Not Graduate,No,5200000,12600000,10,721,1100000,8700000,13900000,3600000,Approved,27300000,2.42,0.46,High,Good,Low Risk,Eligible
684,Andrew Rodriguez,Male,Single,3,Not Graduate,Yes,6400000,15200000,14,467,15500000,9100000,18400000,3200000,Rejected,46200000,2.38,0.33,High,Poor,Medium Risk,Not Eligible
685,Christopher V. Wilson,Male,Married,2,Not Graduate,No,1000000,2500000,6,551,1700000,200000,3700000,900000,Approved,6500000,2.5,0.38,Low,Fair,Medium Risk,Eligible
686,Mark T. Brown,Male,Single,2,Not Graduate,No,6800000,14800000,14,803,11300000,3300000,19600000,6600000,Approved,40800000,2.18,0.36,High,Excellent,Low Risk,Eligible
687,William Thomas,Male,Single,0,Graduate,No,3000000,8400000,10,361,7700000,200000,7300000,1800000,Rejected,17000000,2.8,0.49,Medium,Poor,Medium Risk,Not Eligible
688,Kimberley Miller,Female,Married,1,Not Graduate,Yes,8700000,30700000,6,708,20600000,4500000,27600000,9300000,Approved,62000000,3.53,0.5,Very High,Good,Low Risk,Eligible
689,Robert Moore,Male,Single,4,Graduate,Yes,8800000,20900000,18,766,13500000,15400000,34500000,13100000,Approved,76500000,2.38,0.27,Very High,Excellent,Low Risk,Eligible
690,Lisa Davis,Female,Married,1,Not Graduate,Yes,3900000,11500000,2,464,9300000,5700000,12400000,5100000,Rejected,32500000,2.95,0.35,Medium,Poor,Medium Risk,Not Eligible
691,Joshua Thomas,Male,Single,5,Graduate,No,1700000,4300000,2,517,100000,200000,6200000,1600000,Rejected,8100000,2.53,0.53,Low,Poor,Medium Risk,Not Eligible
692,William O. Rodriguez,Male,Widowed,3,Not Graduate,Yes,900000,2300000,6,747,1200000,200000,2900000,600000,Approved,4900000,2.56,0.47,Low,Good,Low Risk,Eligible
693,Sarah Anderson,Female,Married,1,Not Graduate,No,7200000,24700000,6,596,8800000,1400000,21700000,5800000,Approved,37700000,3.43,0.66,High,Fair,Medium Risk,Eligible
694,Christopher K. Lopez,Male,Married,0,Graduate,No,9200000,25400000,2,783,25400000,2000000,19600000,12400000,Approved,59400000,2.76,0.43,Very High,Excellent,Low Risk,Eligible
695,William Johnson,Male,Single,3,Not Graduate,No,5700000,19400000,2,335,7400000,10600000,20600000,7100000,Approved,45700000,3.4,0.42,High,Poor,Medium Risk,Not Eligible
696,Daniel T. Lopez,Male,Single,5,Not Graduate,Yes,1100000,2700000,4,889,1900000,1000000,2200000,500000,Approved,5600000,2.45,0.48,Low,Excellent,Low Risk,Eligible
697,Matthew Hernandez,Male,Married,2,Not Graduate,Yes,1100000,2200000,4,874,1900000,1300000,2100000,900000,Approved,6200000,2.0,0.35,Low,Excellent,Low Risk,Eligible
698,Sarah P. Gonzalez,Female,Married,0,Graduate,Yes,6000000,23900000,4,394,6700000,5800000,21900000,4500000,Approved,38900000,3.98,0.61,High,Poor,Medium Risk,Not Eligible
699,William B. Jones,Male,Widowed,2,Graduate,Yes,8100000,28500000,20,420,1500000,1400000,31800000,10000000,Rejected,44700000,3.52,0.64,Very High,Poor,Medium Risk,Not Eligible
700,William P. Wilson,Male,Married,2,Not Graduate,Yes,6500000,25100000,20,848,11500000,8600000,17400000,4400000,Approved,41900000,3.86,0.6,High,Excellent,Low Risk,Eligible
701,Barbara Martin,Female,Single,0,Graduate,Yes,7600000,17900000,16,788,1700000,7800000,27100000,5900000,Approved,42500000,2.36,0.42,Very High,Excellent,Low Risk,Eligible
702,David D. Thomas,Male,Divorced,1,Graduate,No,2200000,4900000,8,509,3800000,0,5400000,2900000,Rejected,12100000,2.23,0.4,Low,Poor,Medium Risk,Not Eligible
703,Patricia Williams,Female,Single,4,Graduate,Yes,6300000,23900000,6,899,0,11400000,20600000,6700000,Approved,38700000,3.79,0.62,High,Excellent,Low Risk,Eligible
704,Daniel W. Taylor,Male,Married,4,Not Graduate,Yes,6700000,15800000,12,466,7500000,4600000,19900000,6600000,Rejected,38600000,2.36,0.41,High,Poor,Medium Risk,Not Eligible
705,Jessica Thomas,Female,Married,5,Graduate,Yes,1300000,4300000,2,595,1300000,500000,2900000,1500000,Approved,6200000,3.31,0.69,Low,Fair,Medium Risk,Eligible
706,Elizabeth T. Moore,Female,Single,1,Not Graduate,No,2800000,6700000,12,322,1900000,2000000,8600000,2100000,Rejected,14600000,2.39,0.46,Medium,Poor,Medium Risk,Not Eligible
707,Paul F. Thomas,Male,Single,3,Graduate,No,7000000,18900000,2,691,6300000,7400000,15200000,3900000,Approved,32800000,2.7,0.58,High,Good,Medium Risk,Eligible
708,Lisa Davis,Female,Single,3,Not Graduate,Yes,8800000,26700000,10,379,10100000,15500000,27000000,9700000,Rejected,62300000,3.03,0.43,Very High,Poor,Medium Risk,Not Eligible
709,Andrew Gonzalez,Male,Single,0,Graduate,No,8900000,25800000,18,531,12400000,3400000,22900000,5400000,Rejected,44100000,2.9,0.59,Very High,Poor,Medium Risk,Not Eligible
710,Margaret Jackson,Female,Divorced,5,Not Graduate,No,7000000,21800000,4,631,8100000,7100000,14600000,10000000,Approved,39800000,3.11,0.55,High,Fair,Medium Risk,Eligible
711,Lisa X. Brown,Female,Married,0,Graduate,Yes,6900000,18600000,10,330,19600000,9400000,16400000,4500000,Rejected,49900000,2.7,0.37,High,Poor,Medium Risk,Not Eligible
712,Anthony Wilson,Male,Married,5,Graduate,No,9200000,29200000,16,383,17700000,13300000,30400000,5700000,Rejected,67100000,3.17,0.44,Very High,Poor,Medium Risk,Not Eligible
713,Kenneth Q. Martin,Male,Married,0,Graduate,Yes,6100000,19700000,16,678,13700000,2300000,19300000,5500000,Approved,40800000,3.23,0.48,High,Good,Medium Risk,Eligible
714,Lisa H. Lopez,Female,Married,1,Graduate,Yes,4400000,14700000,8,894,11400000,6300000,9400000,2400000,Approved,29500000,3.34,0.5,Medium,Excellent,Low Risk,Eligible
715,Emily W. Martin,Female,Married,4,Not Graduate,No,9900000,22700000,12,567,28300000,9900000,29700000,5400000,Approved,73300000,2.29,0.31,Very High,Fair,Medium Risk,Eligible
716,Linda H. Brown,Female,Single,5,Not Graduate,No,3900000,14000000,4,708,700000,1800000,15600000,5200000,Approved,23300000,3.59,0.6,Medium,Good,Low Risk,Eligible
717,Karen W. Moore,Female,Single,3,Graduate,No,6800000,21200000,2,433,10700000,1900000,23200000,6300000,Approved,42100000,3.12,0.5,High,Poor,Medium Risk,Not Eligible
718,Steven X. Jones,Male,Married,4,Not Graduate,No,3600000,8700000,14,302,6400000,3700000,7800000,4100000,Rejected,22000000,2.42,0.4,Medium,Poor,Medium Risk,Not Eligible
719,Charles Martin,Male,Single,4,Graduate,No,700000,2600000,14,736,2100000,600000,1900000,400000,Approved,5000000,3.71,0.52,Low,Good,Low Risk,Eligible
720,Susan G. Anderson,Female,Married,2,Not Graduate,Yes,4000000,8500000,6,323,11200000,1000000,14300000,4100000,Rejected,30600000,2.12,0.28,Medium,Poor,Medium Risk,Not Eligible
721,Mark V. Johnson,Male,Married,4,Graduate,No,1800000,4100000,12,670,1900000,2900000,4700000,2200000,Approved,11700000,2.28,0.35,Low,Good,Medium Risk,Eligible
722,Margaret E. Jackson,Female,Widowed,3,Not Graduate,No,5600000,21000000,12,609,8800000,11000000,15800000,4900000,Approved,40500000,3.75,0.52,High,Fair,Medium Risk,Eligible
723,Paul N. Johnson,Male,Married,4,Not Graduate,No,6800000,24200000,18,349,18800000,0,15800000,9400000,Rejected,44000000,3.56,0.55,High,Poor,Medium Risk,Not Eligible
724,Kimberley F. Garcia,Female,Married,5,Not Graduate,Yes,600000,1500000,2,319,100000,1100000,2100000,600000,Rejected,3900000,2.5,0.38,Low,Poor,Medium Risk,Not Eligible
725,William T. Gonzalez,Male,Divorced,1,Not Graduate,No,4200000,16200000,14,391,5800000,2100000,14100000,2600000,Rejected,24600000,3.86,0.66,Medium,Poor,Medium Risk,Not Eligible
726,Sandra Y. Martin,Female,Single,4,Not Graduate,No,5000000,18700000,10,755,3600000,600000,13000000,2600000,Approved,19800000,3.74,0.94,Medium,Excellent,Low Risk,Eligible
727,Lisa Martinez,Female,Single,1,Not Graduate,No,4100000,12200000,6,354,7300000,5600000,16300000,3500000,Rejected,32700000,2.98,0.37,Medium,Poor,Medium Risk,Not Eligible
728,Michelle Taylor,Female,Married,3,Not Graduate,Yes,2200000,8800000,2,877,5000000,1300000,6400000,3100000,Approved,15800000,4.0,0.56,Low,Excellent,Low Risk,Eligible
729,Emily Miller,Female,Married,1,Not Graduate,No,3400000,8600000,16,312,6400000,6100000,8400000,3000000,Rejected,23900000,2.53,0.36,Medium,Poor,Medium Risk,Not Eligible
730,Nancy U. Jones,Female,Widowed,0,Graduate,No,7100000,15900000,14,746,9500000,3900000,23500000,8000000,Approved,44900000,2.24,0.35,High,Good,Low Risk,Eligible
731,Paul K. Moore,Male,Married,3,Graduate,No,5800000,19600000,16,313,11100000,8100000,22700000,6300000,Rejected,48200000,3.38,0.41,High,Poor,Medium Risk,Not Eligible
732,Emily V. Thomas,Female,Married,2,Graduate,No,3400000,12900000,14,857,3400000,2500000,8700000,1900000,Approved,16500000,3.79,0.78,Medium,Excellent,Low Risk,Eligible
733,Sandra A. Smith,Female,Single,2,Not Graduate,No,7700000,18300000,20,504,14600000,500000,18300000,4600000,Rejected,38000000,2.38,0.48,Very High,Poor,Medium Risk,Not Eligible
734,Robert Miller,Male,Married,0,Graduate,No,500000,1200000,14,556,900000,0,1800000,500000,Approved,3200000,2.4,0.38,Low,Fair,Medium Risk,Eligible
735,Sarah W. Jones,Female,Married,2,Graduate,Yes,5300000,11000000,14,393,6800000,2400000,20500000,5200000,Rejected,34900000,2.08,0.32,High,Poor,Medium Risk,Not Eligible
736,Andrew Johnson,Male,Married,0,Graduate,No,4700000,14400000,14,881,11000000,6100000,17600000,2400000,Approved,37100000,3.06,0.39,Medium,Excellent,Low Risk,Eligible
737,Andrew Gonzalez,Male,Married,2,Graduate,Yes,4300000,12200000,14,719,5100000,2600000,14000000,5700000,Approved,27400000,2.84,0.45,Medium,Good,Low Risk,Eligible
738,Patricia Gonzalez,Female,Divorced,2,Graduate,Yes,900000,2500000,16,458,0,100000,3200000,1100000,Rejected,4400000,2.78,0.57,Low,Poor,Medium Risk,Not Eligible
739,Emily Johnson,Female,Single,4,Graduate,No,2000000,7500000,14,857,4300000,1500000,4200000,2100000,Approved,12100000,3.75,0.62,Low,Excellent,Low Risk,Eligible
740,Jessica R. Lopez,Female,Married,2,Graduate,Yes,2000000,7600000,16,429,5300000,3100000,5800000,2200000,Rejected,16400000,3.8,0.46,Low,Poor,Medium Risk,Not Eligible
741,Joseph Martinez,Male,Widowed,3,Not Graduate,No,4100000,15900000,12,538,3900000,800000,8800000,5700000,Rejected,19200000,3.88,0.83,Medium,Poor,Medium Risk,Not Eligible
742,Richard D. Garcia,Male,Single,1,Not Graduate,No,6900000,14400000,10,828,4600000,13000000,26700000,9000000,Approved,53300000,2.09,0.27,High,Excellent,Low Risk,Eligible
743,Sarah Moore,Female,Single,5,Graduate,Yes,2300000,6100000,6,339,5100000,2500000,8300000,2400000,Rejected,18300000,2.65,0.33,Low,Poor,Medium Risk,Not Eligible
744,Mary Hernandez,Female,Divorced,5,Graduate,Yes,5800000,16600000,18,376,2500000,7500000,21100000,2800000,Rejected,33900000,2.86,0.49,High,Poor,Medium Risk,Not Eligible
745,David Y. Hernandez,Male,Divorced,5,Not Graduate,No,8000000,30000000,14,549,14800000,200000,17300000,7000000,Rejected,39300000,3.75,0.76,Very High,Poor,Medium Risk,Not Eligible
746,Ashley C. Jackson,Female,Married,3,Not Graduate,Yes,3700000,12700000,18,587,11000000,3100000,8800000,4100000,Approved,27000000,3.43,0.47,Medium,Fair,Medium Risk,Eligible
747,Kimberley Q. Davis,Female,Single,0,Not Graduate,No,2600000,8400000,18,861,0,3500000,6200000,3800000,Approved,13500000,3.23,0.62,Medium,Excellent,Low Risk,Eligible
748,Mark C. Moore,Male,Single,0,Not Graduate,No,3000000,7000000,12,409,6400000,4900000,8000000,3500000,Rejected,22800000,2.33,0.31,Medium,Poor,Medium Risk,Not Eligible
749,Daniel Hernandez,Male,Single,4,Graduate,No,2700000,10200000,4,528,7800000,2200000,10000000,1600000,Approved,21600000,3.78,0.47,Medium,Poor,Medium Risk,Not Eligible
750,Emily Smith,Female,Single,4,Not Graduate,No,5700000,19600000,8,691,8800000,2200000,12100000,3000000,Approved,26100000,3.44,0.75,High,Good,Medium Risk,Eligible
751,Kenneth Martin,Male,Single,2,Graduate,No,1500000,3600000,4,584,3900000,1300000,4800000,1700000,Approved,11700000,2.4,0.31,Low,Fair,Medium Risk,Eligible
752,Betty Brown,Female,Married,5,Not Graduate,No,6800000,20000000,4,459,14500000,3000000,25000000,4900000,Rejected,47400000,2.94,0.42,High,Poor,Medium Risk,Not Eligible
753,Mary L. Taylor,Female,Married,1,Graduate,Yes,8100000,31700000,10,755,0,12700000,30100000,4700000,Approved,47500000,3.91,0.67,Very High,Excellent,Low Risk,Eligible
754,Ashley Johnson,Female,Married,3,Not Graduate,Yes,9200000,27700000,20,688,4800000,16300000,25800000,11200000,Approved,58100000,3.01,0.48,Very High,Good,Medium Risk,Eligible
755,Kimberley F. Williams,Female,Widowed,1,Not Graduate,Yes,7600000,26000000,6,384,2600000,1200000,20000000,7900000,Rejected,31700000,3.42,0.82,Very High,Poor,Medium Risk,Not Eligible
756,Michael Y. Miller,Male,Single,4,Graduate,No,600000,1600000,20,869,1400000,1000000,1700000,200000,Approved,4300000,2.67,0.37,Low,Excellent,Low Risk,Eligible
757,Linda W. Miller,Female,Divorced,1,Not Graduate,Yes,4700000,18700000,20,445,2100000,0,11100000,4000000,Rejected,17200000,3.98,1.09,Medium,Poor,Medium Risk,Not Eligible
758,Jennifer Jones,Female,Married,0,Graduate,No,1400000,5500000,6,393,500000,1500000,5400000,1800000,Rejected,9200000,3.93,0.6,Low,Poor,Medium Risk,Not Eligible
759,Michael Williams,Male,Married,3,Graduate,Yes,9400000,24600000,10,414,8800000,13400000,23800000,5600000,Rejected,51600000,2.62,0.48,Very High,Poor,Medium Risk,Not Eligible
760,Joshua N. Davis,Male,Single,2,Graduate,No,9700000,19900000,16,395,2800000,13700000,37000000,10800000,Rejected,64300000,2.05,0.31,Very High,Poor,Medium Risk,Not Eligible
761,Sandra Hernandez,Female,Married,3,Not Graduate,Yes,8900000,21000000,14,815,200000,10800000,21600000,6400000,Approved,39000000,2.36,0.54,Very High,Excellent,Low Risk,Eligible
762,Kenneth S. Williams,Male,Single,5,Graduate,No,4600000,10500000,8,758,3900000,4300000,15800000,2900000,Approved,26900000,2.28,0.39,Medium,Excellent,Low Risk,Eligible
763,Matthew Taylor,Male,Married,5,Not Graduate,Yes,5600000,14500000,10,457,6900000,7800000,20600000,4600000,Rejected,39900000,2.59,0.36,High,Poor,Medium Risk,Not Eligible
764,Michelle Williams,Female,Divorced,0,Graduate,Yes,1000000,3200000,10,854,2600000,800000,2900000,1200000,Approved,7500000,3.2,0.43,Low,Excellent,Low Risk,Eligible
765,Betty Smith,Female,Married,3,Graduate,No,3500000,10300000,16,324,2400000,900000,12600000,2400000,Rejected,18300000,2.94,0.56,Medium,Poor,Medium Risk,Not Eligible
766,Anthony Moore,Male,Married,0,Not Graduate,No,7900000,31500000,14,849,19400000,10300000,26600000,10600000,Approved,66900000,3.99,0.47,Very High,Excellent,Low Risk,Eligible
767,Nancy R. Smith,Female,Single,3,Graduate,Yes,6100000,24200000,12,672,300000,11100000,23500000,5000000,Approved,39900000,3.97,0.61,High,Good,Medium Risk,Eligible
768,James R. Jackson,Male,Married,3,Not Graduate,Yes,8900000,20900000,6,859,9600000,16500000,29300000,11100000,Approved,66500000,2.35,0.31,Very High,Excellent,Low Risk,Eligible
769,Christopher X. Miller,Male,Single,4,Graduate,No,5300000,15400000,8,584,5100000,1700000,14000000,5000000,Approved,25800000,2.91,0.6,High,Fair,Medium Risk,Eligible
770,Kimberley Jones,Female,Single,5,Not Graduate,No,1300000,4800000,4,346,3200000,1600000,3400000,1600000,Approved,9800000,3.69,0.49,Low,Poor,Medium Risk,Not Eligible
771,Susan Brown,Female,Married,3,Graduate,No,4000000,12800000,18,635,6000000,7000000,12900000,4200000,Approved,30100000,3.2,0.43,Medium,Fair,Medium Risk,Eligible
772,Andrew C. Anderson,Male,Single,2,Not Graduate,No,8700000,22700000,4,365,8200000,14800000,30200000,7200000,Rejected,60400000,2.61,0.38,Very High,Poor,Medium Risk,Not Eligible
773,Charles Brown,Male,Married,1,Not Graduate,No,9500000,20000000,16,856,24900000,0,35700000,6200000,Approved,66800000,2.11,0.3,Very High,Excellent,Low Risk,Eligible
774,Nancy H. Jones,Female,Single,5,Graduate,Yes,9000000,20000000,2,440,17100000,1000000,28500000,7600000,Rejected,54200000,2.22,0.37,Very High,Poor,Medium Risk,Not Eligible
775,Joseph Hernandez,Male,Single,0,Graduate,Yes,7300000,23300000,2,616,15700000,5900000,25800000,4100000,Approved,51500000,3.19,0.45,High,Fair,Medium Risk,Eligible
776,Donna L. Jones,Female,Married,3,Graduate,Yes,7400000,25700000,2,461,5700000,2900000,15100000,5100000,Approved,28800000,3.47,0.89,High,Poor,Medium Risk,Not Eligible
777,Barbara Smith,Female,Married,5,Not Graduate,No,3100000,10800000,10,681,5100000,1700000,7400000,1500000,Approved,15700000,3.48,0.69,Medium,Good,Medium Risk,Eligible
778,Sarah Lopez,Female,Married,2,Graduate,No,4300000,9400000,2,485,11000000,8100000,11000000,2200000,Rejected,32300000,2.19,0.29,Medium,Poor,Medium Risk,Not Eligible
779,Margaret Anderson,Female,Single,1,Graduate,Yes,2400000,8300000,6,684,5500000,3500000,5300000,2300000,Approved,16600000,3.46,0.5,Low,Good,Medium Risk,Eligible
780,Richard Martin,Male,Single,1,Graduate,No,5400000,17900000,14,727,13100000,0,12300000,4700000,Approved,30100000,3.31,0.59,High,Good,Low Risk,Eligible
781,Andrew Miller,Male,Divorced,2,Not Graduate,No,1600000,5100000,6,784,1400000,2400000,4500000,1400000,Approved,9700000,3.19,0.53,Low,Excellent,Low Risk,Eligible
782,Michael U. Smith,Male,Single,3,Not Graduate,Yes,9900000,20400000,4,865,26300000,3600000,36500000,12800000,Approved,79200000,2.06,0.26,Very High,Excellent,Low Risk,Eligible
783,Donna R. Miller,Female,Single,3,Not Graduate,No,5800000,20100000,18,791,1400000,10800000,16300000,5600000,Approved,34100000,3.47,0.59,High,Excellent,Low Risk,Eligible
784,Elizabeth Lopez,Female,Divorced,4,Not Graduate,No,2200000,8500000,16,866,4000000,1900000,6800000,2800000,Approved,15500000,3.86,0.55,Low,Excellent,Low Risk,Eligible
785,Elizabeth C. Anderson,Female,Single,0,Graduate,No,5000000,14400000,2,761,0,7300000,12600000,4500000,Approved,24400000,2.88,0.59,Medium,Excellent,Low Risk,Eligible
786,Thomas Y. Martin,Male,Married,2,Not Graduate,Yes,600000,2100000,18,572,400000,500000,1400000,300000,Approved,2600000,3.5,0.81,Low,Fair,Medium Risk,Eligible
787,Barbara S. Garcia,Female,Married,4,Graduate,No,2200000,8600000,6,601,2700000,2900000,6700000,3300000,Approved,15600000,3.91,0.55,Low,Fair,Medium Risk,Eligible
788,Steven Lopez,Male,Married,1,Graduate,Yes,2600000,5500000,14,820,2700000,2400000,9300000,2000000,Approved,16400000,2.12,0.34,Medium,Excellent,Low Risk,Eligible
789,Michael Rodriguez,Male,Single,4,Not Graduate,No,1200000,4300000,8,598,1600000,1800000,3200000,1300000,Approved,7900000,3.58,0.54,Low,Fair,Medium Risk,Eligible
790,Paul Lopez,Male,Divorced,2,Graduate,No,3100000,8700000,18,544,5300000,1100000,12200000,1500000,Rejected,20100000,2.81,0.43,Medium,Poor,Medium Risk,Not Eligible
791,Robert Hernandez,Male,Widowed,5,Not Graduate,Yes,4600000,14500000,14,561,2300000,6200000,10200000,5800000,Approved,24500000,3.15,0.59,Medium,Fair,Medium Risk,Eligible
792,Sarah F. Jackson,Female,Single,4,Graduate,Yes,9300000,35500000,6,547,2800000,17800000,27000000,13900000,Rejected,61500000,3.82,0.58,Very High,Poor,Medium Risk,Not Eligible
793,Nancy C. Jackson,Female,Married,4,Graduate,No,6300000,13400000,2,504,10500000,10900000,14500000,9400000,Rejected,45300000,2.13,0.3,High,Poor,Medium Risk,Not Eligible
794,Jessica Taylor,Female,Married,2,Not Graduate,No,5900000,20800000,14,530,7100000,5800000,13100000,8800000,Rejected,34800000,3.53,0.6,High,Poor,Medium Risk,Not Eligible
795,Ashley A. Thomas,Female,Married,2,Graduate,Yes,2900000,10600000,6,614,1000000,300000,7600000,3600000,Approved,12500000,3.66,0.85,Medium,Fair,Medium Risk,Eligible
796,Donald Garcia,Male,Married,4,Not Graduate,No,6100000,22400000,18,351,11800000,5000000,24400000,4800000,Rejected,46000000,3.67,0.49,High,Poor,Medium Risk,Not Eligible
797,Susan Jones,Female,Single,4,Graduate,Yes,5900000,19700000,10,431,3300000,9200000,22700000,5300000,Rejected,40500000,3.34,0.49,High,Poor,Medium Risk,Not Eligible
798,Thomas X. Wilson,Male,Single,1,Not Graduate,Yes,4600000,18400000,10,403,200000,8800000,17300000,2900000,Rejected,29200000,4.0,0.63,Medium,Poor,Medium Risk,Not Eligible
799,Ashley U. Miller,Female,Married,2,Not Graduate,No,7000000,20200000,8,668,16600000,5000000,26100000,9100000,Approved,56800000,2.89,0.36,High,Good,Medium Risk,Eligible
800,Thomas Johnson,Male,Married,3,Not Graduate,Yes,5100000,10400000,18,399,8000000,4300000,20100000,4600000,Rejected,37000000,2.04,0.28,High,Poor,Medium Risk,Not Eligible
801,Paul E. Johnson,Male,Single,1,Graduate,No,3100000,10600000,14,665,6200000,800000,9500000,3900000,Approved,20400000,3.42,0.52,Medium,Good,Medium Risk,Eligible
802,Barbara T. Taylor,Female,Widowed,2,Graduate,No,4100000,12800000,16,344,10300000,7000000,15800000,4100000,Rejected,37200000,3.12,0.34,Medium,Poor,Medium Risk,Not Eligible
803,Christopher Williams,Male,Married,0,Graduate,No,1800000,5400000,16,555,3900000,2900000,5100000,1700000,Approved,13600000,3.0,0.4,Low,Fair,Medium Risk,Eligible
804,Ashley Garcia,Female,Married,4,Not Graduate,Yes,8200000,26900000,20,301,23800000,13600000,31000000,9900000,Rejected,78300000,3.28,0.34,Very High,Poor,Medium Risk,Not Eligible
805,Joshua Q. Garcia,Male,Single,2,Not Graduate,Yes,800000,2100000,6,726,2000000,0,2600000,600000,Approved,5200000,2.62,0.4,Low,Good,Low Risk,Eligible
806,Margaret H. Martin,Female,Single,2,Graduate,No,8400000,23100000,6,689,5700000,2500000,18900000,11900000,Approved,39000000,2.75,0.59,Very High,Good,Medium Risk,Eligible
807,William Smith,Male,Divorced,0,Not Graduate,No,8500000,33900000,4,665,8500000,12800000,17900000,4500000,Approved,43700000,3.99,0.78,Very High,Good,Medium Risk,Eligible
808,Elizabeth Martin,Female,Married,3,Not Graduate,Yes,3300000,12700000,16,608,3600000,6200000,12600000,4500000,Approved,26900000,3.85,0.47,Medium,Fair,Medium Risk,Eligible
809,Andrew C. Taylor,Male,Married,3,Not Graduate,No,5800000,12800000,20,335,4400000,3000000,15300000,8000000,Rejected,30700000,2.21,0.42,High,Poor,Medium Risk,Not Eligible
810,Kenneth Y. Moore,Male,Married,3,Not Graduate,No,4400000,10500000,18,677,100000,2000000,12100000,5000000,Approved,19200000,2.39,0.55,Medium,Good,Medium Risk,Eligible
811,Kimberley Wilson,Female,Single,1,Not Graduate,No,2600000,8500000,2,491,1700000,1800000,5300000,2600000,Approved,11400000,3.27,0.75,Medium,Poor,Medium Risk,Not Eligible
812,Jessica M. Thomas,Female,Single,2,Not Graduate,Yes,9600000,28100000,20,763,23000000,11800000,27500000,10300000,Approved,72600000,2.93,0.39,Very High,Excellent,Low Risk,Eligible
813,Mark Jones,Male,Married,5,Not Graduate,Yes,5200000,18100000,8,809,2400000,6900000,14000000,5500000,Approved,28800000,3.48,0.63,High,Excellent,Low Risk,Eligible
814,Christopher N. Martin,Male,Single,5,Not Graduate,Yes,9700000,36400000,16,544,3500000,15000000,31300000,5200000,Rejected,55000000,3.75,0.66,Very High,Poor,Medium Risk,Not Eligible
815,James Q. Jackson,Male,Single,1,Graduate,Yes,200000,800000,14,624,600000,0,600000,0,Approved,1200000,4.0,0.67,Low,Fair,Medium Risk,Eligible
816,Daniel Wilson,Male,Single,3,Graduate,No,6500000,16800000,10,388,9500000,800000,14900000,7200000,Rejected,32400000,2.58,0.52,High,Poor,Medium Risk,Not Eligible
817,Sarah Moore,Female,Single,4,Graduate,Yes,7200000,23100000,14,644,13300000,3500000,18300000,4200000,Approved,39300000,3.21,0.59,High,Fair,Medium Risk,Eligible
818,Betty Miller,Female,Married,0,Not Graduate,No,5200000,18400000,14,600,7300000,9700000,16500000,3600000,Approved,37100000,3.54,0.5,High,Fair,Medium Risk,Eligible
819,Barbara P. Lopez,Female,Single,2,Not Graduate,No,6500000,14100000,2,709,1000000,12700000,20900000,4000000,Approved,38600000,2.17,0.37,High,Good,Low Risk,Eligible
820,Donna M. Lopez,Female,Married,5,Graduate,Yes,2300000,5600000,8,642,2600000,1900000,8600000,2500000,Approved,15600000,2.43,0.36,Low,Fair,Medium Risk,Eligible
821,Thomas F. Anderson,Male,Single,0,Not Graduate,Yes,3300000,10400000,4,423,7400000,4700000,11600000,3200000,Approved,26900000,3.15,0.39,Medium,Poor,Medium Risk,Not Eligible
822,Lisa V. Moore,Female,Married,0,Not Graduate,Yes,2000000,5900000,12,900,3800000,2400000,7100000,3000000,Approved,16300000,2.95,0.36,Low,Excellent,Low Risk,Eligible
823,Anthony E. Smith,Male,Married,2,Graduate,Yes,8300000,19500000,4,415,2300000,9400000,21700000,8600000,Rejected,42000000,2.35,0.46,Very High,Poor,Medium Risk,Not Eligible
824,Jennifer Williams,Female,Single,4,Graduate,Yes,3800000,14300000,4,645,1300000,1100000,10900000,4600000,Approved,17900000,3.76,0.8,Medium,Fair,Medium Risk,Eligible
825,Anthony Q. Gonzalez,Male,Single,0,Not Graduate,No,5700000,15600000,16,742,700000,5800000,11400000,6800000,Approved,24700000,2.74,0.63,High,Good,Low Risk,Eligible
826,Richard Thomas,Male,Single,4,Not Graduate,No,7300000,19800000,8,724,5500000,6000000,29000000,10300000,Approved,50800000,2.71,0.39,High,Good,Low Risk,Eligible
827,Susan Q. Johnson,Female,Married,1,Graduate,No,1600000,5400000,12,707,600000,1700000,6200000,800000,Approved,9300000,3.38,0.58,Low,Good,Low Risk,Eligible
828,Kenneth L. Garcia,Male,Single,5,Not Graduate,Yes,800000,2500000,4,780,500000,900000,1700000,400000,Approved,3500000,3.12,0.71,Low,Excellent,Low Risk,Eligible
829,Richard Y. Williams,Male,Single,4,Not Graduate,No,6300000,21900000,10,538,9600000,5400000,19300000,7800000,Rejected,42100000,3.48,0.52,High,Poor,Medium Risk,Not Eligible
830,Betty Jackson,Female,Single,2,Graduate,No,8800000,17700000,14,706,22900000,4300000,30300000,9200000,Approved,66700000,2.01,0.27,Very High,Good,Low Risk,Eligible
831,Michael Moore,Male,Married,0,Graduate,No,7300000,14500000,16,811,1000000,12400000,16100000,9600000,Approved,39100000,1.99,0.37,High,Excellent,Low Risk,Eligible
832,Nancy Rodriguez,Female,Widowed,2,Graduate,Yes,3800000,9100000,14,849,6300000,2400000,9500000,2500000,Approved,20700000,2.39,0.44,Medium,Excellent,Low Risk,Eligible
833,Betty Jackson,Female,Single,3,Graduate,No,6200000,16700000,10,880,15800000,8200000,20100000,9100000,Approved,53200000,2.69,0.31,High,Excellent,Low Risk,Eligible
834,Andrew K. Williams,Male,Divorced,5,Not Graduate,Yes,3500000,9500000,4,664,9500000,500000,7800000,5200000,Approved,23000000,2.71,0.41,Medium,Good,Medium Risk,Eligible
835,Emily Jackson,Female,Married,5,Graduate,Yes,1400000,5000000,2,465,0,2600000,5300000,1500000,Approved,9400000,3.57,0.53,Low,Poor,Medium Risk,Not Eligible
836,Donna Y. Thomas,Female,Single,3,Not Graduate,Yes,3500000,12000000,2,786,600000,6400000,10700000,1700000,Approved,19400000,3.43,0.62,Medium,Excellent,Low Risk,Eligible
837,Margaret P. Jackson,Female,Single,1,Graduate,Yes,600000,2000000,10,326,400000,1000000,2400000,700000,Rejected,4500000,3.33,0.44,Low,Poor,Medium Risk,Not Eligible
838,Anthony H. Davis,Male,Married,0,Not Graduate,No,4100000,10800000,16,399,5900000,7600000,12700000,5300000,Rejected,31500000,2.63,0.34,Medium,Poor,Medium Risk,Not Eligible
839,Nancy W. Taylor,Female,Married,2,Not Graduate,Yes,5400000,11500000,6,841,6800000,100000,11100000,6600000,Approved,24600000,2.13,0.47,High,Excellent,Low Risk,Eligible
840,Christopher Williams,Male,Married,2,Not Graduate,Yes,2000000,6700000,14,638,4900000,200000,4900000,2300000,Approved,12300000,3.35,0.54,Low,Fair,Medium Risk,Eligible
841,Jennifer P. Moore,Female,Single,4,Graduate,Yes,3500000,8900000,4,478,4000000,3900000,11300000,3800000,Rejected,23000000,2.54,0.39,Medium,Poor,Medium Risk,Not Eligible
842,Joshua Rodriguez,Male,Married,0,Graduate,Yes,8300000,30000000,4,600,14600000,12500000,24800000,12000000,Approved,63900000,3.61,0.47,Very High,Fair,Medium Risk,Eligible
843,Steven Miller,Male,Single,0,Graduate,Yes,6700000,15600000,16,768,300000,1800000,26000000,3800000,Approved,31900000,2.33,0.49,High,Excellent,Low Risk,Eligible
844,Susan Davis,Female,Single,0,Not Graduate,No,1900000,6500000,10,523,2400000,1100000,6200000,1100000,Rejected,10800000,3.42,0.6,Low,Poor,Medium Risk,Not Eligible
845,Elizabeth Brown,Female,Single,2,Graduate,Yes,6500000,20900000,14,327,8200000,100000,22800000,4700000,Rejected,35800000,3.22,0.58,High,Poor,Medium Risk,Not Eligible
846,Michelle R. Smith,Female,Divorced,1,Graduate,Yes,600000,1800000,8,799,1000000,700000,2200000,800000,Approved,4700000,3.0,0.38,Low,Excellent,Low Risk,Eligible
847,Nancy Martin,Female,Divorced,5,Graduate,No,7000000,23000000,18,803,18700000,6300000,27800000,4100000,Approved,56900000,3.29,0.4,High,Excellent,Low Risk,Eligible
848,Ashley Q. Garcia,Female,Single,2,Graduate,No,7700000,15400000,18,524,12900000,5100000,21000000,6600000,Rejected,45600000,2.0,0.34,Very High,Poor,Medium Risk,Not Eligible
849,Joshua Jones,Male,Married,1,Graduate,No,2600000,6600000,6,506,2300000,1900000,9600000,2100000,Rejected,15900000,2.54,0.42,Medium,Poor,Medium Risk,Not Eligible
850,Emily M. Johnson,Female,Divorced,1,Graduate,No,9200000,18800000,2,351,22400000,2200000,31500000,13000000,Rejected,69100000,2.04,0.27,Very High,Poor,Medium Risk,Not Eligible
851,Donald O. Brown,Male,Single,2,Graduate,Yes,1800000,4200000,8,648,1200000,3100000,6200000,1600000,Approved,12100000,2.33,0.35,Low,Fair,Medium Risk,Eligible
852,James Miller,Male,Single,1,Not Graduate,No,4900000,18500000,4,612,6100000,5900000,16400000,2900000,Approved,31300000,3.78,0.59,Medium,Fair,Medium Risk,Eligible
853,Michelle Rodriguez,Female,Single,1,Graduate,No,5700000,12400000,14,396,5400000,7500000,17600000,5600000,Rejected,36100000,2.18,0.34,High,Poor,Medium Risk,Not Eligible
854,Ashley Martin,Female,Single,3,Not Graduate,No,300000,800000,2,458,500000,0,1100000,200000,Rejected,1800000,2.67,0.44,Low,Poor,Medium Risk,Not Eligible
855,Susan L. Wilson,Female,Single,3,Graduate,Yes,1700000,3400000,6,488,100000,500000,4500000,1600000,Rejected,6700000,2.0,0.51,Low,Poor,Medium Risk,Not Eligible
856,Sarah Anderson,Female,Single,4,Graduate,No,7000000,18900000,6,475,1300000,6100000,14700000,5200000,Rejected,27300000,2.7,0.69,High,Poor,Medium Risk,Not Eligible
857,William R. Rodriguez,Male,Married,1,Not Graduate,No,2200000,7000000,18,417,2000000,3900000,6500000,1900000,Rejected,14300000,3.18,0.49,Low,Poor,Medium Risk,Not Eligible
858,Susan X. Jones,Female,Single,2,Not Graduate,No,6800000,18700000,8,781,17600000,900000,23700000,5400000,Approved,47600000,2.75,0.39,High,Excellent,Low Risk,Eligible
859,Richard Wilson,Male,Widowed,1,Not Graduate,Yes,2400000,6200000,12,337,3400000,2100000,9400000,2300000,Rejected,17200000,2.58,0.36,Low,Poor,Medium Risk,Not Eligible
860,Ashley Martinez,Female,Divorced,0,Not Graduate,Yes,600000,1800000,12,511,300000,200000,2200000,400000,Rejected,3100000,3.0,0.58,Low,Poor,Medium Risk,Not Eligible
861,Anthony B. Brown,Male,Single,4,Graduate,No,6200000,17300000,6,837,12600000,3700000,24700000,4600000,Approved,45600000,2.79,0.38,High,Excellent,Low Risk,Eligible
862,Ashley Brown,Female,Single,1,Not Graduate,No,7600000,24600000,12,810,1300000,10500000,30300000,5200000,Approved,47300000,3.24,0.52,Very High,Excellent,Low Risk,Eligible
863,Nancy Z. Moore,Female,Single,2,Not Graduate,No,4800000,10600000,8,588,3700000,5200000,15000000,4500000,Approved,28400000,2.21,0.37,Medium,Fair,Medium Risk,Eligible
864,Mark Brown,Male,Married,5,Graduate,No,4200000,9200000,12,870,3200000,2400000,12300000,5700000,Approved,23600000,2.19,0.39,Medium,Excellent,Low Risk,Eligible
865,Joshua R. Jackson,Male,Single,0,Not Graduate,Yes,7200000,20700000,10,733,15600000,12000000,19200000,9900000,Approved,56700000,2.88,0.37,High,Good,Low Risk,Eligible
866,Nancy P. Hernandez,Female,Married,5,Not Graduate,Yes,6400000,20300000,16,348,10000000,10900000,20400000,6900000,Rejected,48200000,3.17,0.42,High,Poor,Medium Risk,Not Eligible
867,Jennifer O. Gonzalez,Female,Married,0,Not Graduate,Yes,8900000,23000000,12,741,5600000,11200000,27100000,7100000,Approved,51000000,2.58,0.45,Very High,Good,Low Risk,Eligible
868,Richard Hernandez,Male,Married,3,Not Graduate,No,5100000,14500000,12,306,700000,8800000,11600000,2900000,Rejected,24000000,2.84,0.6,High,Poor,Medium Risk,Not Eligible
869,Jennifer Williams,Female,Single,2,Graduate,Yes,6300000,19500000,18,428,15900000,7200000,19900000,6500000,Rejected,49500000,3.1,0.39,High,Poor,Medium Risk,Not Eligible
870,Karen M. Rodriguez,Female,Single,3,Graduate,No,6600000,22100000,4,455,3800000,3000000,25100000,7400000,Approved,39300000,3.35,0.56,High,Poor,Medium Risk,Not Eligible
871,Nancy O. Jackson,Female,Married,1,Not Graduate,Yes,4800000,14700000,2,356,7100000,8800000,13400000,5500000,Approved,34800000,3.06,0.42,Medium,Poor,Medium Risk,Not Eligible
872,James V. Jones,Male,Single,0,Graduate,No,200000,400000,4,594,500000,0,400000,100000,Approved,1000000,2.0,0.4,Low,Fair,Medium Risk,Eligible
873,Joseph Garcia,Male,Single,0,Not Graduate,Yes,7500000,25800000,18,844,9100000,600000,18600000,6500000,Approved,34800000,3.44,0.74,High,Excellent,Low Risk,Eligible
874,Emily Johnson,Female,Single,4,Graduate,No,9000000,34700000,4,771,4800000,9500000,34100000,7700000,Approved,56100000,3.86,0.62,Very High,Excellent,Low Risk,Eligible
875,William C. Rodriguez,Male,Married,2,Graduate,No,5400000,12500000,4,622,14400000,2900000,11800000,5400000,Approved,34500000,2.31,0.36,High,Fair,Medium Risk,Eligible
876,Karen Davis,Female,Single,1,Not Graduate,Yes,1700000,4500000,20,480,200000,600000,5400000,1900000,Rejected,8100000,2.65,0.56,Low,Poor,Medium Risk,Not Eligible
877,David A. Taylor,Male,Single,4,Graduate,No,4300000,11500000,20,337,11100000,6000000,17000000,5200000,Rejected,39300000,2.67,0.29,Medium,Poor,Medium Risk,Not Eligible
878,Lisa Thomas,Female,Divorced,1,Graduate,No,5200000,11200000,6,698,14100000,7600000,18800000,2700000,Approved,43200000,2.15,0.26,High,Good,Medium Risk,Eligible
879,Emily Anderson,Female,Divorced,4,Not Graduate,No,4400000,17000000,18,302,1000000,2100000,14000000,5700000,Rejected,22800000,3.86,0.75,Medium,Poor,Medium Risk,Not Eligible
880,Joshua Martin,Male,Married,1,Not Graduate,Yes,3900000,7800000,14,349,11200000,500000,11800000,3600000,Rejected,27100000,2.0,0.29,Medium,Poor,Medium Risk,Not Eligible
881,Kimberley Moore,Female,Single,0,Graduate,No,1100000,3300000,10,482,2800000,300000,2900000,1600000,Rejected,7600000,3.0,0.43,Low,Poor,Medium Risk,Not Eligible
882,Michael Anderson,Male,Married,2,Graduate,No,2500000,8200000,10,429,1500000,4100000,5900000,2200000,Rejected,13700000,3.28,0.6,Low,Poor,Medium Risk,Not Eligible
883,Christopher Smith,Male,Married,4,Graduate,No,500000,1300000,8,471,500000,300000,1500000,700000,Rejected,3000000,2.6,0.43,Low,Poor,Medium Risk,Not Eligible
884,Matthew Martinez,Male,Single,0,Graduate,Yes,9000000,32400000,10,895,16800000,5800000,20700000,9500000,Approved,52800000,3.6,0.61,Very High,Excellent,Low Risk,Eligible
885,Ashley Martinez,Female,Married,1,Not Graduate,Yes,5100000,20300000,18,757,11800000,3400000,13400000,3200000,Approved,31800000,3.98,0.64,High,Excellent,Low Risk,Eligible
886,Michelle R. Davis,Female,Single,2,Graduate,No,5200000,13500000,2,777,7000000,5200000,15500000,6100000,Approved,33800000,2.6,0.4,High,Excellent,Low Risk,Eligible
887,Emily Wilson,Female,Single,5,Not Graduate,Yes,4400000,8900000,4,761,8100000,1000000,14200000,3000000,Approved,26300000,2.02,0.34,Medium,Excellent,Low Risk,Eligible
888,Betty Davis,Female,Married,1,Graduate,No,1900000,4200000,12,821,5200000,1500000,5000000,2700000,Approved,14400000,2.21,0.29,Low,Excellent,Low Risk,Eligible
889,Paul V. Martin,Male,Single,4,Not Graduate,Yes,9200000,26500000,6,662,1000000,400000,26900000,5300000,Approved,33600000,2.88,0.79,Very High,Good,Medium Risk,Eligible
890,Sandra F. Miller,Female,Single,2,Not Graduate,Yes,4800000,16500000,10,350,2000000,6500000,11400000,2900000,Rejected,22800000,3.44,0.72,Medium,Poor,Medium Risk,Not Eligible
891,Donald Martin,Male,Married,4,Not Graduate,No,4900000,10700000,20,321,1200000,400000,11100000,6500000,Rejected,19200000,2.18,0.56,Medium,Poor,Medium Risk,Not Eligible
892,Susan Hernandez,Female,Single,3,Graduate,Yes,4800000,10100000,4,368,9100000,5100000,16500000,3500000,Rejected,34200000,2.1,0.3,Medium,Poor,Medium Risk,Not Eligible
893,Richard Brown,Male,Single,4,Graduate,No,9300000,24900000,14,455,27600000,4700000,35100000,13900000,Rejected,81300000,2.68,0.31,Very High,Poor,Medium Risk,Not Eligible
894,Mary Davis,Female,Single,5,Not Graduate,Yes,7500000,24600000,8,744,1600000,3600000,16700000,9300000,Approved,31200000,3.28,0.79,High,Good,Low Risk,Eligible
895,Daniel Wilson,Male,Married,1,Graduate,No,5900000,16800000,4,806,11200000,9700000,22800000,7100000,Approved,50800000,2.85,0.33,High,Excellent,Low Risk,Eligible
896,Margaret Johnson,Female,Married,0,Graduate,No,9400000,27900000,6,456,21400000,18500000,35600000,7800000,Rejected,83300000,2.97,0.33,Very High,Poor,Medium Risk,Not Eligible
897,Robert C. Rodriguez,Male,Married,5,Graduate,No,5300000,13400000,8,719,1600000,200000,11400000,5300000,Approved,18500000,2.53,0.72,High,Good,Low Risk,Eligible
898,Joseph A. Rodriguez,Male,Single,4,Graduate,No,3700000,9000000,18,668,7800000,1600000,13400000,3100000,Approved,25900000,2.43,0.35,Medium,Good,Medium Risk,Eligible
899,Anthony Anderson,Male,Widowed,0,Graduate,Yes,2500000,5800000,18,494,5100000,4400000,8500000,2300000,Rejected,20300000,2.32,0.29,Low,Poor,Medium Risk,Not Eligible
900,Donald G. Brown,Male,Married,4,Not Graduate,No,2800000,10800000,2,841,700000,2600000,7100000,4100000,Approved,14500000,3.86,0.74,Medium,Excellent,Low Risk,Eligible
901,Lisa B. Garcia,Female,Married,0,Graduate,Yes,5400000,21400000,8,721,8200000,6400000,16700000,7400000,Approved,38700000,3.96,0.55,High,Good,Low Risk,Eligible
902,Charles G. Thomas,Male,Single,5,Graduate,No,3100000,9400000,10,414,200000,5300000,8000000,2800000,Rejected,16300000,3.03,0.58,Medium,Poor,Medium Risk,Not Eligible
903,Joseph Brown,Male,Married,5,Not Graduate,No,4800000,15500000,10,812,9500000,1500000,17800000,3500000,Approved,32300000,3.23,0.48,Medium,Excellent,Low Risk,Eligible
904,Richard M. Rodriguez,Male,Married,1,Not Graduate,No,8800000,17500000,20,832,1800000,3600000,24000000,7400000,Approved,36800000,1.99,0.48,Very High,Excellent,Low Risk,Eligible
905,Robert P. Jackson,Male,Married,2,Graduate,No,4100000,14900000,12,571,0,5200000,13000000,3400000,Approved,21600000,3.63,0.69,Medium,Fair,Medium Risk,Eligible
906,Matthew Williams,Male,Married,5,Not Graduate,No,9700000,37000000,14,459,28700000,17900000,22800000,5600000,Rejected,75000000,3.81,0.49,Very High,Poor,Medium Risk,Not Eligible
907,Patricia Johnson,Female,Single,2,Graduate,Yes,6400000,24100000,6,592,2500000,6300000,20200000,6000000,Approved,35000000,3.77,0.69,High,Fair,Medium Risk,Eligible
908,David Thomas,Male,Widowed,5,Graduate,No,3400000,13100000,20,527,900000,4500000,8600000,4000000,Rejected,18000000,3.85,0.73,Medium,Poor,Medium Risk,Not Eligible
909,Margaret Miller,Female,Single,4,Not Graduate,No,3500000,10200000,12,333,7600000,6400000,8100000,3400000,Rejected,25500000,2.91,0.4,Medium,Poor,Medium Risk,Not Eligible
910,Charles Johnson,Male,Married,3,Not Graduate,No,3200000,10000000,18,532,3300000,100000,9800000,2100000,Rejected,15300000,3.12,0.65,Medium,Poor,Medium Risk,Not Eligible
911,Emily Thomas,Female,Single,2,Graduate,Yes,4900000,13100000,18,754,8200000,3300000,16500000,7200000,Approved,35200000,2.67,0.37,Medium,Excellent,Low Risk,Eligible
912,Lisa Anderson,Female,Married,0,Graduate,Yes,1300000,4800000,4,835,500000,100000,3300000,800000,Rejected,4700000,3.69,1.02,Low,Excellent,Low Risk,Eligible
913,Michael Taylor,Male,Single,4,Graduate,No,2500000,5400000,10,592,3400000,1500000,9900000,2900000,Approved,17700000,2.16,0.31,Low,Fair,Medium Risk,Eligible
914,Emily Lopez,Female,Married,0,Graduate,No,7500000,27300000,20,553,11600000,2800000,26200000,6100000,Approved,46700000,3.64,0.58,High,Fair,Medium Risk,Eligible
915,Barbara L. Smith,Female,Married,2,Graduate,No,700000,2000000,8,806,1900000,1100000,2200000,400000,Approved,5600000,2.86,0.36,Low,Excellent,Low Risk,Eligible
916,Daniel R. Williams,Male,Married,4,Graduate,Yes,8200000,28500000,2,378,6800000,11200000,26400000,11500000,Approved,55900000,3.48,0.51,Very High,Poor,Medium Risk,Not Eligible
917,Paul E. Thomas,Male,Married,1,Not Graduate,No,6900000,26200000,4,534,14500000,11900000,14900000,9400000,Approved,50700000,3.8,0.52,High,Poor,Medium Risk,Not Eligible
918,Sandra Hernandez,Female,Married,1,Not Graduate,Yes,1500000,5900000,16,400,4200000,2400000,4800000,1500000,Rejected,12900000,3.93,0.46,Low,Poor,Medium Risk,Not Eligible
919,Robert Jones,Male,Single,3,Graduate,No,6300000,18300000,18,543,1800000,9400000,17700000,3500000,Rejected,32400000,2.9,0.56,High,Poor,Medium Risk,Not Eligible
920,Steven Miller,Male,Married,0,Not Graduate,Yes,8800000,25600000,10,715,25300000,2500000,34900000,8600000,Approved,71300000,2.91,0.36,Very High,Good,Low Risk,Eligible
921,Ashley S. Taylor,Female,Single,4,Graduate,Yes,8900000,20700000,6,684,1100000,9200000,20400000,6700000,Approved,37400000,2.33,0.55,Very High,Good,Medium Risk,Eligible
922,Jessica A. Martin,Female,Divorced,3,Not Graduate,Yes,2100000,6100000,8,346,5500000,600000,4500000,2900000,Rejected,13500000,2.9,0.45,Low,Poor,Medium Risk,Not Eligible
923,Steven Williams,Male,Married,1,Graduate,Yes,9200000,29200000,6,669,9900000,12900000,23400000,11700000,Approved,57900000,3.17,0.5,Very High,Good,Medium Risk,Eligible
924,Emily Z. Wilson,Female,Married,2,Not Graduate,No,3600000,8000000,12,566,10500000,3000000,8900000,2700000,Approved,25100000,2.22,0.32,Medium,Fair,Medium Risk,Eligible
925,Kimberley J. Johnson,Female,Single,0,Not Graduate,Yes,8600000,23600000,2,361,25800000,5300000,24700000,7500000,Rejected,63300000,2.74,0.37,Very High,Poor,Medium Risk,Not Eligible
926,Paul Brown,Male,Single,5,Graduate,No,3000000,8000000,6,333,3200000,400000,8200000,2200000,Rejected,14000000,2.67,0.57,Medium,Poor,Medium Risk,Not Eligible
927,Susan H. Miller,Female,Married,3,Not Graduate,Yes,5200000,16300000,8,335,9500000,7000000,13600000,7300000,Rejected,37400000,3.13,0.44,High,Poor,Medium Risk,Not Eligible
928,Andrew Moore,Male,Single,3,Graduate,Yes,7200000,20400000,10,558,0,13200000,27200000,10600000,Approved,51000000,2.83,0.4,High,Fair,Medium Risk,Eligible
929,Margaret F. Wilson,Female,Married,1,Not Graduate,Yes,4000000,15600000,12,436,10400000,2800000,14800000,3200000,Rejected,31200000,3.9,0.5,Medium,Poor,Medium Risk,Not Eligible
930,Kimberley R. Hernandez,Female,Widowed,1,Not Graduate,No,2400000,5200000,2,371,6100000,3100000,8500000,1400000,Rejected,19100000,2.17,0.27,Low,Poor,Medium Risk,Not Eligible
931,Nancy K. Hernandez,Female,Married,2,Not Graduate,Yes,5500000,18400000,10,515,6800000,4400000,18500000,4100000,Rejected,33800000,3.35,0.54,High,Poor,Medium Risk,Not Eligible
932,Sandra S. Hernandez,Female,Married,0,Not Graduate,Yes,9000000,24300000,10,599,12900000,3400000,26900000,6400000,Approved,49600000,2.7,0.49,Very High,Fair,Medium Risk,Eligible
933,Emily Rodriguez,Female,Married,0,Not Graduate,Yes,7900000,24000000,20,728,18600000,15600000,21800000,7400000,Approved,63400000,3.04,0.38,Very High,Good,Low Risk,Eligible
934,Mary T. Johnson,Female,Single,2,Not Graduate,Yes,6200000,21600000,20,679,18600000,2500000,24500000,9100000,Approved,54700000,3.48,0.39,High,Good,Medium Risk,Eligible
935,Christopher Smith,Male,Single,3,Graduate,Yes,7900000,29200000,4,399,23200000,5500000,30200000,6900000,Approved,65800000,3.7,0.44,Very High,Poor,Medium Risk,Not Eligible
936,Mary Q. Rodriguez,Female,Married,3,Not Graduate,No,1200000,4500000,6,819,1400000,1100000,4400000,900000,Approved,7800000,3.75,0.58,Low,Excellent,Low Risk,Eligible
937,William Johnson,Male,Single,1,Graduate,No,4700000,11700000,6,308,11800000,1100000,15100000,3700000,Rejected,31700000,2.49,0.37,Medium,Poor,Medium Risk,Not Eligible
938,Nancy Jackson,Female,Single,5,Graduate,Yes,5900000,15600000,2,730,12600000,4700000,15900000,5900000,Approved,39100000,2.64,0.4,High,Good,Low Risk,Eligible
939,Jennifer Jackson,Female,Divorced,4,Not Graduate,Yes,1400000,5100000,14,312,4000000,1000000,3200000,1400000,Rejected,9600000,3.64,0.53,Low,Poor,Medium Risk,Not Eligible
940,Daniel Thomas,Male,Married,3,Not Graduate,Yes,4700000,12800000,16,740,2200000,8600000,11700000,6100000,Approved,28600000,2.72,0.45,Medium,Good,Low Risk,Eligible
941,Kenneth Martinez,Male,Married,5,Graduate,Yes,7600000,20000000,10,522,21500000,1400000,20400000,4300000,Rejected,47600000,2.63,0.42,Very High,Poor,Medium Risk,Not Eligible
942,Jennifer K. Johnson,Female,Single,4,Graduate,No,7200000,16900000,4,702,15900000,7100000,22000000,9600000,Approved,54600000,2.35,0.31,High,Good,Low Risk,Eligible
943,Sandra H. Brown,Female,Married,4,Not Graduate,Yes,1400000,4300000,16,447,3600000,1200000,5300000,1000000,Rejected,11100000,3.07,0.39,Low,Poor,Medium Risk,Not Eligible
944,Anthony Johnson,Male,Single,5,Graduate,No,1400000,2900000,4,829,800000,600000,5400000,1600000,Approved,8400000,2.07,0.35,Low,Excellent,Low Risk,Eligible
945,Daniel E. Taylor,Male,Single,2,Graduate,No,7900000,18500000,18,727,20200000,12400000,19600000,7100000,Approved,59300000,2.34,0.31,Very High,Good,Low Risk,Eligible
946,Margaret C. Martin,Female,Single,5,Not Graduate,Yes,7600000,18700000,14,509,8500000,8500000,22200000,3700000,Rejected,42900000,2.46,0.44,Very High,Poor,Medium Risk,Not Eligible
947,Betty Jones,Female,Single,3,Graduate,Yes,9600000,34200000,2,745,2500000,2000000,33000000,6700000,Approved,44200000,3.56,0.77,Very High,Good,Low Risk,Eligible
948,Andrew Gonzalez,Male,Single,1,Not Graduate,No,2300000,6600000,18,513,4600000,900000,9000000,1600000,Rejected,16100000,2.87,0.41,Low,Poor,Medium Risk,Not Eligible
949,Elizabeth Jones,Female,Single,2,Not Graduate,No,8100000,18500000,6,372,19100000,10200000,31000000,7900000,Rejected,68200000,2.28,0.27,Very High,Poor,Medium Risk,Not Eligible
950,Donna X. Miller,Female,Married,2,Graduate,Yes,300000,700000,4,411,600000,0,1200000,100000,Rejected,1900000,2.33,0.37,Low,Poor,Medium Risk,Not Eligible
951,Michael K. Rodriguez,Male,Married,4,Graduate,No,4700000,10800000,20,495,11300000,6800000,17000000,4500000,Rejected,39600000,2.3,0.27,Medium,Poor,Medium Risk,Not Eligible
952,William Wilson,Male,Single,5,Not Graduate,No,1100000,2500000,4,827,2400000,1000000,4100000,600000,Approved,8100000,2.27,0.31,Low,Excellent,Low Risk,Eligible
953,Nancy Y. Martin,Female,Single,4,Not Graduate,No,8600000,25100000,6,820,14400000,5000000,26000000,8300000,Approved,53700000,2.92,0.47,Very High,Excellent,Low Risk,Eligible
954,Michelle O. Anderson,Female,Single,5,Graduate,Yes,8700000,28100000,10,660,25500000,800000,25900000,10100000,Approved,62300000,3.23,0.45,Very High,Good,Medium Risk,Eligible
955,Joseph Lopez,Male,Married,0,Not Graduate,No,2200000,8600000,4,563,900000,1000000,4400000,2800000,Approved,9100000,3.91,0.95,Low,Fair,Medium Risk,Eligible
956,William Johnson,Male,Married,1,Not Graduate,Yes,500000,1400000,10,883,900000,0,1700000,300000,Approved,2900000,2.8,0.48,Low,Excellent,Low Risk,Eligible
957,Christopher Smith,Male,Married,0,Not Graduate,Yes,9100000,22000000,12,387,25300000,15600000,31700000,7000000,Rejected,79600000,2.42,0.28,Very High,Poor,Medium Risk,Not Eligible
958,Margaret Thomas,Female,Single,1,Graduate,No,2200000,8700000,12,613,500000,1800000,5700000,2400000,Approved,10400000,3.95,0.84,Low,Fair,Medium Risk,Eligible
959,Joseph I. Moore,Male,Married,0,Not Graduate,Yes,2200000,8000000,14,335,2800000,3700000,6900000,2900000,Rejected,16300000,3.64,0.49,Low,Poor,Medium Risk,Not Eligible
960,James V. Gonzalez,Male,Married,1,Graduate,Yes,9600000,34500000,2,795,9500000,900000,32000000,9300000,Approved,51700000,3.59,0.67,Very High,Excellent,Low Risk,Eligible
961,Barbara Johnson,Female,Married,1,Graduate,Yes,6500000,13900000,8,369,9600000,300000,17200000,8300000,Rejected,35400000,2.14,0.39,High,Poor,Medium Risk,Not Eligible
962,Patricia A. Anderson,Female,Single,4,Graduate,Yes,2400000,7400000,18,888,2700000,1600000,7600000,3200000,Approved,15100000,3.08,0.49,Low,Excellent,Low Risk,Eligible
963,Nancy Brown,Female,Divorced,4,Not Graduate,No,5500000,12300000,6,742,12900000,2700000,19800000,4300000,Approved,39700000,2.24,0.31,High,Good,Low Risk,Eligible
964,Jessica W. Gonzalez,Female,Single,0,Graduate,No,5000000,14400000,4,874,3000000,9300000,14100000,3900000,Approved,30300000,2.88,0.48,Medium,Excellent,Low Risk,Eligible
965,Ashley F. Martin,Female,Single,1,Graduate,No,2700000,8100000,16,691,2000000,3600000,8100000,2100000,Approved,15800000,3.0,0.51,Medium,Good,Medium Risk,Eligible
966,Emily Smith,Female,Divorced,3,Not Graduate,Yes,8500000,30300000,12,762,12700000,3700000,20000000,4200000,Approved,40600000,3.56,0.75,Very High,Excellent,Low Risk,Eligible
967,Lisa Thomas,Female,Single,1,Graduate,No,4400000,10700000,18,324,2200000,3300000,12700000,5400000,Rejected,23600000,2.43,0.45,Medium,Poor,Medium Risk,Not Eligible
968,Nancy H. Lopez,Female,Widowed,4,Not Graduate,No,500000,1800000,20,777,900000,300000,1300000,200000,Approved,2700000,3.6,0.67,Low,Excellent,Low Risk,Eligible
969,Patricia A. Rodriguez,Female,Divorced,0,Graduate,No,8300000,21400000,2,662,6100000,12300000,24500000,10200000,Approved,53100000,2.58,0.4,Very High,Good,Medium Risk,Eligible
970,Jessica Jones,Female,Single,2,Not Graduate,Yes,6000000,13000000,12,462,2100000,2500000,14600000,5600000,Rejected,24800000,2.17,0.52,High,Poor,Medium Risk,Not Eligible
971,Michael V. Gonzalez,Male,Married,3,Not Graduate,Yes,4000000,10400000,14,609,2100000,6900000,11700000,4600000,Approved,25300000,2.6,0.41,Medium,Fair,Medium Risk,Eligible
972,Mark N. Davis,Male,Widowed,5,Graduate,Yes,4400000,11700000,20,590,900000,2700000,15500000,2300000,Approved,21400000,2.66,0.55,Medium,Fair,Medium Risk,Eligible
973,Margaret Moore,Female,Married,3,Graduate,Yes,4400000,15800000,18,779,7200000,5400000,14900000,3600000,Approved,31100000,3.59,0.51,Medium,Excellent,Low Risk,Eligible
974,David Q. Martinez,Male,Divorced,2,Graduate,Yes,1900000,5000000,14,641,1000000,900000,5500000,2400000,Approved,9800000,2.63,0.51,Low,Fair,Medium Risk,Eligible
975,Elizabeth K. Jackson,Female,Single,0,Graduate,Yes,5000000,18400000,12,752,14600000,4000000,10500000,6500000,Approved,35600000,3.68,0.52,Medium,Excellent,Low Risk,Eligible
976,Richard E. Hernandez,Male,Married,0,Graduate,No,8000000,23700000,10,305,22200000,11600000,17200000,12000000,Rejected,63000000,2.96,0.38,Very High,Poor,Medium Risk,Not Eligible
977,Sandra Wilson,Female,Married,4,Not Graduate,No,8200000,20700000,10,546,10800000,7000000,25000000,10600000,Rejected,53400000,2.52,0.39,Very High,Poor,Medium Risk,Not Eligible
978,Elizabeth Miller,Female,Single,2,Graduate,No,7000000,24200000,8,833,13700000,4100000,26100000,9100000,Approved,53000000,3.46,0.46,High,Excellent,Low Risk,Eligible
979,Michelle T. Jackson,Female,Single,2,Not Graduate,No,2400000,8800000,18,421,3200000,1500000,6700000,1400000,Rejected,12800000,3.67,0.69,Low,Poor,Medium Risk,Not Eligible
980,Matthew P. Williams,Male,Single,5,Graduate,No,6600000,18800000,4,639,3200000,1100000,25100000,4300000,Approved,33700000,2.85,0.56,High,Fair,Medium Risk,Eligible
981,Nancy P. Garcia,Female,Married,3,Graduate,No,3200000,6900000,20,735,1500000,3700000,9200000,3100000,Approved,17500000,2.16,0.39,Medium,Good,Low Risk,Eligible
982,Joseph Davis,Male,Married,0,Not Graduate,Yes,2600000,5400000,2,377,100000,4900000,6100000,2700000,Rejected,13800000,2.08,0.39,Medium,Poor,Medium Risk,Not Eligible
983,Charles Wilson,Male,Married,3,Not Graduate,No,6900000,15600000,20,310,4500000,3600000,20400000,4800000,Rejected,33300000,2.26,0.47,High,Poor,Medium Risk,Not Eligible
984,Joseph Williams,Male,Divorced,4,Graduate,No,4800000,14000000,2,695,11300000,1700000,15400000,4600000,Approved,33000000,2.92,0.42,Medium,Good,Medium Risk,Eligible
985,Michelle O. Thomas,Female,Divorced,1,Not Graduate,Yes,300000,1200000,4,355,700000,300000,800000,200000,Approved,2000000,4.0,0.6,Low,Poor,Medium Risk,Not Eligible
986,Betty M. Johnson,Female,Married,1,Not Graduate,Yes,4300000,14100000,12,525,2100000,1100000,14100000,5500000,Rejected,22800000,3.28,0.62,Medium,Poor,Medium Risk,Not Eligible
987,Michelle Q. Jackson,Female,Married,5,Not Graduate,No,700000,2400000,20,330,1300000,700000,2500000,500000,Rejected,5000000,3.43,0.48,Low,Poor,Medium Risk,Not Eligible
988,Paul Brown,Male,Married,5,Graduate,No,9400000,25800000,14,625,28200000,15400000,30800000,11100000,Approved,85500000,2.74,0.3,Very High,Fair,Medium Risk,Eligible
989,Thomas X. Taylor,Male,Single,3,Not Graduate,Yes,800000,2900000,10,644,600000,500000,2900000,400000,Approved,4400000,3.62,0.66,Low,Fair,Medium Risk,Eligible
990,Kimberley Johnson,Female,Married,5,Not Graduate,No,4400000,14900000,4,865,8200000,6200000,14900000,3500000,Approved,32800000,3.39,0.45,Medium,Excellent,Low Risk,Eligible
991,Karen Anderson,Female,Single,1,Graduate,Yes,4700000,14800000,6,661,8500000,6000000,13600000,6400000,Approved,34500000,3.15,0.43,Medium,Good,Medium Risk,Eligible
992,Paul Jones,Male,Married,2,Not Graduate,No,2300000,5000000,8,884,1400000,1700000,6100000,1500000,Approved,10700000,2.17,0.47,Low,Excellent,Low Risk,Eligible
993,Paul Brown,Male,Married,5,Graduate,Yes,8500000,26700000,10,803,500000,16600000,24400000,9600000,Approved,51100000,3.14,0.52,Very High,Excellent,Low Risk,Eligible
994,Anthony Wilson,Male,Single,2,Graduate,No,7600000,28300000,12,800,19700000,14800000,15600000,7800000,Approved,57900000,3.72,0.49,Very High,Excellent,Low Risk,Eligible
995,Donna C. Miller,Female,Single,2,Graduate,No,3200000,12600000,18,796,6200000,3500000,9600000,2000000,Approved,21300000,3.94,0.59,Medium,Excellent,Low Risk,Eligible
996,William Williams,Male,Married,4,Not Graduate,No,2400000,5000000,4,716,1500000,2800000,6900000,1400000,Approved,12600000,2.08,0.4,Low,Good,Low Risk,Eligible
997,Jennifer X. Taylor,Female,Married,0,Graduate,Yes,500000,1100000,18,479,1500000,500000,1800000,600000,Rejected,4400000,2.2,0.25,Low,Poor,Medium Risk,Not Eligible
998,Anthony Moore,Male,Married,3,Not Graduate,Yes,8500000,28300000,2,810,25200000,4300000,18500000,10700000,Approved,58700000,3.33,0.48,Very High,Excellent,Low Risk,Eligible
999,Donna Jones,Female,Single,0,Graduate,Yes,8900000,20900000,18,568,18800000,700000,32700000,5300000,Approved,57500000,2.35,0.36,Very High,Fair,Medium Risk,Eligible
1000,Mark Martinez,Male,Married,0,Graduate,No,2800000,5600000,8,842,0,1300000,6100000,1900000,Approved,9300000,2.0,0.6,Medium,Excellent,Low Risk,Eligible
1001,Karen Garcia,Female,Single,3,Not Graduate,Yes,2900000,7000000,4,806,5700000,5600000,5900000,3000000,Approved,20200000,2.41,0.35,Medium,Excellent,Low Risk,Eligible
1002,James A. Martin,Male,Married,1,Graduate,Yes,4900000,17700000,8,722,9200000,7300000,16400000,3000000,Approved,35900000,3.61,0.49,Medium,Good,Low Risk,Eligible
1003,Emily P. Smith,Female,Single,5,Not Graduate,No,9600000,20700000,14,442,25800000,9800000,31800000,8200000,Rejected,75600000,2.16,0.27,Very High,Poor,Medium Risk,Not Eligible
1004,Margaret Wilson,Female,Married,3,Graduate,Yes,3300000,9800000,6,360,4500000,600000,11000000,4400000,Rejected,20500000,2.97,0.48,Medium,Poor,Medium Risk,Not Eligible
1005,Thomas Moore,Male,Married,3,Not Graduate,No,2800000,5900000,4,461,1600000,400000,8900000,2800000,Rejected,13700000,2.11,0.43,Medium,Poor,Medium Risk,Not Eligible
1006,Robert Garcia,Male,Married,2,Graduate,No,7800000,22200000,10,735,9700000,4600000,23000000,6900000,Approved,44200000,2.85,0.5,Very High,Good,Low Risk,Eligible
1007,David T. Johnson,Male,Single,4,Graduate,Yes,2500000,8400000,12,761,6300000,1300000,8400000,1600000,Approved,17600000,3.36,0.48,Low,Excellent,Low Risk,Eligible
1008,Robert Brown,Male,Single,0,Graduate,No,4400000,10600000,20,653,6800000,4600000,16800000,5400000,Approved,33600000,2.41,0.32,Medium,Good,Medium Risk,Eligible
1009,Michelle R. Martin,Female,Single,0,Not Graduate,No,7900000,30800000,4,726,5000000,14600000,23800000,5500000,Approved,48900000,3.9,0.63,Very High,Good,Low Risk,Eligible
1010,Donna C. Lopez,Female,Married,1,Graduate,No,8900000,22600000,18,617,8400000,15500000,27900000,11700000,Approved,63500000,2.54,0.36,Very High,Fair,Medium Risk,Eligible
1011,Nancy Y. Gonzalez,Female,Married,0,Graduate,No,5600000,13400000,2,460,3400000,4100000,14800000,4100000,Rejected,26400000,2.39,0.51,High,Poor,Medium Risk,Not Eligible
1012,Christopher Thomas,Male,Married,1,Not Graduate,No,1400000,3300000,8,306,3200000,800000,2700000,800000,Rejected,7500000,2.36,0.44,Low,Poor,Medium Risk,Not Eligible
1013,Lisa Taylor,Female,Single,5,Graduate,Yes,500000,1400000,4,471,500000,100000,1300000,300000,Rejected,2200000,2.8,0.64,Low,Poor,Medium Risk,Not Eligible
1014,Kenneth Johnson,Male,Married,1,Graduate,Yes,5100000,15300000,4,628,6900000,3300000,17600000,2700000,Approved,30500000,3.0,0.5,High,Fair,Medium Risk,Eligible
1015,Steven W. Martin,Male,Single,3,Graduate,No,9800000,25600000,10,404,24400000,6700000,37000000,11500000,Rejected,79600000,2.61,0.32,Very High,Poor,Medium Risk,Not Eligible
1016,Sarah T. Taylor,Female,Single,2,Graduate,Yes,8600000,21600000,16,804,15400000,300000,26800000,7100000,Approved,49600000,2.51,0.44,Very High,Excellent,Low Risk,Eligible
1017,Kenneth Jackson,Male,Married,3,Not Graduate,No,1600000,3900000,20,804,900000,2500000,3200000,800000,Approved,7400000,2.44,0.53,Low,Excellent,Low Risk,Eligible
1018,Ashley H. Garcia,Female,Married,1,Not Graduate,Yes,2500000,6700000,2,502,3400000,2600000,9400000,1400000,Rejected,16800000,2.68,0.4,Low,Poor,Medium Risk,Not Eligible
1019,James Brown,Male,Married,0,Graduate,No,9500000,22600000,6,861,24700000,13200000,29000000,5600000,Approved,72500000,2.38,0.31,Very High,Excellent,Low Risk,Eligible
1020,Joseph N. Martin,Male,Single,2,Not Graduate,Yes,3000000,7800000,14,555,6600000,2700000,9600000,1700000,Approved,20600000,2.6,0.38,Medium,Fair,Medium Risk,Eligible
1021,Emily Miller,Female,Single,0,Not Graduate,No,5100000,13600000,18,351,1700000,3700000,14400000,7600000,Rejected,27400000,2.67,0.5,High,Poor,Medium Risk,Not Eligible
1022,Sarah Williams,Female,Married,2,Not Graduate,Yes,7600000,23600000,6,358,20200000,2900000,22100000,10900000,Rejected,56100000,3.11,0.42,Very High,Poor,Medium Risk,Not Eligible
1023,Mary K. Brown,Female,Single,5,Graduate,No,8800000,18800000,14,836,17300000,10100000,32700000,5400000,Approved,65500000,2.14,0.29,Very High,Excellent,Low Risk,Eligible
1024,Richard Miller,Male,Single,4,Not Graduate,Yes,1100000,2900000,4,554,2800000,1000000,4100000,1600000,Approved,9500000,2.64,0.31,Low,Fair,Medium Risk,Eligible
1025,Ashley P. Johnson,Female,Single,3,Graduate,No,8700000,30500000,2,443,11800000,1800000,24600000,8100000,Approved,46300000,3.51,0.66,Very High,Poor,Medium Risk,Not Eligible
1026,Emily Hernandez,Female,Married,5,Not Graduate,No,6100000,23600000,4,725,17400000,5100000,15600000,4800000,Approved,42900000,3.87,0.55,High,Good,Low Risk,Eligible
1027,Paul V. Martinez,Male,Single,2,Not Graduate,Yes,1900000,7000000,14,818,4800000,3500000,4500000,2100000,Approved,14900000,3.68,0.47,Low,Excellent,Low Risk,Eligible
1028,Joseph Z. Jackson,Male,Divorced,1,Not Graduate,No,9900000,38700000,6,670,19400000,12600000,35800000,6500000,Approved,74300000,3.91,0.52,Very High,Good,Medium Risk,Eligible
1029,Jennifer Jones,Female,Single,0,Graduate,No,5800000,21100000,6,414,7900000,2400000,16000000,5600000,Rejected,31900000,3.64,0.66,High,Poor,Medium Risk,Not Eligible
1030,Emily M. Garcia,Female,Single,2,Not Graduate,Yes,9500000,37000000,8,887,21800000,18300000,19200000,11700000,Approved,71000000,3.89,0.52,Very High,Excellent,Low Risk,Eligible
1031,Christopher I. Hernandez,Male,Married,3,Graduate,Yes,7900000,26600000,12,409,17100000,1400000,22500000,8700000,Rejected,49700000,3.37,0.54,Very High,Poor,Medium Risk,Not Eligible
1032,Jessica Lopez,Female,Divorced,1,Not Graduate,Yes,1300000,4500000,14,679,2700000,2100000,3700000,1600000,Approved,10100000,3.46,0.45,Low,Good,Medium Risk,Eligible
1033,Paul Martinez,Male,Single,4,Graduate,Yes,700000,2600000,18,478,600000,600000,2100000,300000,Rejected,3600000,3.71,0.72,Low,Poor,Medium Risk,Not Eligible
1034,Joseph Williams,Male,Single,3,Graduate,No,600000,1200000,2,752,1100000,500000,2300000,700000,Approved,4600000,2.0,0.26,Low,Excellent,Low Risk,Eligible
1035,Kimberley Jones,Female,Divorced,0,Graduate,No,9400000,33000000,4,616,15400000,5000000,25100000,7800000,Approved,53300000,3.51,0.62,Very High,Fair,Medium Risk,Eligible
1036,Lisa D. Jones,Female,Married,2,Not Graduate,Yes,3800000,12500000,14,842,3700000,6700000,14600000,5300000,Approved,30300000,3.29,0.41,Medium,Excellent,Low Risk,Eligible
1037,Joseph Johnson,Male,Married,3,Graduate,Yes,7800000,26300000,20,840,1200000,11300000,24100000,5300000,Approved,41900000,3.37,0.63,Very High,Excellent,Low Risk,Eligible
1038,James V. Martinez,Male,Married,3,Graduate,Yes,7800000,27700000,6,430,2000000,8000000,26100000,5300000,Rejected,41400000,3.55,0.67,Very High,Poor,Medium Risk,Not Eligible
1039,Daniel D. Anderson,Male,Married,4,Not Graduate,No,2700000,7000000,4,351,1100000,2300000,8300000,2700000,Rejected,14400000,2.59,0.49,Medium,Poor,Medium Risk,Not Eligible
1040,Mary U. Jackson,Female,Divorced,5,Not Graduate,No,600000,2300000,4,347,0,0,1900000,200000,Rejected,2100000,3.83,1.1,Low,Poor,Medium Risk,Not Eligible
1041,Susan Miller,Female,Married,3,Not Graduate,Yes,8000000,28800000,10,576,18800000,7500000,16300000,11900000,Approved,54500000,3.6,0.53,Very High,Fair,Medium Risk,Eligible
1042,Linda Rodriguez,Female,Single,0,Not Graduate,Yes,4000000,11000000,8,799,4400000,6100000,14700000,4200000,Approved,29400000,2.75,0.37,Medium,Excellent,Low Risk,Eligible
1043,Kenneth G. Moore,Male,Married,1,Not Graduate,Yes,3300000,10800000,2,550,6000000,3800000,11000000,4700000,Approved,25500000,3.27,0.42,Medium,Fair,Medium Risk,Eligible
1044,Sarah Z. Jones,Female,Single,2,Graduate,No,5800000,13300000,4,878,8400000,5400000,18600000,4500000,Approved,36900000,2.29,0.36,High,Excellent,Low Risk,Eligible
1045,Richard Williams,Male,Divorced,3,Graduate,Yes,2400000,4800000,12,895,6800000,300000,7300000,3300000,Approved,17700000,2.0,0.27,Low,Excellent,Low Risk,Eligible
1046,Patricia Jones,Female,Divorced,4,Not Graduate,No,7600000,29700000,6,603,3200000,2900000,27800000,11000000,Approved,44900000,3.91,0.66,Very High,Fair,Medium Risk,Eligible
1047,William Gonzalez,Male,Married,2,Not Graduate,Yes,2500000,6900000,12,325,5800000,1600000,6400000,3600000,Rejected,17400000,2.76,0.4,Low,Poor,Medium Risk,Not Eligible
1048,Kenneth W. Jackson,Male,Married,2,Graduate,No,3300000,11800000,4,393,5700000,3700000,6800000,2600000,Approved,18800000,3.58,0.63,Medium,Poor,Medium Risk,Not Eligible
1049,Karen W. Hernandez,Female,Married,3,Graduate,No,9800000,30300000,2,612,10700000,4600000,32100000,5600000,Approved,53000000,3.09,0.57,Very High,Fair,Medium Risk,Eligible
1050,Donald Jackson,Male,Married,0,Graduate,Yes,1000000,3800000,8,553,2500000,1000000,2100000,1300000,Approved,6900000,3.8,0.55,Low,Fair,Medium Risk,Eligible
1051,Linda Anderson,Female,Married,0,Not Graduate,Yes,2500000,8800000,14,389,7300000,1400000,8500000,3600000,Rejected,20800000,3.52,0.42,Low,Poor,Medium Risk,Not Eligible
1052,Ashley E. Davis,Female,Divorced,0,Graduate,No,1900000,6800000,4,782,100000,3400000,4900000,2400000,Approved,10800000,3.58,0.63,Low,Excellent,Low Risk,Eligible
1053,Nancy Gonzalez,Female,Divorced,3,Graduate,No,3100000,8500000,12,493,8700000,5100000,12000000,2000000,Rejected,27800000,2.74,0.31,Medium,Poor,Medium Risk,Not Eligible
1054,Lisa Anderson,Female,Single,5,Graduate,Yes,6000000,11900000,2,629,2500000,0,19200000,4200000,Approved,25900000,1.98,0.46,High,Fair,Medium Risk,Eligible
1055,Matthew Thomas,Male,Single,5,Not Graduate,No,6500000,21600000,10,419,1600000,10900000,22300000,6600000,Rejected,41400000,3.32,0.52,High,Poor,Medium Risk,Not Eligible
1056,Michelle Jackson,Female,Single,2,Not Graduate,Yes,5900000,15800000,2,444,14300000,4300000,20300000,5500000,Rejected,44400000,2.68,0.36,High,Poor,Medium Risk,Not Eligible
1057,Daniel Z. Moore,Male,Single,5,Not Graduate,Yes,6500000,15800000,16,301,9200000,9900000,17400000,7100000,Rejected,43600000,2.43,0.36,High,Poor,Medium Risk,Not Eligible
1058,Betty Jackson,Female,Married,0,Graduate,Yes,3800000,11200000,20,479,1100000,6400000,12000000,5400000,Rejected,24900000,2.95,0.45,Medium,Poor,Medium Risk,Not Eligible
1059,Steven Gonzalez,Male,Single,3,Not Graduate,Yes,3000000,11400000,10,424,1800000,4200000,10900000,1500000,Rejected,18400000,3.8,0.62,Medium,Poor,Medium Risk,Not Eligible
1060,Sandra R. Jackson,Female,Married,0,Graduate,No,4300000,16900000,18,469,200000,5800000,12000000,6200000,Rejected,24200000,3.93,0.7,Medium,Poor,Medium Risk,Not Eligible
1061,Michael D. Jackson,Male,Married,4,Not Graduate,Yes,3500000,8300000,2,897,7900000,5500000,12600000,1800000,Approved,27800000,2.37,0.3,Medium,Excellent,Low Risk,Eligible
1062,Lisa Moore,Female,Married,3,Not Graduate,No,300000,500000,2,477,700000,200000,800000,400000,Rejected,2100000,1.67,0.24,Low,Poor,Medium Risk,Not Eligible
1063,Betty V. Williams,Female,Married,3,Not Graduate,Yes,600000,1400000,16,509,600000,300000,2400000,900000,Rejected,4200000,2.33,0.33,Low,Poor,Medium Risk,Not Eligible
1064,Lisa B. Thomas,Female,Single,0,Graduate,Yes,800000,1700000,4,752,2300000,1100000,3200000,400000,Approved,7000000,2.12,0.24,Low,Excellent,Low Risk,Eligible
1065,Joshua V. Smith,Male,Single,0,Not Graduate,Yes,5600000,19100000,14,875,16700000,4700000,15100000,7700000,Approved,44200000,3.41,0.43,High,Excellent,Low Risk,Eligible
1066,Betty G. Martin,Female,Single,2,Not Graduate,Yes,1800000,3600000,4,343,3400000,1100000,6200000,1500000,Rejected,12200000,2.0,0.3,Low,Poor,Medium Risk,Not Eligible
1067,Karen V. Jackson,Female,Single,0,Graduate,No,6800000,20800000,20,819,16500000,11900000,26700000,8000000,Approved,63100000,3.06,0.33,High,Excellent,Low Risk,Eligible
1068,Nancy T. Williams,Female,Widowed,2,Graduate,Yes,4200000,16800000,2,433,3300000,0,14100000,3700000,Approved,21100000,4.0,0.8,Medium,Poor,Medium Risk,Not Eligible
1069,Elizabeth Martinez,Female,Divorced,1,Not Graduate,Yes,200000,400000,6,768,300000,100000,600000,0,Approved,1000000,2.0,0.4,Low,Excellent,Low Risk,Eligible
1070,James L. Moore,Male,Single,2,Graduate,Yes,8500000,31800000,6,714,17000000,900000,26600000,5600000,Approved,50100000,3.74,0.63,Very High,Good,Low Risk,Eligible
1071,Mary Davis,Female,Married,2,Not Graduate,Yes,2800000,10100000,16,531,2900000,2900000,7200000,4100000,Rejected,17100000,3.61,0.59,Medium,Poor,Medium Risk,Not Eligible
1072,Betty Gonzalez,Female,Married,0,Graduate,Yes,3600000,8600000,6,529,3500000,3300000,11300000,5200000,Rejected,23300000,2.39,0.37,Medium,Poor,Medium Risk,Not Eligible
1073,Steven Jones,Male,Single,1,Not Graduate,No,6200000,19500000,20,448,3300000,7100000,22400000,8000000,Rejected,40800000,3.15,0.48,High,Poor,Medium Risk,Not Eligible
1074,Sandra Jones,Female,Divorced,1,Graduate,No,2700000,10000000,2,584,6500000,2700000,7700000,3400000,Approved,20300000,3.7,0.49,Medium,Fair,Medium Risk,Eligible
1075,David Smith,Male,Single,1,Graduate,No,6800000,22900000,4,501,3900000,9400000,17300000,4400000,Approved,35000000,3.37,0.65,High,Poor,Medium Risk,Not Eligible
1076,Sandra Jones,Female,Married,2,Not Graduate,No,6300000,24500000,18,848,10200000,3500000,18200000,8200000,Approved,40100000,3.89,0.61,High,Excellent,Low Risk,Eligible
1077,Margaret T. Martin,Female,Single,4,Not Graduate,No,8800000,19100000,6,586,17600000,8800000,20600000,12400000,Approved,59400000,2.17,0.32,Very High,Fair,Medium Risk,Eligible
1078,Emily Anderson,Female,Single,1,Graduate,No,5900000,13000000,2,386,16300000,5000000,12000000,3800000,Rejected,37100000,2.2,0.35,High,Poor,Medium Risk,Not Eligible
1079,Michelle X. Smith,Female,Single,5,Not Graduate,Yes,9800000,37900000,18,301,6700000,4900000,34300000,6200000,Rejected,52100000,3.87,0.73,Very High,Poor,Medium Risk,Not Eligible
1080,Sandra B. Moore,Female,Widowed,2,Graduate,No,3300000,8300000,6,653,4700000,3100000,8300000,4600000,Approved,20700000,2.52,0.4,Medium,Good,Medium Risk,Eligible
1081,Nancy W. Brown,Female,Single,4,Graduate,Yes,300000,500000,14,448,700000,100000,800000,100000,Rejected,1700000,1.67,0.29,Low,Poor,Medium Risk,Not Eligible
1082,Margaret Taylor,Female,Divorced,1,Not Graduate,Yes,4800000,11600000,16,696,1400000,9400000,11800000,6500000,Approved,29100000,2.42,0.4,Medium,Good,Medium Risk,Eligible
1083,Thomas V. Thomas,Male,Widowed,1,Graduate,No,7500000,28300000,16,707,9700000,1100000,16300000,6700000,Approved,33800000,3.77,0.84,High,Good,Low Risk,Eligible
1084,Andrew Jackson,Male,Single,2,Not Graduate,No,8600000,21700000,4,429,5500000,10800000,30900000,6000000,Rejected,53200000,2.52,0.41,Very High,Poor,Medium Risk,Not Eligible
1085,Emily Smith,Female,Married,4,Not Graduate,No,8900000,21100000,6,631,4200000,200000,25800000,6200000,Approved,36400000,2.37,0.58,Very High,Fair,Medium Risk,Eligible
1086,Donna Hernandez,Female,Widowed,5,Not Graduate,Yes,9600000,29600000,4,446,22900000,3500000,36600000,13200000,Approved,76200000,3.08,0.39,Very High,Poor,Medium Risk,Not Eligible
1087,Karen Garcia,Female,Divorced,0,Graduate,Yes,7700000,18100000,18,705,6100000,5100000,23800000,6300000,Approved,41300000,2.35,0.44,Very High,Good,Low Risk,Eligible
1088,Donna Rodriguez,Female,Married,3,Not Graduate,Yes,7000000,15200000,2,709,10300000,12500000,20700000,4000000,Approved,47500000,2.17,0.32,High,Good,Low Risk,Eligible
1089,Joshua J. Johnson,Male,Married,4,Not Graduate,Yes,7800000,19500000,14,739,1900000,9000000,20400000,4400000,Approved,35700000,2.5,0.55,Very High,Good,Low Risk,Eligible
1090,Christopher Thomas,Male,Married,3,Graduate,No,5100000,11000000,6,336,0,5800000,11600000,7500000,Rejected,24900000,2.16,0.44,High,Poor,Medium Risk,Not Eligible
1091,Sarah I. Jones,Female,Divorced,4,Graduate,No,9400000,32600000,4,898,18200000,4000000,22000000,10200000,Approved,54400000,3.47,0.6,Very High,Excellent,Low Risk,Eligible
1092,William Martin,Male,Married,4,Not Graduate,Yes,600000,2100000,6,558,1300000,1000000,2200000,300000,Approved,4800000,3.5,0.44,Low,Fair,Medium Risk,Eligible
1093,Donald I. Lopez,Male,Married,3,Graduate,No,5100000,13300000,4,589,11200000,2700000,20200000,6100000,Approved,40200000,2.61,0.33,High,Fair,Medium Risk,Eligible
1094,Steven B. Garcia,Male,Single,2,Graduate,Yes,3800000,14400000,2,301,2300000,1400000,7600000,2400000,Rejected,13700000,3.79,1.05,Medium,Poor,Medium Risk,Not Eligible
1095,David E. Martin,Male,Married,2,Not Graduate,Yes,5300000,21200000,14,516,2200000,5000000,20900000,7700000,Rejected,35800000,4.0,0.59,High,Poor,Medium Risk,Not Eligible
1096,Betty X. Davis,Female,Married,5,Not Graduate,No,1100000,3600000,12,315,1300000,700000,3100000,1400000,Rejected,6500000,3.27,0.55,Low,Poor,Medium Risk,Not Eligible
1097,Joshua Lopez,Male,Single,3,Not Graduate,No,6400000,14400000,10,546,10600000,10000000,21200000,5100000,Rejected,46900000,2.25,0.31,High,Poor,Medium Risk,Not Eligible
1098,Robert Garcia,Male,Married,0,Not Graduate,Yes,5100000,14500000,14,559,11000000,1100000,12300000,6000000,Approved,30400000,2.84,0.48,High,Fair,Medium Risk,Eligible
1099,Emily Davis,Female,Married,3,Graduate,Yes,5300000,16900000,2,350,15800000,3100000,14300000,6800000,Approved,40000000,3.19,0.42,High,Poor,Medium Risk,Not Eligible
1100,Sarah N. Jones,Female,Single,1,Graduate,No,6700000,18700000,8,583,9300000,4100000,17100000,6900000,Approved,37400000,2.79,0.5,High,Fair,Medium Risk,Eligible
1101,Betty V. Hernandez,Female,Divorced,2,Not Graduate,No,4000000,9400000,8,874,4400000,3700000,10200000,4800000,Approved,23100000,2.35,0.41,Medium,Excellent,Low Risk,Eligible
1102,Andrew N. Lopez,Male,Married,2,Not Graduate,Yes,3900000,11600000,8,808,5800000,3100000,12900000,5000000,Approved,26800000,2.97,0.43,Medium,Excellent,Low Risk,Eligible
1103,Lisa Rodriguez,Female,Single,1,Graduate,Yes,1600000,4900000,16,487,4300000,1100000,3900000,2000000,Rejected,11300000,3.06,0.43,Low,Poor,Medium Risk,Not Eligible
1104,Margaret S. Davis,Female,Married,3,Graduate,No,2700000,7800000,14,870,5400000,5300000,5700000,2100000,Approved,18500000,2.89,0.42,Medium,Excellent,Low Risk,Eligible
1105,Barbara V. Hernandez,Female,Single,3,Graduate,No,1400000,3800000,8,840,1700000,200000,5300000,1500000,Approved,8700000,2.71,0.44,Low,Excellent,Low Risk,Eligible
1106,James Wilson,Male,Single,4,Not Graduate,Yes,8000000,19200000,18,682,2500000,8900000,19000000,5300000,Approved,35700000,2.4,0.54,Very High,Good,Medium Risk,Eligible
1107,Nancy I. Davis,Female,Single,3,Graduate,Yes,8200000,28900000,10,668,23800000,4500000,28700000,10900000,Approved,67900000,3.52,0.43,Very High,Good,Medium Risk,Eligible
1108,Kenneth Williams,Male,Married,5,Graduate,Yes,4800000,10300000,8,781,4800000,6800000,11100000,4300000,Approved,27000000,2.15,0.38,Medium,Excellent,Low Risk,Eligible
1109,Kenneth D. Brown,Male,Single,4,Graduate,No,8100000,19000000,6,375,4100000,14500000,19100000,11900000,Rejected,49600000,2.35,0.38,Very High,Poor,Medium Risk,Not Eligible
1110,Anthony F. Jackson,Male,Divorced,4,Not Graduate,No,5900000,14900000,14,857,2600000,9500000,16000000,3500000,Approved,31600000,2.53,0.47,High,Excellent,Low Risk,Eligible
1111,Charles Martinez,Male,Divorced,5,Graduate,Yes,8100000,32100000,6,823,18200000,1800000,24100000,6500000,Approved,50600000,3.96,0.63,Very High,Excellent,Low Risk,Eligible
1112,Sarah V. Wilson,Female,Married,0,Graduate,No,1400000,5000000,8,686,1800000,1900000,3200000,1500000,Approved,8400000,3.57,0.6,Low,Good,Medium Risk,Eligible
1113,Sarah I. Garcia,Female,Married,1,Graduate,No,1600000,6300000,2,721,3000000,600000,5200000,900000,Approved,9700000,3.94,0.65,Low,Good,Low Risk,Eligible
1114,Betty I. Hernandez,Female,Divorced,4,Graduate,No,4600000,9400000,18,545,800000,2400000,11500000,6300000,Rejected,21000000,2.04,0.45,Medium,Poor,Medium Risk,Not Eligible
1115,Barbara Anderson,Female,Widowed,1,Not Graduate,No,2900000,8900000,6,523,900000,5600000,9700000,1800000,Rejected,18000000,3.07,0.49,Medium,Poor,Medium Risk,Not Eligible
1116,Kenneth Gonzalez,Male,Married,2,Graduate,Yes,8600000,24900000,20,607,13600000,7600000,31800000,5400000,Approved,58400000,2.9,0.43,Very High,Fair,Medium Risk,Eligible
1117,Andrew Wilson,Male,Married,4,Not Graduate,No,3800000,14900000,20,428,6500000,3500000,12200000,2500000,Rejected,24700000,3.92,0.6,Medium,Poor,Medium Risk,Not Eligible
1118,Sarah Brown,Female,Single,0,Not Graduate,No,8200000,20300000,4,666,13100000,10200000,25900000,7800000,Approved,57000000,2.48,0.36,Very High,Good,Medium Risk,Eligible
1119,Margaret E. Smith,Female,Married,3,Graduate,No,3200000,10100000,20,704,3400000,4800000,9000000,3900000,Approved,21100000,3.16,0.48,Medium,Good,Low Risk,Eligible
1120,Robert Gonzalez,Male,Married,0,Not Graduate,Yes,8100000,23800000,10,794,5400000,15500000,20700000,8800000,Approved,50400000,2.94,0.47,Very High,Excellent,Low Risk,Eligible
1121,Donna Y. Smith,Female,Married,1,Graduate,Yes,9800000,23300000,12,430,3200000,12600000,30500000,13900000,Rejected,60200000,2.38,0.39,Very High,Poor,Medium Risk,Not Eligible
1122,Betty A. Williams,Female,Single,0,Not Graduate,No,200000,500000,20,615,500000,200000,600000,200000,Approved,1500000,2.5,0.33,Low,Fair,Medium Risk,Eligible
1123,Linda L. Jackson,Female,Single,0,Not Graduate,No,6600000,14100000,20,360,6800000,5100000,25400000,7800000,Rejected,45100000,2.14,0.31,High,Poor,Medium Risk,Not Eligible
1124,Betty U. Johnson,Female,Single,0,Not Graduate,No,9100000,18300000,14,458,6100000,9200000,34100000,10000000,Rejected,59400000,2.01,0.31,Very High,Poor,Medium Risk,Not Eligible
1125,Jennifer J. Anderson,Female,Married,2,Not Graduate,No,5500000,20400000,12,887,8800000,9400000,12300000,3300000,Approved,33800000,3.71,0.6,High,Excellent,Low Risk,Eligible
1126,Andrew V. Johnson,Male,Single,4,Not Graduate,No,7200000,27400000,8,735,14100000,14200000,19400000,9500000,Approved,57200000,3.81,0.48,High,Good,Low Risk,Eligible
1127,Linda Lopez,Female,Divorced,1,Not Graduate,No,2400000,5600000,16,379,3700000,600000,7200000,3400000,Rejected,14900000,2.33,0.38,Low,Poor,Medium Risk,Not Eligible
1128,Susan Jones,Female,Single,4,Graduate,No,9600000,25500000,20,544,4000000,11400000,23800000,11100000,Rejected,50300000,2.66,0.51,Very High,Poor,Medium Risk,Not Eligible
1129,Steven Gonzalez,Male,Married,1,Graduate,Yes,5800000,16700000,12,721,1100000,9700000,17200000,7500000,Approved,35500000,2.88,0.47,High,Good,Low Risk,Eligible
1130,Ashley Z. Moore,Female,Married,4,Not Graduate,No,2300000,6000000,8,676,6000000,400000,4800000,2200000,Approved,13400000,2.61,0.45,Low,Good,Medium Risk,Eligible
1131,Robert Hernandez,Male,Married,1,Not Graduate,No,300000,1200000,4,342,800000,100000,1100000,200000,Approved,2200000,4.0,0.55,Low,Poor,Medium Risk,Not Eligible
1132,Anthony Brown,Male,Married,0,Not Graduate,No,9900000,27000000,16,566,3500000,17300000,36900000,11500000,Approved,69200000,2.73,0.39,Very High,Fair,Medium Risk,Eligible
1133,Emily H. Jones,Female,Divorced,2,Not Graduate,No,3500000,14000000,2,355,8700000,1600000,11800000,2900000,Approved,25000000,4.0,0.56,Medium,Poor,Medium Risk,Not Eligible
1134,David P. Thomas,Male,Divorced,2,Graduate,No,4800000,18500000,20,605,5700000,5500000,14700000,5800000,Approved,31700000,3.85,0.58,Medium,Fair,Medium Risk,Eligible
1135,Thomas Jones,Male,Married,2,Not Graduate,No,1600000,5200000,16,525,300000,2900000,5600000,1600000,Rejected,10400000,3.25,0.5,Low,Poor,Medium Risk,Not Eligible
1136,Linda S. Anderson,Female,Single,5,Graduate,Yes,800000,2500000,12,403,500000,0,3200000,800000,Rejected,4500000,3.12,0.56,Low,Poor,Medium Risk,Not Eligible
1137,William T. Thomas,Male,Single,1,Graduate,Yes,9000000,33500000,18,727,18800000,10500000,28100000,5300000,Approved,62700000,3.72,0.53,Very High,Good,Low Risk,Eligible
1138,Mark X. Hernandez,Male,Married,1,Graduate,No,8300000,28900000,12,529,18300000,3900000,32500000,5800000,Rejected,60500000,3.48,0.48,Very High,Poor,Medium Risk,Not Eligible
1139,Linda K. Jackson,Female,Married,4,Graduate,No,2800000,6100000,18,415,2200000,4200000,8400000,2000000,Rejected,16800000,2.18,0.36,Medium,Poor,Medium Risk,Not Eligible
1140,Robert Jackson,Male,Single,1,Graduate,Yes,6400000,17300000,10,879,10000000,1100000,15400000,8200000,Approved,34700000,2.7,0.5,High,Excellent,Low Risk,Eligible
1141,Elizabeth Wilson,Female,Single,2,Not Graduate,Yes,6000000,12600000,16,649,4800000,5300000,23900000,5100000,Approved,39100000,2.1,0.32,High,Fair,Medium Risk,Eligible
1142,Donald B. Davis,Male,Single,0,Graduate,No,2900000,9800000,16,395,5400000,4300000,8600000,2400000,Rejected,20700000,3.38,0.47,Medium,Poor,Medium Risk,Not Eligible
1143,Barbara C. Smith,Female,Single,0,Graduate,No,6500000,24100000,20,488,3300000,6000000,22900000,9700000,Rejected,41900000,3.71,0.58,High,Poor,Medium Risk,Not Eligible
1144,Michael N. Jackson,Male,Married,1,Graduate,Yes,200000,400000,8,569,200000,200000,700000,300000,Approved,1400000,2.0,0.29,Low,Fair,Medium Risk,Eligible
1145,Elizabeth Miller,Female,Single,1,Not Graduate,No,8400000,24600000,14,817,1800000,13100000,31300000,8200000,Approved,54400000,2.93,0.45,Very High,Excellent,Low Risk,Eligible
1146,Sandra T. Davis,Female,Married,1,Graduate,Yes,6100000,17800000,20,706,16000000,10900000,16900000,4300000,Approved,48100000,2.92,0.37,High,Good,Low Risk,Eligible
1147,Steven U. Martin,Male,Married,2,Graduate,Yes,8000000,31200000,8,553,6800000,3500000,21000000,10300000,Approved,41600000,3.9,0.75,Very High,Fair,Medium Risk,Eligible
1148,Nancy Wilson,Female,Single,5,Not Graduate,Yes,900000,1800000,14,464,2300000,300000,1800000,700000,Rejected,5100000,2.0,0.35,Low,Poor,Medium Risk,Not Eligible
1149,Paul Y. Brown,Male,Widowed,2,Graduate,No,7300000,20000000,6,729,13100000,10700000,17900000,9100000,Approved,50800000,2.74,0.39,High,Good,Low Risk,Eligible
1150,Donald Miller,Male,Single,4,Not Graduate,Yes,3700000,7400000,12,363,4800000,6800000,10500000,4400000,Rejected,26500000,2.0,0.28,Medium,Poor,Medium Risk,Not Eligible
1151,Steven Thomas,Male,Married,2,Graduate,No,5200000,17200000,12,565,3500000,1300000,20000000,6300000,Approved,31100000,3.31,0.55,High,Fair,Medium Risk,Eligible
1152,Robert Lopez,Male,Married,1,Graduate,No,7200000,21000000,14,421,3500000,11600000,21800000,4600000,Rejected,41500000,2.92,0.51,High,Poor,Medium Risk,Not Eligible
1153,Michelle Anderson,Female,Married,0,Not Graduate,Yes,9400000,34200000,10,512,13100000,15600000,32600000,6300000,Rejected,67600000,3.64,0.51,Very High,Poor,Medium Risk,Not Eligible
1154,Richard Smith,Male,Single,3,Not Graduate,Yes,3400000,12400000,2,730,2500000,3900000,12200000,4600000,Approved,23200000,3.65,0.53,Medium,Good,Low Risk,Eligible
1155,Donald N. Jackson,Male,Single,0,Graduate,No,600000,2300000,8,627,1800000,500000,2200000,300000,Approved,4800000,3.83,0.48,Low,Fair,Medium Risk,Eligible
1156,Jessica Brown,Female,Single,0,Not Graduate,Yes,3300000,10000000,16,434,3000000,4100000,12900000,4100000,Rejected,24100000,3.03,0.41,Medium,Poor,Medium Risk,Not Eligible
1157,Susan C. Gonzalez,Female,Married,2,Graduate,Yes,5900000,14300000,2,410,11900000,4400000,16900000,4100000,Rejected,37300000,2.42,0.38,High,Poor,Medium Risk,Not Eligible
1158,Patricia Wilson,Female,Divorced,3,Not Graduate,No,1300000,3600000,16,624,2400000,2300000,3300000,1900000,Approved,9900000,2.77,0.36,Low,Fair,Medium Risk,Eligible
1159,Barbara Gonzalez,Female,Married,4,Graduate,Yes,5700000,16900000,4,656,13000000,7400000,22000000,8400000,Approved,50800000,2.96,0.33,High,Good,Medium Risk,Eligible
1160,Matthew Rodriguez,Male,Single,2,Not Graduate,No,7700000,27300000,16,758,7300000,4600000,24800000,9100000,Approved,45800000,3.55,0.6,Very High,Excellent,Low Risk,Eligible
1161,Charles Jones,Male,Married,4,Not Graduate,Yes,7000000,23500000,18,336,15000000,9500000,19700000,7800000,Rejected,52000000,3.36,0.45,High,Poor,Medium Risk,Not Eligible
1162,Barbara Hernandez,Female,Single,5,Graduate,No,8100000,21900000,18,378,5200000,3400000,16200000,9600000,Rejected,34400000,2.7,0.64,Very High,Poor,Medium Risk,Not Eligible
1163,Kenneth R. Garcia,Male,Divorced,1,Graduate,Yes,1900000,4200000,4,620,4700000,2800000,7500000,900000,Approved,15900000,2.21,0.26,Low,Fair,Medium Risk,Eligible
1164,Mark Taylor,Male,Widowed,2,Graduate,No,4500000,9100000,18,593,0,600000,12400000,2500000,Approved,15500000,2.02,0.59,Medium,Fair,Medium Risk,Eligible
1165,Margaret Rodriguez,Female,Married,0,Not Graduate,Yes,9600000,34000000,12,710,23800000,10300000,38100000,7800000,Approved,80000000,3.54,0.42,Very High,Good,Low Risk,Eligible
1166,Thomas Hernandez,Male,Single,1,Not Graduate,Yes,5400000,20700000,8,753,1900000,800000,19000000,3600000,Approved,25300000,3.83,0.82,High,Excellent,Low Risk,Eligible
1167,Joshua Smith,Male,Single,1,Not Graduate,Yes,7800000,27200000,16,454,16100000,3400000,17100000,11400000,Rejected,48000000,3.49,0.57,Very High,Poor,Medium Risk,Not Eligible
1168,Kimberley Johnson,Female,Single,1,Graduate,Yes,8200000,19100000,8,619,17200000,12200000,31500000,6600000,Approved,67500000,2.33,0.28,Very High,Fair,Medium Risk,Eligible
1169,Donald Thomas,Male,Married,2,Graduate,No,8900000,28500000,6,367,22200000,16600000,21500000,9300000,Rejected,69600000,3.2,0.41,Very High,Poor,Medium Risk,Not Eligible
1170,Mark Miller,Male,Single,1,Graduate,No,1400000,3100000,20,384,200000,1200000,4200000,1800000,Rejected,7400000,2.21,0.42,Low,Poor,Medium Risk,Not Eligible
1171,James F. Thomas,Male,Married,2,Graduate,No,1700000,5900000,16,610,3100000,300000,3700000,1300000,Approved,8400000,3.47,0.7,Low,Fair,Medium Risk,Eligible
1172,Donald W. Anderson,Male,Married,0,Graduate,No,5300000,19500000,12,802,9800000,3300000,15200000,3200000,Approved,31500000,3.68,0.62,High,Excellent,Low Risk,Eligible
1173,Margaret C. Smith,Female,Single,3,Graduate,No,6500000,25200000,10,858,15400000,10900000,14000000,8100000,Approved,48400000,3.88,0.52,High,Excellent,Low Risk,Eligible
1174,Kimberley Johnson,Female,Married,2,Graduate,No,5900000,14000000,8,599,4700000,9500000,17800000,6700000,Approved,38700000,2.37,0.36,High,Fair,Medium Risk,Eligible
1175,Michael X. Martin,Male,Divorced,4,Graduate,Yes,9800000,27000000,2,395,18700000,3000000,23000000,9700000,Rejected,54400000,2.76,0.5,Very High,Poor,Medium Risk,Not Eligible
1176,Patricia Brown,Female,Married,3,Graduate,Yes,7700000,16200000,6,380,11500000,15100000,22500000,6400000,Rejected,55500000,2.1,0.29,Very High,Poor,Medium Risk,Not Eligible
1177,Matthew Lopez,Male,Married,1,Graduate,No,7900000,27100000,10,803,20000000,9800000,22200000,6600000,Approved,58600000,3.43,0.46,Very High,Excellent,Low Risk,Eligible
1178,Andrew Miller,Male,Single,4,Graduate,No,3500000,8900000,20,809,7100000,1500000,13700000,3200000,Approved,25500000,2.54,0.35,Medium,Excellent,Low Risk,Eligible
1179,Steven W. Jackson,Male,Single,4,Not Graduate,No,2400000,6600000,2,722,6100000,3300000,5600000,3000000,Approved,18000000,2.75,0.37,Low,Good,Low Risk,Eligible
1180,Daniel Q. Lopez,Male,Married,5,Graduate,No,9900000,35700000,10,392,7900000,4300000,39200000,13000000,Rejected,64400000,3.61,0.55,Very High,Poor,Medium Risk,Not Eligible
1181,Patricia Williams,Female,Married,0,Graduate,No,3900000,14500000,8,545,5900000,3000000,10300000,3400000,Rejected,22600000,3.72,0.64,Medium,Poor,Medium Risk,Not Eligible
1182,Steven R. Moore,Male,Divorced,2,Not Graduate,Yes,7300000,28500000,10,799,21500000,3100000,15800000,4300000,Approved,44700000,3.9,0.64,High,Excellent,Low Risk,Eligible
1183,Michelle W. Lopez,Female,Married,0,Graduate,Yes,6400000,21900000,12,727,15400000,10100000,24000000,5300000,Approved,54800000,3.42,0.4,High,Good,Low Risk,Eligible
1184,Joseph Anderson,Male,Single,4,Graduate,No,7100000,19800000,18,530,7100000,3400000,20900000,7100000,Rejected,38500000,2.79,0.51,High,Poor,Medium Risk,Not Eligible
1185,Christopher Williams,Male,Single,2,Not Graduate,No,8800000,19000000,14,637,13700000,13900000,27100000,6100000,Approved,60800000,2.16,0.31,Very High,Fair,Medium Risk,Eligible
1186,Steven Q. Jones,Male,Divorced,5,Graduate,No,7400000,21000000,4,561,21300000,3800000,26400000,3900000,Approved,55400000,2.84,0.38,High,Fair,Medium Risk,Eligible
1187,Christopher R. Wilson,Male,Divorced,2,Not Graduate,No,4400000,12000000,20,421,9300000,2700000,15700000,3400000,Rejected,31100000,2.73,0.39,Medium,Poor,Medium Risk,Not Eligible
1188,Nancy Wilson,Female,Married,3,Graduate,Yes,8600000,30300000,14,459,12000000,4100000,23800000,9100000,Rejected,49000000,3.52,0.62,Very High,Poor,Medium Risk,Not Eligible
1189,Susan Williams,Female,Married,3,Not Graduate,No,6900000,26000000,14,828,14800000,4200000,18500000,3600000,Approved,41100000,3.77,0.63,High,Excellent,Low Risk,Eligible
1190,Sandra Jackson,Female,Married,4,Graduate,No,9600000,27500000,20,679,23400000,7500000,37800000,6300000,Approved,75000000,2.86,0.37,Very High,Good,Medium Risk,Eligible
1191,Ashley Q. Jackson,Female,Married,2,Graduate,Yes,8100000,25700000,8,455,22300000,11500000,19800000,9500000,Rejected,63100000,3.17,0.41,Very High,Poor,Medium Risk,Not Eligible
1192,Margaret Z. Martinez,Female,Single,0,Not Graduate,No,2600000,9400000,18,879,2800000,1400000,5100000,2300000,Approved,11600000,3.62,0.81,Medium,Excellent,Low Risk,Eligible
1193,Jessica Thomas,Female,Single,3,Graduate,Yes,9300000,26100000,14,636,4700000,16100000,34500000,11600000,Approved,66900000,2.81,0.39,Very High,Fair,Medium Risk,Eligible
1194,David Lopez,Male,Divorced,2,Not Graduate,Yes,2100000,5600000,16,426,400000,300000,7100000,1200000,Rejected,9000000,2.67,0.62,Low,Poor,Medium Risk,Not Eligible
1195,Andrew Martinez,Male,Single,4,Not Graduate,Yes,9000000,21500000,14,508,16600000,17300000,24300000,13100000,Rejected,71300000,2.39,0.3,Very High,Poor,Medium Risk,Not Eligible
1196,Richard Davis,Male,Widowed,3,Not Graduate,Yes,7000000,19200000,4,768,8600000,13700000,19200000,7700000,Approved,49200000,2.74,0.39,High,Excellent,Low Risk,Eligible
1197,Donald Rodriguez,Male,Single,3,Not Graduate,No,2200000,6400000,20,667,6300000,3900000,8300000,2900000,Approved,21400000,2.91,0.3,Low,Good,Medium Risk,Eligible
1198,Daniel Lopez,Male,Married,5,Graduate,Yes,7500000,28200000,2,440,8200000,5800000,24400000,6000000,Approved,44400000,3.76,0.64,High,Poor,Medium Risk,Not Eligible
1199,Andrew Martinez,Male,Single,1,Graduate,Yes,8300000,16800000,2,366,22000000,6600000,27300000,4500000,Rejected,60400000,2.02,0.28,Very High,Poor,Medium Risk,Not Eligible
1200,Elizabeth E. Anderson,Female,Single,2,Not Graduate,No,300000,600000,2,383,600000,300000,1100000,400000,Rejected,2400000,2.0,0.25,Low,Poor,Medium Risk,Not Eligible
1201,Karen Y. Thomas,Female,Widowed,0,Not Graduate,Yes,300000,800000,4,603,800000,200000,600000,200000,Approved,1800000,2.67,0.44,Low,Fair,Medium Risk,Eligible
1202,Joshua Anderson,Male,Single,3,Graduate,No,3900000,14900000,4,728,4700000,4000000,14900000,5500000,Approved,29100000,3.82,0.51,Medium,Good,Low Risk,Eligible
1203,Patricia D. Jones,Female,Single,0,Not Graduate,No,6600000,20300000,6,549,10800000,900000,23100000,9800000,Rejected,44600000,3.08,0.46,High,Poor,Medium Risk,Not Eligible
1204,Michelle Davis,Female,Single,0,Graduate,No,4100000,10700000,8,855,11500000,700000,11200000,3100000,Approved,26500000,2.61,0.4,Medium,Excellent,Low Risk,Eligible
1205,Kenneth H. Miller,Male,Married,5,Graduate,Yes,1800000,5300000,12,461,2800000,2000000,4700000,2000000,Rejected,11500000,2.94,0.46,Low,Poor,Medium Risk,Not Eligible
1206,Susan Smith,Female,Married,3,Not Graduate,Yes,7000000,16100000,16,379,2000000,5200000,23000000,10000000,Rejected,40200000,2.3,0.4,High,Poor,Medium Risk,Not Eligible
1207,Paul Gonzalez,Male,Single,2,Not Graduate,Yes,5100000,13700000,6,559,7800000,9800000,12700000,5100000,Approved,35400000,2.69,0.39,High,Fair,Medium Risk,Eligible
1208,Matthew Gonzalez,Male,Divorced,1,Not Graduate,Yes,300000,600000,8,816,600000,300000,1100000,200000,Approved,2200000,2.0,0.27,Low,Excellent,Low Risk,Eligible
1209,Betty Lopez,Female,Single,4,Not Graduate,Yes,4300000,11400000,2,560,10000000,3900000,8900000,3300000,Approved,26100000,2.65,0.44,Medium,Fair,Medium Risk,Eligible
1210,Margaret Moore,Female,Married,0,Graduate,Yes,3200000,12000000,14,645,5200000,1400000,12100000,3400000,Approved,22100000,3.75,0.54,Medium,Fair,Medium Risk,Eligible
1211,Sandra Anderson,Female,Married,4,Not Graduate,Yes,4200000,11500000,6,551,10600000,7600000,11300000,5000000,Approved,34500000,2.74,0.33,Medium,Fair,Medium Risk,Eligible
1212,Sandra T. Jones,Female,Single,0,Not Graduate,Yes,9600000,22900000,8,515,4300000,14700000,33300000,7800000,Rejected,60100000,2.39,0.38,Very High,Poor,Medium Risk,Not Eligible
1213,Christopher Q. Thomas,Male,Widowed,4,Graduate,No,1300000,3600000,10,657,3200000,1900000,2900000,1100000,Approved,9100000,2.77,0.4,Low,Good,Medium Risk,Eligible
1214,Joshua Gonzalez,Male,Married,3,Not Graduate,No,2400000,9300000,2,682,3100000,4400000,5200000,1500000,Approved,14200000,3.88,0.65,Low,Good,Medium Risk,Eligible
1215,Sandra W. Garcia,Female,Married,0,Graduate,No,600000,1600000,10,588,1600000,100000,1100000,300000,Approved,3100000,2.67,0.52,Low,Fair,Medium Risk,Eligible
1216,Joseph J. Garcia,Male,Married,5,Graduate,Yes,9600000,38000000,10,359,2100000,13600000,38200000,9400000,Rejected,63300000,3.96,0.6,Very High,Poor,Medium Risk,Not Eligible
1217,Christopher Jackson,Male,Married,0,Graduate,No,400000,1200000,4,766,900000,300000,1200000,300000,Approved,2700000,3.0,0.44,Low,Excellent,Low Risk,Eligible
1218,Jessica E. Smith,Female,Single,4,Graduate,No,5900000,19900000,14,469,14200000,6800000,22100000,3200000,Rejected,46300000,3.37,0.43,High,Poor,Medium Risk,Not Eligible
1219,Linda Martinez,Female,Married,0,Graduate,Yes,700000,1400000,10,618,1300000,200000,1700000,500000,Approved,3700000,2.0,0.38,Low,Fair,Medium Risk,Eligible
1220,James P. Brown,Male,Widowed,0,Not Graduate,Yes,8600000,17700000,20,711,22000000,0,30800000,7400000,Approved,60200000,2.06,0.29,Very High,Good,Low Risk,Eligible
1221,Kenneth S. Lopez,Male,Married,0,Graduate,Yes,9000000,34000000,4,549,2000000,8900000,20000000,12400000,Approved,43300000,3.78,0.79,Very High,Poor,Medium Risk,Not Eligible
1222,Ashley Brown,Female,Married,3,Graduate,Yes,5100000,20400000,6,754,1700000,2600000,11800000,7600000,Approved,23700000,4.0,0.86,High,Excellent,Low Risk,Eligible
1223,Charles E. Garcia,Male,Single,4,Not Graduate,Yes,500000,1500000,6,461,1300000,500000,1700000,200000,Rejected,3700000,3.0,0.41,Low,Poor,Medium Risk,Not Eligible
1224,Matthew Garcia,Male,Single,2,Graduate,No,1600000,3800000,10,837,3800000,1100000,5500000,1600000,Approved,12000000,2.38,0.32,Low,Excellent,Low Risk,Eligible
1225,Patricia Martinez,Female,Married,0,Graduate,Yes,9800000,23900000,14,459,1000000,13400000,21100000,7200000,Rejected,42700000,2.44,0.56,Very High,Poor,Medium Risk,Not Eligible
1226,Paul F. Miller,Male,Married,4,Graduate,No,7800000,29700000,20,614,22000000,700000,26800000,6300000,Approved,55800000,3.81,0.53,Very High,Fair,Medium Risk,Eligible
1227,Andrew V. Hernandez,Male,Married,4,Not Graduate,No,6500000,24000000,16,373,5600000,5100000,15600000,6700000,Rejected,33000000,3.69,0.73,High,Poor,Medium Risk,Not Eligible
1228,Nancy L. Brown,Female,Married,5,Graduate,Yes,7500000,26500000,12,512,16500000,2900000,23700000,6000000,Rejected,49100000,3.53,0.54,High,Poor,Medium Risk,Not Eligible
1229,David Taylor,Male,Married,4,Graduate,Yes,8900000,23400000,18,781,16500000,3100000,24900000,5800000,Approved,50300000,2.63,0.47,Very High,Excellent,Low Risk,Eligible
1230,Lisa Garcia,Female,Single,4,Graduate,Yes,1800000,5800000,14,305,600000,3300000,3600000,2000000,Rejected,9500000,3.22,0.61,Low,Poor,Medium Risk,Not Eligible
1231,Joseph Q. Moore,Male,Married,1,Not Graduate,Yes,7600000,27800000,6,447,1300000,700000,20100000,10900000,Rejected,33000000,3.66,0.84,Very High,Poor,Medium Risk,Not Eligible
1232,Mark D. Anderson,Male,Married,4,Graduate,Yes,1200000,4600000,6,757,1900000,200000,4800000,1500000,Approved,8400000,3.83,0.55,Low,Excellent,Low Risk,Eligible
1233,Steven Lopez,Male,Single,5,Graduate,Yes,2700000,10400000,2,723,2800000,700000,10300000,1400000,Approved,15200000,3.85,0.68,Medium,Good,Low Risk,Eligible
1234,Michelle K. Taylor,Female,Single,1,Not Graduate,Yes,4600000,10900000,12,463,1200000,1200000,10900000,6600000,Rejected,19900000,2.37,0.55,Medium,Poor,Medium Risk,Not Eligible
1235,Mary Brown,Female,Divorced,2,Not Graduate,No,6900000,18700000,10,699,12800000,5700000,21200000,5200000,Approved,44900000,2.71,0.42,High,Good,Medium Risk,Eligible
1236,Thomas Martinez,Male,Single,4,Graduate,Yes,8400000,25200000,2,308,8100000,9300000,27700000,10500000,Approved,55600000,3.0,0.45,Very High,Poor,Medium Risk,Not Eligible
1237,Mark Brown,Male,Married,0,Graduate,No,300000,500000,18,702,300000,400000,1200000,100000,Approved,2000000,1.67,0.25,Low,Good,Low Risk,Eligible
1238,Patricia Miller,Female,Married,2,Not Graduate,Yes,9500000,37500000,4,456,10200000,16800000,34100000,12900000,Approved,74000000,3.95,0.51,Very High,Poor,Medium Risk,Not Eligible
1239,Steven B. Brown,Male,Single,3,Graduate,Yes,1900000,5900000,8,651,700000,2100000,6200000,1500000,Approved,10500000,3.11,0.56,Low,Good,Medium Risk,Eligible
1240,William G. Brown,Male,Married,3,Not Graduate,No,4200000,14500000,20,840,4500000,5900000,8900000,4600000,Approved,23900000,3.45,0.61,Medium,Excellent,Low Risk,Eligible
1241,Richard Lopez,Male,Single,4,Graduate,Yes,2200000,7900000,18,848,5100000,1700000,8500000,1600000,Approved,16900000,3.59,0.47,Low,Excellent,Low Risk,Eligible
1242,Donna Lopez,Female,Divorced,5,Graduate,Yes,7100000,19700000,4,727,7700000,12900000,23600000,5800000,Approved,50000000,2.77,0.39,High,Good,Low Risk,Eligible
1243,Paul Jackson,Male,Married,4,Graduate,No,3500000,11600000,10,335,6300000,5200000,10300000,2300000,Rejected,24100000,3.31,0.48,Medium,Poor,Medium Risk,Not Eligible
1244,Paul J. Miller,Male,Single,5,Not Graduate,No,400000,800000,18,304,900000,500000,1400000,400000,Rejected,3200000,2.0,0.25,Low,Poor,Medium Risk,Not Eligible
1245,William W. Miller,Male,Married,2,Graduate,Yes,8800000,34400000,2,712,10500000,12500000,29300000,5900000,Approved,58200000,3.91,0.59,Very High,Good,Low Risk,Eligible
1246,Donald Brown,Male,Single,0,Not Graduate,No,1800000,6600000,10,737,5000000,2000000,6000000,1500000,Approved,14500000,3.67,0.46,Low,Good,Low Risk,Eligible
1247,Sandra N. Miller,Female,Single,1,Graduate,Yes,7600000,29300000,14,690,13900000,4000000,30000000,9100000,Approved,57000000,3.86,0.51,Very High,Good,Medium Risk,Eligible
1248,Linda Anderson,Female,Single,1,Graduate,Yes,1000000,3200000,4,888,2000000,1500000,2200000,1300000,Approved,7000000,3.2,0.46,Low,Excellent,Low Risk,Eligible
1249,Karen C. Moore,Female,Single,2,Not Graduate,Yes,8200000,27200000,10,839,9200000,6400000,25500000,6000000,Approved,47100000,3.32,0.58,Very High,Excellent,Low Risk,Eligible
1250,Anthony Martinez,Male,Married,5,Not Graduate,Yes,3600000,12400000,8,333,8800000,1000000,10700000,4000000,Rejected,24500000,3.44,0.51,Medium,Poor,Medium Risk,Not Eligible
1251,Jessica Moore,Female,Widowed,5,Graduate,No,9400000,23700000,18,862,21500000,3500000,22400000,5600000,Approved,53000000,2.52,0.45,Very High,Excellent,Low Risk,Eligible
1252,Susan Z. Williams,Female,Married,5,Not Graduate,No,2600000,9100000,4,309,6400000,1400000,5900000,3400000,Approved,17100000,3.5,0.53,Medium,Poor,Medium Risk,Not Eligible
1253,Barbara P. Smith,Female,Married,5,Not Graduate,No,9500000,30700000,10,823,16300000,3700000,30300000,13100000,Approved,63400000,3.23,0.48,Very High,Excellent,Low Risk,Eligible
1254,Margaret C. Taylor,Female,Single,0,Graduate,Yes,3500000,11700000,14,649,2700000,700000,11400000,4800000,Approved,19600000,3.34,0.6,Medium,Fair,Medium Risk,Eligible
1255,Betty X. Jackson,Female,Divorced,5,Not Graduate,Yes,9800000,35700000,10,726,9400000,18900000,31200000,12000000,Approved,71500000,3.64,0.5,Very High,Good,Low Risk,Eligible
1256,Michael K. Lopez,Male,Single,4,Graduate,No,800000,3100000,18,712,400000,700000,1900000,1100000,Approved,4100000,3.88,0.76,Low,Good,Low Risk,Eligible
1257,Linda X. Davis,Female,Married,0,Not Graduate,No,9700000,37300000,20,701,12100000,16200000,24100000,10500000,Approved,62900000,3.85,0.59,Very High,Good,Low Risk,Eligible
1258,Betty Lopez,Female,Married,3,Graduate,No,6200000,21300000,12,655,6500000,11600000,19200000,5000000,Approved,42300000,3.44,0.5,High,Good,Medium Risk,Eligible
1259,Ashley Taylor,Female,Married,1,Not Graduate,Yes,4400000,16600000,18,385,800000,5300000,13400000,5100000,Rejected,24600000,3.77,0.67,Medium,Poor,Medium Risk,Not Eligible
1260,William Rodriguez,Male,Single,2,Graduate,No,1800000,3800000,4,777,5100000,2700000,4600000,1400000,Approved,13800000,2.11,0.28,Low,Excellent,Low Risk,Eligible
1261,James C. Brown,Male,Married,3,Graduate,No,1700000,5300000,14,696,300000,700000,4500000,800000,Approved,6300000,3.12,0.84,Low,Good,Medium Risk,Eligible
1262,Richard K. Gonzalez,Male,Single,3,Graduate,No,3900000,14100000,16,496,2500000,2200000,13700000,2900000,Rejected,21300000,3.62,0.66,Medium,Poor,Medium Risk,Not Eligible
1263,Michael Z. Taylor,Male,Married,2,Graduate,Yes,2200000,7900000,6,659,3400000,1800000,8600000,2400000,Approved,16200000,3.59,0.49,Low,Good,Medium Risk,Eligible
1264,Ashley R. Thomas,Female,Single,3,Not Graduate,Yes,6300000,17700000,2,542,16800000,900000,16400000,5300000,Rejected,39400000,2.81,0.45,High,Poor,Medium Risk,Not Eligible
1265,Robert D. Wilson,Male,Single,2,Not Graduate,No,2200000,8700000,18,729,3900000,3300000,7600000,1300000,Approved,16100000,3.95,0.54,Low,Good,Low Risk,Eligible
1266,Betty Anderson,Female,Single,1,Graduate,No,8100000,28400000,6,744,20300000,10500000,21800000,7700000,Approved,60300000,3.51,0.47,Very High,Good,Low Risk,Eligible
1267,Barbara Thomas,Female,Single,4,Not Graduate,No,6800000,17000000,2,749,18000000,3800000,27100000,9400000,Approved,58300000,2.5,0.29,High,Good,Low Risk,Eligible
1268,Ashley P. Brown,Female,Married,0,Graduate,No,4700000,14800000,20,755,12300000,5000000,15400000,3700000,Approved,36400000,3.15,0.41,Medium,Excellent,Low Risk,Eligible
1269,Ashley Q. Moore,Female,Single,3,Graduate,Yes,2200000,5300000,2,506,1600000,1700000,5800000,2800000,Rejected,11900000,2.41,0.45,Low,Poor,Medium Risk,Not Eligible
1270,Ashley T. Jackson,Female,Married,3,Graduate,Yes,3500000,13000000,6,391,6100000,3500000,13300000,4300000,Rejected,27200000,3.71,0.48,Medium,Poor,Medium Risk,Not Eligible
1271,Lisa Johnson,Female,Single,1,Not Graduate,Yes,3500000,11600000,10,898,3100000,2700000,9000000,4500000,Approved,19300000,3.31,0.6,Medium,Excellent,Low Risk,Eligible
1272,Nancy Jackson,Female,Divorced,5,Not Graduate,No,500000,1500000,12,527,100000,600000,1100000,200000,Rejected,2000000,3.0,0.75,Low,Poor,Medium Risk,Not Eligible
1273,Betty Brown,Female,Widowed,5,Not Graduate,No,9900000,35800000,20,470,9500000,18400000,39100000,14700000,Rejected,81700000,3.62,0.44,Very High,Poor,Medium Risk,Not Eligible
1274,Nancy H. Johnson,Female,Single,1,Graduate,No,8400000,25000000,12,694,5300000,14900000,23000000,7700000,Approved,50900000,2.98,0.49,Very High,Good,Medium Risk,Eligible
1275,Donna C. Williams,Female,Divorced,1,Graduate,No,5000000,18800000,14,325,13100000,5700000,12800000,4300000,Rejected,35900000,3.76,0.52,Medium,Poor,Medium Risk,Not Eligible
1276,Daniel Garcia,Male,Single,4,Not Graduate,Yes,5500000,13400000,10,880,300000,800000,19900000,2800000,Approved,23800000,2.44,0.56,High,Excellent,Low Risk,Eligible
1277,Sandra N. Jackson,Female,Single,5,Graduate,Yes,3000000,11900000,14,459,6000000,4800000,11700000,4200000,Rejected,26700000,3.97,0.45,Medium,Poor,Medium Risk,Not Eligible
1278,Donna M. Smith,Female,Married,3,Not Graduate,Yes,9400000,21400000,10,323,5100000,15500000,29600000,11300000,Rejected,61500000,2.28,0.35,Very High,Poor,Medium Risk,Not Eligible
1279,Donna D. Brown,Female,Married,4,Graduate,No,7600000,29000000,8,739,22100000,8100000,22100000,8800000,Approved,61100000,3.82,0.47,Very High,Good,Low Risk,Eligible
1280,Daniel Y. Thomas,Male,Married,0,Not Graduate,Yes,5500000,16300000,10,724,11900000,1500000,11900000,6200000,Approved,31500000,2.96,0.52,High,Good,Low Risk,Eligible
1281,Kenneth Martinez,Male,Married,1,Graduate,No,3100000,7400000,18,487,8400000,1200000,9200000,4500000,Rejected,23300000,2.39,0.32,Medium,Poor,Medium Risk,Not Eligible
1282,Jennifer Moore,Female,Single,3,Graduate,No,7700000,27700000,4,439,13900000,7500000,27100000,6200000,Approved,54700000,3.6,0.51,Very High,Poor,Medium Risk,Not Eligible
1283,Donna T. Gonzalez,Female,Married,2,Graduate,No,9800000,25400000,2,655,19900000,4600000,21300000,7900000,Approved,53700000,2.59,0.47,Very High,Good,Medium Risk,Eligible
1284,Joshua I. Brown,Male,Single,3,Not Graduate,No,3200000,9200000,14,443,3300000,1100000,7200000,4500000,Rejected,16100000,2.88,0.57,Medium,Poor,Medium Risk,Not Eligible
1285,Sandra Miller,Female,Single,2,Graduate,No,700000,2600000,20,489,100000,200000,2400000,900000,Rejected,3600000,3.71,0.72,Low,Poor,Medium Risk,Not Eligible
1286,Kimberley Martinez,Female,Married,4,Not Graduate,Yes,3100000,8600000,14,427,3100000,3800000,9900000,3700000,Rejected,20500000,2.77,0.42,Medium,Poor,Medium Risk,Not Eligible
1287,Mark Gonzalez,Male,Married,0,Graduate,Yes,4500000,10500000,20,417,9800000,2000000,9600000,5800000,Rejected,27200000,2.33,0.39,Medium,Poor,Medium Risk,Not Eligible
1288,James S. Taylor,Male,Married,5,Not Graduate,Yes,8900000,24800000,18,842,16200000,5000000,20000000,8100000,Approved,49300000,2.79,0.5,Very High,Excellent,Low Risk,Eligible
1289,Sarah Y. Moore,Female,Divorced,3,Not Graduate,No,5900000,23200000,2,307,15500000,10000000,21100000,6300000,Approved,52900000,3.93,0.44,High,Poor,Medium Risk,Not Eligible
1290,Paul Miller,Male,Single,2,Not Graduate,No,1500000,4500000,18,428,4500000,1200000,5600000,1100000,Rejected,12400000,3.0,0.36,Low,Poor,Medium Risk,Not Eligible
1291,Christopher Wilson,Male,Divorced,4,Not Graduate,Yes,6300000,15200000,16,415,15500000,1800000,20700000,7900000,Rejected,45900000,2.41,0.33,High,Poor,Medium Risk,Not Eligible
1292,Joseph Wilson,Male,Single,3,Not Graduate,Yes,6500000,18200000,20,405,10400000,2800000,21300000,6700000,Rejected,41200000,2.8,0.44,High,Poor,Medium Risk,Not Eligible
1293,Charles Martin,Male,Single,4,Graduate,No,8000000,31500000,18,683,10300000,7900000,30100000,9600000,Approved,57900000,3.94,0.54,Very High,Good,Medium Risk,Eligible
1294,Joseph Smith,Male,Married,1,Graduate,Yes,3300000,10600000,14,742,300000,600000,8400000,4500000,Approved,13800000,3.21,0.77,Medium,Good,Low Risk,Eligible
1295,Ashley N. Moore,Female,Married,4,Not Graduate,No,3900000,10000000,10,530,10900000,200000,12300000,1900000,Rejected,25300000,2.56,0.4,Medium,Poor,Medium Risk,Not Eligible
1296,Joseph Garcia,Male,Single,3,Graduate,No,1600000,3500000,10,844,4500000,2200000,5200000,1600000,Approved,13500000,2.19,0.26,Low,Excellent,Low Risk,Eligible
1297,Emily B. Garcia,Female,Widowed,2,Not Graduate,Yes,3900000,13900000,18,715,5000000,5600000,9900000,2100000,Approved,22600000,3.56,0.62,Medium,Good,Low Risk,Eligible
1298,Mary C. Johnson,Female,Single,3,Graduate,Yes,8000000,26300000,12,476,21700000,6600000,16400000,9000000,Rejected,53700000,3.29,0.49,Very High,Poor,Medium Risk,Not Eligible
1299,Jennifer V. Wilson,Female,Married,2,Graduate,No,2200000,4800000,6,721,1800000,100000,6900000,2200000,Approved,11000000,2.18,0.44,Low,Good,Low Risk,Eligible
1300,Anthony Jones,Male,Married,4,Not Graduate,No,7600000,30300000,12,339,20400000,8000000,22200000,5800000,Rejected,56400000,3.99,0.54,Very High,Poor,Medium Risk,Not Eligible
1301,Paul Q. Jackson,Male,Single,5,Not Graduate,Yes,2700000,6800000,6,461,4500000,2000000,8200000,1700000,Rejected,16400000,2.52,0.41,Medium,Poor,Medium Risk,Not Eligible
1302,Thomas Martin,Male,Married,2,Graduate,Yes,6300000,23200000,12,556,7000000,8300000,24200000,5300000,Approved,44800000,3.68,0.52,High,Fair,Medium Risk,Eligible
1303,Donna X. Gonzalez,Female,Single,3,Not Graduate,No,7700000,18700000,8,483,15100000,5600000,24600000,10200000,Rejected,55500000,2.43,0.34,Very High,Poor,Medium Risk,Not Eligible
1304,Susan Jones,Female,Single,2,Graduate,No,4500000,17200000,18,406,4100000,6300000,13800000,3300000,Rejected,27500000,3.82,0.63,Medium,Poor,Medium Risk,Not Eligible
1305,Margaret Wilson,Female,Married,2,Graduate,Yes,9400000,24800000,14,513,24200000,18200000,37200000,7500000,Rejected,87100000,2.64,0.28,Very High,Poor,Medium Risk,Not Eligible
1306,Emily D. Lopez,Female,Single,0,Not Graduate,No,4600000,12600000,16,574,3400000,6200000,15100000,3600000,Approved,28300000,2.74,0.45,Medium,Fair,Medium Risk,Eligible
1307,Ashley Z. Davis,Female,Divorced,0,Graduate,Yes,5200000,15700000,6,692,3800000,7000000,12800000,5500000,Approved,29100000,3.02,0.54,High,Good,Medium Risk,Eligible
1308,Ashley A. Lopez,Female,Married,5,Graduate,Yes,8000000,29800000,18,867,17700000,14100000,22800000,9200000,Approved,63800000,3.72,0.47,Very High,Excellent,Low Risk,Eligible
1309,Robert Davis,Male,Single,1,Not Graduate,Yes,9900000,38500000,2,875,19600000,2900000,20200000,6500000,Approved,49200000,3.89,0.78,Very High,Excellent,Low Risk,Eligible
1310,Linda O. Moore,Female,Single,4,Graduate,Yes,8500000,18600000,10,597,16600000,3200000,21000000,11600000,Approved,52400000,2.19,0.35,Very High,Fair,Medium Risk,Eligible
1311,Sarah Martinez,Female,Married,2,Graduate,Yes,4900000,12000000,20,513,14200000,8100000,18300000,4800000,Rejected,45400000,2.45,0.26,Medium,Poor,Medium Risk,Not Eligible
1312,Christopher F. Miller,Male,Divorced,3,Graduate,Yes,7000000,24200000,2,354,18200000,7000000,15900000,7900000,Approved,49000000,3.46,0.49,High,Poor,Medium Risk,Not Eligible
1313,Sandra Johnson,Female,Single,2,Not Graduate,No,9600000,25900000,18,647,11800000,9900000,35600000,11500000,Approved,68800000,2.7,0.38,Very High,Fair,Medium Risk,Eligible
1314,Ashley K. Wilson,Female,Married,1,Graduate,No,9700000,23700000,6,875,11500000,14400000,38100000,10400000,Approved,74400000,2.44,0.32,Very High,Excellent,Low Risk,Eligible
1315,Richard L. Rodriguez,Male,Married,1,Graduate,No,6200000,14300000,20,819,7500000,11700000,16700000,4300000,Approved,40200000,2.31,0.36,High,Excellent,Low Risk,Eligible
1316,Margaret U. Smith,Female,Married,4,Not Graduate,Yes,4100000,9600000,10,521,11900000,7100000,14100000,4900000,Rejected,38000000,2.34,0.25,Medium,Poor,Medium Risk,Not Eligible
1317,Elizabeth Smith,Female,Married,0,Graduate,Yes,6100000,19900000,20,761,4500000,3700000,12700000,7100000,Approved,28000000,3.26,0.71,High,Excellent,Low Risk,Eligible
1318,Donna Williams,Female,Single,0,Graduate,No,700000,1900000,18,572,1400000,1000000,2000000,300000,Approved,4700000,2.71,0.4,Low,Fair,Medium Risk,Eligible
1319,Kenneth K. Wilson,Male,Married,3,Graduate,No,6400000,24100000,12,571,19000000,11500000,13200000,7500000,Approved,51200000,3.77,0.47,High,Fair,Medium Risk,Eligible
1320,Charles K. Garcia,Male,Married,4,Graduate,Yes,3800000,7800000,20,891,4600000,7000000,14300000,3300000,Approved,29200000,2.05,0.27,Medium,Excellent,Low Risk,Eligible
1321,Michael Wilson,Male,Single,1,Not Graduate,No,4900000,14800000,12,895,8600000,8200000,18300000,5200000,Approved,40300000,3.02,0.37,Medium,Excellent,Low Risk,Eligible
1322,Donna Davis,Female,Single,2,Graduate,No,2100000,6600000,20,580,3800000,4100000,6200000,2100000,Approved,16200000,3.14,0.41,Low,Fair,Medium Risk,Eligible
1323,Michael Anderson,Male,Married,2,Graduate,No,6200000,23400000,8,605,10000000,10800000,21800000,9200000,Approved,51800000,3.77,0.45,High,Fair,Medium Risk,Eligible
1324,Robert T. Gonzalez,Male,Single,4,Not Graduate,No,1600000,5100000,8,705,2400000,800000,5100000,1900000,Approved,10200000,3.19,0.5,Low,Good,Low Risk,Eligible
1325,Matthew D. Garcia,Male,Single,1,Not Graduate,Yes,1300000,5000000,20,423,900000,800000,3900000,1600000,Rejected,7200000,3.85,0.69,Low,Poor,Medium Risk,Not Eligible
1326,Margaret Thomas,Female,Married,5,Not Graduate,Yes,7300000,22500000,2,846,9800000,4700000,20300000,5700000,Approved,40500000,3.08,0.56,High,Excellent,Low Risk,Eligible
1327,Charles M. Martinez,Male,Single,2,Not Graduate,No,2100000,5000000,4,542,700000,600000,6600000,3100000,Rejected,11000000,2.38,0.45,Low,Poor,Medium Risk,Not Eligible
1328,Kenneth J. Miller,Male,Married,5,Not Graduate,No,600000,2400000,18,631,600000,300000,2100000,900000,Approved,3900000,4.0,0.62,Low,Fair,Medium Risk,Eligible
1329,Mark Garcia,Male,Single,4,Graduate,No,7000000,24500000,18,318,4300000,1700000,16300000,3600000,Rejected,25900000,3.5,0.95,High,Poor,Medium Risk,Not Eligible
1330,Sarah H. Davis,Female,Single,1,Not Graduate,Yes,3000000,6800000,10,541,5800000,5700000,10700000,2900000,Rejected,25100000,2.27,0.27,Medium,Poor,Medium Risk,Not Eligible
1331,Jennifer Smith,Female,Divorced,1,Graduate,No,900000,2900000,20,782,0,1500000,3500000,800000,Approved,5800000,3.22,0.5,Low,Excellent,Low Risk,Eligible
1332,Susan X. Gonzalez,Female,Married,2,Graduate,No,9600000,35000000,2,888,12600000,6500000,37900000,5800000,Approved,62800000,3.65,0.56,Very High,Excellent,Low Risk,Eligible
1333,William Moore,Male,Single,0,Graduate,No,1500000,3600000,14,747,200000,1400000,3000000,1200000,Approved,5800000,2.4,0.62,Low,Good,Low Risk,Eligible
1334,Steven V. Lopez,Male,Widowed,0,Graduate,Yes,5000000,18900000,6,641,4300000,8500000,19600000,6700000,Approved,39100000,3.78,0.48,Medium,Fair,Medium Risk,Eligible
1335,James M. Rodriguez,Male,Single,3,Graduate,Yes,500000,1700000,4,640,400000,700000,1300000,200000,Approved,2600000,3.4,0.65,Low,Fair,Medium Risk,Eligible
1336,Nancy R. Jones,Female,Single,4,Not Graduate,No,7600000,28100000,12,324,12500000,8500000,19900000,11100000,Rejected,52000000,3.7,0.54,Very High,Poor,Medium Risk,Not Eligible
1337,Charles K. Garcia,Male,Divorced,4,Graduate,No,5500000,21200000,20,359,4200000,5300000,18600000,6400000,Rejected,34500000,3.85,0.61,High,Poor,Medium Risk,Not Eligible
1338,Michael N. Hernandez,Male,Single,0,Not Graduate,Yes,6600000,23300000,12,338,2400000,800000,18900000,9300000,Rejected,31400000,3.53,0.74,High,Poor,Medium Risk,Not Eligible
1339,Daniel P. Johnson,Male,Divorced,0,Graduate,No,1400000,3200000,14,384,3100000,800000,3400000,2000000,Rejected,9300000,2.29,0.34,Low,Poor,Medium Risk,Not Eligible
1340,Nancy Wilson,Female,Divorced,5,Not Graduate,Yes,8800000,26600000,16,545,19100000,16600000,30400000,7600000,Rejected,73700000,3.02,0.36,Very High,Poor,Medium Risk,Not Eligible
1341,Kimberley Hernandez,Female,Single,5,Not Graduate,No,6200000,24200000,18,610,10200000,7800000,19600000,8300000,Approved,45900000,3.9,0.53,High,Fair,Medium Risk,Eligible
1342,Elizabeth V. Moore,Female,Married,2,Graduate,Yes,8300000,27900000,18,840,12600000,3500000,19100000,9200000,Approved,44400000,3.36,0.63,Very High,Excellent,Low Risk,Eligible
1343,Patricia Miller,Female,Single,3,Not Graduate,No,2400000,8100000,6,630,5100000,2900000,9100000,2300000,Approved,19400000,3.38,0.42,Low,Fair,Medium Risk,Eligible
1344,Steven Rodriguez,Male,Married,1,Graduate,No,9100000,31200000,4,508,12800000,11700000,31100000,7800000,Approved,63400000,3.43,0.49,Very High,Poor,Medium Risk,Not Eligible
1345,Steven Johnson,Male,Widowed,0,Not Graduate,Yes,9500000,34900000,4,535,800000,14100000,25600000,14000000,Approved,54500000,3.67,0.64,Very High,Poor,Medium Risk,Not Eligible
1346,Margaret Thomas,Female,Married,1,Graduate,No,1200000,3400000,20,717,3100000,1500000,2500000,900000,Approved,8000000,2.83,0.42,Low,Good,Low Risk,Eligible
1347,William Lopez,Male,Divorced,2,Graduate,Yes,7700000,19300000,8,735,1200000,1900000,23800000,10400000,Approved,37300000,2.51,0.52,Very High,Good,Low Risk,Eligible
1348,Richard S. Taylor,Male,Divorced,5,Graduate,Yes,7800000,22000000,20,528,5800000,8800000,24700000,4900000,Rejected,44200000,2.82,0.5,Very High,Poor,Medium Risk,Not Eligible
1349,Joshua S. Smith,Male,Single,0,Graduate,Yes,9400000,20000000,4,350,3300000,1400000,37200000,4700000,Rejected,46600000,2.13,0.43,Very High,Poor,Medium Risk,Not Eligible
1350,Thomas K. Thomas,Male,Single,0,Not Graduate,No,1700000,5700000,12,422,3400000,1100000,6500000,900000,Rejected,11900000,3.35,0.48,Low,Poor,Medium Risk,Not Eligible
1351,Anthony D. Lopez,Male,Married,5,Graduate,No,4000000,13700000,6,496,0,1400000,15800000,3700000,Rejected,20900000,3.42,0.66,Medium,Poor,Medium Risk,Not Eligible
1352,James Williams,Male,Married,4,Not Graduate,No,4200000,15500000,18,794,7300000,700000,13400000,2200000,Approved,23600000,3.69,0.66,Medium,Excellent,Low Risk,Eligible
1353,Margaret A. Rodriguez,Female,Single,2,Graduate,No,2400000,7700000,6,719,6000000,1700000,6700000,1600000,Approved,16000000,3.21,0.48,Low,Good,Low Risk,Eligible
1354,Kenneth Anderson,Male,Married,3,Not Graduate,Yes,2700000,6100000,14,630,3900000,2800000,10600000,2300000,Approved,19600000,2.26,0.31,Medium,Fair,Medium Risk,Eligible
1355,Joseph J. Johnson,Male,Single,3,Not Graduate,Yes,600000,1800000,4,843,1400000,300000,1700000,400000,Approved,3800000,3.0,0.47,Low,Excellent,Low Risk,Eligible
1356,Michael M. Moore,Male,Single,2,Graduate,No,4600000,15600000,2,764,7700000,1500000,16000000,5800000,Approved,31000000,3.39,0.5,Medium,Excellent,Low Risk,Eligible
1357,Barbara M. Davis,Female,Single,3,Graduate,No,7200000,17700000,4,662,13100000,11500000,16300000,5300000,Approved,46200000,2.46,0.38,High,Good,Medium Risk,Eligible
1358,Richard J. Gonzalez,Male,Married,0,Not Graduate,No,4700000,15500000,16,311,12800000,200000,17500000,2700000,Rejected,33200000,3.3,0.47,Medium,Poor,Medium Risk,Not Eligible
1359,William Martinez,Male,Married,4,Not Graduate,No,4300000,10100000,2,606,9900000,1800000,8900000,5500000,Approved,26100000,2.35,0.39,Medium,Fair,Medium Risk,Eligible
1360,Michelle Jones,Female,Single,5,Graduate,No,4700000,10200000,16,874,10800000,7700000,11100000,7000000,Approved,36600000,2.17,0.28,Medium,Excellent,Low Risk,Eligible
1361,Kimberley Miller,Female,Divorced,4,Not Graduate,Yes,8700000,30000000,4,370,17600000,15600000,34600000,12100000,Approved,79900000,3.45,0.38,Very High,Poor,Medium Risk,Not Eligible
1362,Sarah C. Jackson,Female,Married,1,Graduate,No,7000000,20500000,10,414,19700000,7500000,20700000,5100000,Rejected,53000000,2.93,0.39,High,Poor,Medium Risk,Not Eligible
1363,Michelle Garcia,Female,Married,2,Not Graduate,No,600000,1100000,10,800,1200000,200000,2300000,900000,Approved,4600000,1.83,0.24,Low,Excellent,Low Risk,Eligible
1364,Paul V. Hernandez,Male,Single,1,Not Graduate,No,6800000,16900000,12,779,13800000,10200000,23400000,4400000,Approved,51800000,2.49,0.33,High,Excellent,Low Risk,Eligible
1365,Steven Q. Taylor,Male,Single,1,Not Graduate,No,6400000,14100000,20,553,11700000,4500000,20000000,3600000,Approved,39800000,2.2,0.35,High,Fair,Medium Risk,Eligible
1366,Sandra P. Williams,Female,Single,4,Not Graduate,No,7600000,29900000,18,445,4800000,13900000,18400000,5700000,Rejected,42800000,3.93,0.7,Very High,Poor,Medium Risk,Not Eligible
1367,Christopher J. Davis,Male,Married,3,Not Graduate,No,9000000,21400000,8,496,16400000,7300000,31800000,12500000,Rejected,68000000,2.38,0.31,Very High,Poor,Medium Risk,Not Eligible
1368,Robert Taylor,Male,Married,0,Graduate,Yes,2400000,5900000,10,650,5100000,3700000,5300000,2300000,Approved,16400000,2.46,0.36,Low,Good,Medium Risk,Eligible
1369,Donald L. Jackson,Male,Single,3,Not Graduate,No,6800000,17900000,6,783,20000000,9800000,23600000,5500000,Approved,58900000,2.63,0.3,High,Excellent,Low Risk,Eligible
1370,Paul Smith,Male,Married,5,Graduate,Yes,3500000,13500000,10,535,3100000,5700000,12500000,3100000,Rejected,24400000,3.86,0.55,Medium,Poor,Medium Risk,Not Eligible
1371,Richard Gonzalez,Male,Married,4,Graduate,Yes,8900000,34000000,20,415,13500000,3100000,33600000,12800000,Rejected,63000000,3.82,0.54,Very High,Poor,Medium Risk,Not Eligible
1372,Lisa Y. Jackson,Female,Married,0,Not Graduate,No,6000000,15300000,8,709,8900000,1700000,16400000,3500000,Approved,30500000,2.55,0.5,High,Good,Low Risk,Eligible
1373,Lisa Garcia,Female,Single,3,Not Graduate,No,700000,2500000,14,819,1600000,1000000,2100000,900000,Approved,5600000,3.57,0.45,Low,Excellent,Low Risk,Eligible
1374,Linda A. Wilson,Female,Single,0,Not Graduate,Yes,6800000,17300000,18,841,10500000,8600000,16000000,8700000,Approved,43800000,2.54,0.39,High,Excellent,Low Risk,Eligible
1375,Richard Thomas,Male,Married,4,Not Graduate,Yes,5300000,10700000,12,700,15800000,1900000,20500000,2900000,Approved,41100000,2.02,0.26,High,Good,Low Risk,Eligible
1376,Karen T. Martin,Female,Single,1,Graduate,Yes,1400000,4200000,4,881,2800000,1200000,5100000,1300000,Approved,10400000,3.0,0.4,Low,Excellent,Low Risk,Eligible
1377,Karen Williams,Female,Single,2,Graduate,Yes,1400000,4600000,4,804,1900000,2200000,5200000,700000,Approved,10000000,3.29,0.46,Low,Excellent,Low Risk,Eligible
1378,James G. Miller,Male,Married,4,Not Graduate,No,9200000,21700000,6,653,22700000,4600000,29400000,8600000,Approved,65300000,2.36,0.33,Very High,Good,Medium Risk,Eligible
1379,Thomas Z. Wilson,Male,Married,1,Graduate,Yes,7900000,29200000,2,663,19600000,12100000,28600000,10100000,Approved,70400000,3.7,0.41,Very High,Good,Medium Risk,Eligible
1380,Christopher Anderson,Male,Married,0,Not Graduate,No,4500000,17500000,10,495,10300000,3500000,9700000,6200000,Rejected,29700000,3.89,0.59,Medium,Poor,Medium Risk,Not Eligible
1381,Richard O. Jones,Male,Widowed,1,Not Graduate,No,3800000,9800000,8,335,100000,5100000,14200000,1800000,Rejected,21200000,2.58,0.46,Medium,Poor,Medium Risk,Not Eligible
1382,Mary G. Anderson,Female,Single,5,Graduate,Yes,1500000,4900000,6,618,3400000,1000000,3200000,900000,Approved,8500000,3.27,0.58,Low,Fair,Medium Risk,Eligible
1383,Patricia Hernandez,Female,Married,3,Not Graduate,No,1200000,2400000,12,480,3000000,100000,3100000,1700000,Rejected,7900000,2.0,0.3,Low,Poor,Medium Risk,Not Eligible
1384,Sandra T. Thomas,Female,Married,4,Not Graduate,No,1700000,4900000,18,843,4800000,2200000,6200000,1800000,Approved,15000000,2.88,0.33,Low,Excellent,Low Risk,Eligible
1385,Patricia Thomas,Female,Married,4,Graduate,No,5200000,14100000,16,483,11800000,800000,19200000,2700000,Rejected,34500000,2.71,0.41,High,Poor,Medium Risk,Not Eligible
1386,Jessica N. Johnson,Female,Married,1,Not Graduate,No,1600000,5100000,12,548,2200000,2700000,3600000,800000,Rejected,9300000,3.19,0.55,Low,Poor,Medium Risk,Not Eligible
1387,Charles D. Wilson,Male,Married,4,Graduate,Yes,6600000,16000000,16,379,6500000,12600000,24700000,4500000,Rejected,48300000,2.42,0.33,High,Poor,Medium Risk,Not Eligible
1388,Margaret Wilson,Female,Single,5,Not Graduate,Yes,9400000,26600000,20,771,10200000,12600000,36900000,11700000,Approved,71400000,2.83,0.37,Very High,Excellent,Low Risk,Eligible
1389,Steven Lopez,Male,Married,4,Graduate,Yes,300000,500000,2,353,600000,100000,1200000,400000,Rejected,2300000,1.67,0.22,Low,Poor,Medium Risk,Not Eligible
1390,Michelle Anderson,Female,Single,5,Not Graduate,No,4600000,11500000,16,668,6500000,3100000,10200000,5500000,Approved,25300000,2.5,0.45,Medium,Good,Medium Risk,Eligible
1391,Sandra Z. Lopez,Female,Widowed,3,Not Graduate,Yes,6100000,21300000,2,387,7100000,3100000,16300000,4100000,Approved,30600000,3.49,0.7,High,Poor,Medium Risk,Not Eligible
1392,Kenneth Miller,Male,Married,0,Not Graduate,Yes,1500000,4100000,12,789,3600000,1600000,5800000,1300000,Approved,12300000,2.73,0.33,Low,Excellent,Low Risk,Eligible
1393,Elizabeth Garcia,Female,Married,0,Graduate,Yes,400000,900000,2,855,0,500000,1300000,400000,Approved,2200000,2.25,0.41,Low,Excellent,Low Risk,Eligible
1394,Mark Thomas,Male,Single,0,Not Graduate,No,8700000,33600000,14,751,7100000,13700000,22800000,7000000,Approved,50600000,3.86,0.66,Very High,Excellent,Low Risk,Eligible
1395,James L. Lopez,Male,Married,3,Not Graduate,No,7000000,21600000,12,739,1600000,7600000,24500000,8400000,Approved,42100000,3.09,0.51,High,Good,Low Risk,Eligible
1396,Paul K. Johnson,Male,Married,4,Graduate,No,4700000,13100000,14,492,1000000,4500000,14100000,6400000,Rejected,26000000,2.79,0.5,Medium,Poor,Medium Risk,Not Eligible
1397,William Moore,Male,Single,4,Not Graduate,Yes,7600000,23800000,16,896,3700000,4500000,15400000,6400000,Approved,30000000,3.13,0.79,Very High,Excellent,Low Risk,Eligible
1398,Nancy R. Johnson,Female,Single,1,Not Graduate,Yes,9200000,24500000,4,545,25700000,0,20600000,13300000,Rejected,59600000,2.66,0.41,Very High,Poor,Medium Risk,Not Eligible
1399,Paul W. Martin,Male,Single,5,Not Graduate,No,9400000,36800000,20,891,13900000,16600000,19300000,8900000,Approved,58700000,3.91,0.63,Very High,Excellent,Low Risk,Eligible
1400,Margaret Z. Brown,Female,Married,0,Graduate,No,4800000,15100000,6,848,1300000,300000,18800000,3500000,Approved,23900000,3.15,0.63,Medium,Excellent,Low Risk,Eligible
1401,Andrew F. Johnson,Male,Married,3,Not Graduate,Yes,600000,2400000,12,884,600000,800000,1400000,600000,Approved,3400000,4.0,0.71,Low,Excellent,Low Risk,Eligible
1402,Matthew W. Garcia,Male,Married,3,Graduate,Yes,4900000,14300000,14,439,10300000,5600000,17400000,5100000,Rejected,38400000,2.92,0.37,Medium,Poor,Medium Risk,Not Eligible
1403,Linda K. Jones,Female,Married,3,Graduate,Yes,3300000,8500000,12,586,7500000,5100000,7800000,3900000,Approved,24300000,2.58,0.35,Medium,Fair,Medium Risk,Eligible
1404,Joseph Y. Anderson,Male,Married,3,Graduate,Yes,9100000,18800000,20,308,14500000,10200000,20500000,4800000,Rejected,50000000,2.07,0.38,Very High,Poor,Medium Risk,Not Eligible
1405,Steven Hernandez,Male,Single,5,Graduate,No,6100000,23500000,16,300,300000,700000,22800000,4800000,Rejected,28600000,3.85,0.82,High,Poor,Medium Risk,Not Eligible
1406,Nancy Wilson,Female,Married,3,Graduate,Yes,8400000,19600000,2,741,21500000,200000,18700000,8300000,Approved,48700000,2.33,0.4,Very High,Good,Low Risk,Eligible
1407,Paul E. Wilson,Male,Married,4,Graduate,No,7900000,31400000,8,698,16500000,11400000,28700000,5100000,Approved,61700000,3.97,0.51,Very High,Good,Medium Risk,Eligible
1408,Sandra Q. Anderson,Female,Married,2,Not Graduate,Yes,6100000,22300000,10,733,12100000,9700000,17200000,5600000,Approved,44600000,3.66,0.5,High,Good,Low Risk,Eligible
1409,Mary Anderson,Female,Single,3,Not Graduate,Yes,2000000,4200000,16,571,1700000,3900000,5800000,1300000,Approved,12700000,2.1,0.33,Low,Fair,Medium Risk,Eligible
1410,Michael Hernandez,Male,Widowed,3,Graduate,Yes,9900000,29900000,20,490,10500000,9100000,27100000,7400000,Rejected,54100000,3.02,0.55,Very High,Poor,Medium Risk,Not Eligible
1411,Mark Johnson,Male,Single,2,Not Graduate,No,9500000,25400000,16,451,19000000,2900000,33800000,11400000,Rejected,67100000,2.67,0.38,Very High,Poor,Medium Risk,Not Eligible
1412,Joshua W. Johnson,Male,Married,4,Graduate,Yes,1900000,6800000,6,559,3600000,2200000,6200000,1200000,Approved,13200000,3.58,0.52,Low,Fair,Medium Risk,Eligible
1413,Sandra W. Gonzalez,Female,Married,4,Graduate,Yes,6900000,21400000,10,577,12500000,2200000,14900000,6300000,Approved,35900000,3.1,0.6,High,Fair,Medium Risk,Eligible
1414,Lisa Lopez,Female,Single,2,Not Graduate,Yes,1500000,5000000,4,613,4400000,1300000,5200000,2100000,Approved,13000000,3.33,0.38,Low,Fair,Medium Risk,Eligible
1415,Anthony R. Anderson,Male,Married,4,Not Graduate,No,1900000,3800000,20,785,1000000,600000,6100000,1500000,Approved,9200000,2.0,0.41,Low,Excellent,Low Risk,Eligible
1416,Nancy J. Gonzalez,Female,Single,0,Graduate,Yes,2300000,6000000,8,690,5500000,2900000,6000000,2000000,Approved,16400000,2.61,0.37,Low,Good,Medium Risk,Eligible
1417,Betty R. Jones,Female,Single,2,Not Graduate,No,7800000,17100000,14,351,19000000,7200000,19300000,7100000,Rejected,52600000,2.19,0.33,Very High,Poor,Medium Risk,Not Eligible
1418,Paul Moore,Male,Single,4,Not Graduate,No,400000,1000000,10,447,0,300000,900000,300000,Rejected,1500000,2.5,0.67,Low,Poor,Medium Risk,Not Eligible
1419,James R. Smith,Male,Married,0,Graduate,Yes,9400000,19200000,20,708,21200000,16300000,23400000,13200000,Approved,74100000,2.04,0.26,Very High,Good,Low Risk,Eligible
1420,Christopher D. Wilson,Male,Married,2,Graduate,No,9100000,21700000,12,549,25500000,11000000,34700000,12200000,Rejected,83400000,2.38,0.26,Very High,Poor,Medium Risk,Not Eligible
1421,Sarah Taylor,Female,Single,1,Graduate,Yes,9000000,18800000,8,797,4100000,9400000,22900000,7500000,Approved,43900000,2.09,0.43,Very High,Excellent,Low Risk,Eligible
1422,Donald A. Martinez,Male,Married,4,Not Graduate,No,7100000,14300000,14,537,13700000,10400000,18200000,6100000,Rejected,48400000,2.01,0.3,High,Poor,Medium Risk,Not Eligible
1423,Joshua U. Jackson,Male,Married,3,Graduate,No,800000,2500000,12,828,1700000,0,1500000,700000,Approved,3900000,3.12,0.64,Low,Excellent,Low Risk,Eligible
1424,Matthew Martinez,Male,Married,0,Graduate,Yes,4500000,9600000,14,471,3200000,7700000,11000000,3600000,Rejected,25500000,2.13,0.38,Medium,Poor,Medium Risk,Not Eligible
1425,Anthony D. Taylor,Male,Single,5,Graduate,No,8500000,25400000,4,336,8500000,1200000,30600000,9000000,Rejected,49300000,2.99,0.52,Very High,Poor,Medium Risk,Not Eligible
1426,Matthew Anderson,Male,Married,3,Not Graduate,Yes,2500000,9800000,16,424,4700000,3200000,5800000,1300000,Rejected,15000000,3.92,0.65,Low,Poor,Medium Risk,Not Eligible
1427,Jennifer Williams,Female,Divorced,2,Graduate,No,1500000,3300000,18,440,800000,2300000,3000000,1800000,Rejected,7900000,2.2,0.42,Low,Poor,Medium Risk,Not Eligible
1428,Susan Anderson,Female,Married,0,Not Graduate,No,6200000,17300000,8,583,3700000,3900000,13600000,3300000,Approved,24500000,2.79,0.71,High,Fair,Medium Risk,Eligible
1429,Donna M. Moore,Female,Divorced,1,Not Graduate,Yes,1300000,2900000,6,480,2900000,300000,2900000,1400000,Rejected,7500000,2.23,0.39,Low,Poor,Medium Risk,Not Eligible
1430,Sandra P. Anderson,Female,Married,5,Not Graduate,No,6600000,25800000,10,670,4600000,7200000,20600000,8500000,Approved,40900000,3.91,0.63,High,Good,Medium Risk,Eligible
1431,Barbara P. Jones,Female,Married,0,Graduate,Yes,5300000,13700000,6,329,8800000,7600000,11200000,2800000,Rejected,30400000,2.58,0.45,High,Poor,Medium Risk,Not Eligible
1432,Paul Taylor,Male,Single,5,Not Graduate,No,1400000,3000000,6,754,3500000,2700000,5300000,1400000,Approved,12900000,2.14,0.23,Low,Excellent,Low Risk,Eligible
1433,Patricia L. Garcia,Female,Divorced,2,Not Graduate,Yes,2900000,7800000,18,588,400000,100000,11600000,4200000,Approved,16300000,2.69,0.48,Medium,Fair,Medium Risk,Eligible
1434,Kenneth Wilson,Male,Single,3,Not Graduate,No,6500000,16500000,4,551,5300000,800000,18500000,7600000,Approved,32200000,2.54,0.51,High,Fair,Medium Risk,Eligible
1435,Patricia Taylor,Female,Single,3,Graduate,No,8300000,18900000,4,316,20200000,9700000,21300000,8200000,Rejected,59400000,2.28,0.32,Very High,Poor,Medium Risk,Not Eligible
1436,Karen Martinez,Female,Married,2,Not Graduate,Yes,8900000,32200000,12,382,0,11300000,20500000,5400000,Rejected,37200000,3.62,0.87,Very High,Poor,Medium Risk,Not Eligible
1437,Joshua Wilson,Male,Divorced,3,Graduate,No,5300000,15000000,6,717,7000000,4100000,17100000,5300000,Approved,33500000,2.83,0.45,High,Good,Low Risk,Eligible
1438,Susan P. Garcia,Female,Single,0,Graduate,No,2800000,7300000,6,676,3500000,2200000,5700000,3200000,Approved,14600000,2.61,0.5,Medium,Good,Medium Risk,Eligible
1439,Jennifer Johnson,Female,Married,1,Not Graduate,No,8000000,27800000,6,667,6000000,12600000,22500000,9900000,Approved,51000000,3.48,0.55,Very High,Good,Medium Risk,Eligible
1440,Lisa Gonzalez,Female,Married,3,Not Graduate,No,3900000,10500000,20,821,1600000,6300000,11000000,3900000,Approved,22800000,2.69,0.46,Medium,Excellent,Low Risk,Eligible
1441,David Y. Taylor,Male,Married,0,Graduate,No,6200000,20100000,20,345,9300000,5900000,17400000,4100000,Rejected,36700000,3.24,0.55,High,Poor,Medium Risk,Not Eligible
1442,Elizabeth Hernandez,Female,Married,3,Not Graduate,Yes,5900000,19200000,10,442,9500000,500000,18300000,4700000,Rejected,33000000,3.25,0.58,High,Poor,Medium Risk,Not Eligible
1443,Betty K. Davis,Female,Married,1,Graduate,Yes,6000000,23300000,12,672,2000000,11300000,19600000,6400000,Approved,39300000,3.88,0.59,High,Good,Medium Risk,Eligible
1444,Sarah W. Williams,Female,Single,3,Not Graduate,Yes,9100000,29300000,2,508,19000000,5100000,31600000,11900000,Approved,67600000,3.22,0.43,Very High,Poor,Medium Risk,Not Eligible
1445,Emily C. Brown,Female,Single,5,Graduate,Yes,3400000,12300000,10,615,7000000,1600000,11400000,3500000,Approved,23500000,3.62,0.52,Medium,Fair,Medium Risk,Eligible
1446,Joshua Taylor,Male,Married,1,Graduate,Yes,1800000,4400000,8,689,3200000,2500000,3800000,1600000,Approved,11100000,2.44,0.4,Low,Good,Medium Risk,Eligible
1447,William Moore,Male,Single,1,Graduate,No,300000,1200000,18,747,100000,0,700000,200000,Rejected,1000000,4.0,1.2,Low,Good,Low Risk,Eligible
1448,Thomas Jackson,Male,Married,1,Graduate,Yes,9000000,22800000,10,412,0,15600000,32000000,4700000,Rejected,52300000,2.53,0.44,Very High,Poor,Medium Risk,Not Eligible
1449,Betty Jackson,Female,Divorced,1,Graduate,No,6400000,16900000,2,703,6300000,7300000,15900000,7400000,Approved,36900000,2.64,0.46,High,Good,Low Risk,Eligible
1450,Daniel Wilson,Male,Single,5,Not Graduate,No,5800000,22200000,16,884,1200000,4800000,19500000,8500000,Approved,34000000,3.83,0.65,High,Excellent,Low Risk,Eligible
1451,Betty Rodriguez,Female,Widowed,5,Graduate,Yes,2600000,8600000,18,651,1000000,100000,7800000,2600000,Approved,11500000,3.31,0.75,Medium,Good,Medium Risk,Eligible
1452,Christopher Jones,Male,Married,4,Not Graduate,No,6600000,17300000,14,793,16700000,1400000,17500000,3900000,Approved,39500000,2.62,0.44,High,Excellent,Low Risk,Eligible
1453,Christopher B. Wilson,Male,Married,2,Not Graduate,No,6100000,21800000,4,407,9800000,100000,20200000,5800000,Approved,35900000,3.57,0.61,High,Poor,Medium Risk,Not Eligible
1454,Barbara J. Smith,Female,Single,2,Not Graduate,No,4100000,11100000,8,390,800000,3100000,10100000,3400000,Rejected,17400000,2.71,0.64,Medium,Poor,Medium Risk,Not Eligible
1455,Elizabeth I. Wilson,Female,Single,3,Not Graduate,Yes,300000,1000000,12,469,600000,400000,700000,300000,Rejected,2000000,3.33,0.5,Low,Poor,Medium Risk,Not Eligible
1456,Robert Miller,Male,Married,4,Graduate,No,4700000,10400000,6,373,6800000,8600000,14300000,5400000,Rejected,35100000,2.21,0.3,Medium,Poor,Medium Risk,Not Eligible
1457,Steven M. Taylor,Male,Divorced,4,Graduate,Yes,1500000,5800000,2,304,2400000,1600000,3300000,1400000,Approved,8700000,3.87,0.67,Low,Poor,Medium Risk,Not Eligible
1458,Patricia Hernandez,Female,Married,5,Not Graduate,No,2700000,8300000,8,833,4600000,1300000,6800000,3300000,Approved,16000000,3.07,0.52,Medium,Excellent,Low Risk,Eligible
1459,Mary A. Wilson,Female,Single,2,Graduate,No,6900000,20900000,2,302,18700000,10700000,26900000,9200000,Approved,65500000,3.03,0.32,High,Poor,Medium Risk,Not Eligible
1460,Thomas E. Moore,Male,Single,0,Graduate,No,7600000,28700000,6,397,11000000,13200000,24600000,3800000,Rejected,52600000,3.78,0.55,Very High,Poor,Medium Risk,Not Eligible
1461,Margaret Q. Williams,Female,Single,1,Graduate,No,4100000,10000000,6,891,4900000,300000,12600000,3600000,Approved,21400000,2.44,0.47,Medium,Excellent,Low Risk,Eligible
1462,Matthew Z. Moore,Male,Single,3,Not Graduate,No,4100000,12200000,2,457,700000,500000,14100000,4900000,Rejected,20200000,2.98,0.6,Medium,Poor,Medium Risk,Not Eligible
1463,Emily Anderson,Female,Married,4,Not Graduate,No,1600000,3200000,16,657,200000,100000,5700000,1200000,Approved,7200000,2.0,0.44,Low,Good,Medium Risk,Eligible
1464,Barbara Smith,Female,Divorced,2,Not Graduate,Yes,400000,1400000,2,480,200000,700000,1600000,200000,Approved,2700000,3.5,0.52,Low,Poor,Medium Risk,Not Eligible
1465,Michelle M. Rodriguez,Female,Widowed,5,Graduate,Yes,4400000,17300000,20,840,3600000,5100000,12900000,2300000,Approved,23900000,3.93,0.72,Medium,Excellent,Low Risk,Eligible
1466,Joshua Taylor,Male,Single,2,Not Graduate,Yes,3800000,8000000,12,866,6000000,600000,8400000,1900000,Approved,16900000,2.11,0.47,Medium,Excellent,Low Risk,Eligible
1467,Christopher Williams,Male,Single,0,Not Graduate,No,4300000,17000000,8,619,4100000,6600000,17100000,3900000,Approved,31700000,3.95,0.54,Medium,Fair,Medium Risk,Eligible
1468,Andrew G. Rodriguez,Male,Married,1,Graduate,Yes,9000000,33500000,2,748,7900000,9800000,25700000,11500000,Approved,54900000,3.72,0.61,Very High,Good,Low Risk,Eligible
1469,Lisa W. Rodriguez,Female,Married,3,Not Graduate,Yes,9500000,25500000,12,881,27000000,14100000,21600000,8900000,Approved,71600000,2.68,0.36,Very High,Excellent,Low Risk,Eligible
1470,Daniel Hernandez,Male,Divorced,2,Graduate,Yes,6900000,13900000,8,829,14300000,8100000,22400000,4600000,Approved,49400000,2.01,0.28,High,Excellent,Low Risk,Eligible
1471,Mary A. Jones,Female,Married,3,Not Graduate,No,4300000,11100000,6,312,4800000,3800000,10100000,3300000,Rejected,22000000,2.58,0.5,Medium,Poor,Medium Risk,Not Eligible
1472,James Garcia,Male,Divorced,3,Not Graduate,No,6600000,21400000,10,467,15200000,6000000,20300000,5200000,Rejected,46700000,3.24,0.46,High,Poor,Medium Risk,Not Eligible
1473,Betty Moore,Female,Divorced,1,Graduate,Yes,5200000,14300000,18,650,5400000,2300000,17600000,3600000,Approved,28900000,2.75,0.49,High,Good,Medium Risk,Eligible
1474,Andrew V. Smith,Male,Married,3,Graduate,Yes,400000,1100000,6,711,100000,300000,1400000,100000,Approved,1900000,2.75,0.58,Low,Good,Low Risk,Eligible
1475,Matthew L. Gonzalez,Male,Single,4,Not Graduate,No,1300000,4100000,18,886,2800000,500000,3800000,600000,Approved,7700000,3.15,0.53,Low,Excellent,Low Risk,Eligible
1476,William Anderson,Male,Single,5,Not Graduate,No,9700000,28400000,4,494,5300000,12000000,24400000,10000000,Rejected,51700000,2.93,0.55,Very High,Poor,Medium Risk,Not Eligible
1477,Thomas V. Smith,Male,Divorced,2,Graduate,Yes,5400000,10900000,14,741,1300000,6000000,20400000,5600000,Approved,33300000,2.02,0.33,High,Good,Low Risk,Eligible
1478,Susan U. Williams,Female,Single,4,Not Graduate,No,1200000,3300000,12,876,400000,100000,3800000,1000000,Approved,5300000,2.75,0.62,Low,Excellent,Low Risk,Eligible
1479,Thomas B. Thomas,Male,Single,0,Graduate,Yes,7000000,26400000,14,610,14300000,0,13900000,5300000,Approved,33500000,3.77,0.79,High,Fair,Medium Risk,Eligible
1480,James U. Miller,Male,Single,5,Graduate,No,7600000,26000000,6,778,12900000,2400000,25500000,10900000,Approved,51700000,3.42,0.5,Very High,Excellent,Low Risk,Eligible
1481,Donna Taylor,Female,Married,5,Graduate,Yes,700000,1800000,14,571,200000,400000,1900000,400000,Approved,2900000,2.57,0.62,Low,Fair,Medium Risk,Eligible
1482,Michael Jackson,Male,Single,3,Graduate,Yes,7500000,25100000,18,554,12500000,7900000,28500000,4700000,Approved,53600000,3.35,0.47,High,Fair,Medium Risk,Eligible
1483,Donna X. Davis,Female,Married,0,Not Graduate,Yes,2300000,6200000,8,712,6800000,1700000,8800000,1500000,Approved,18800000,2.7,0.33,Low,Good,Low Risk,Eligible
1484,James V. Moore,Male,Married,5,Not Graduate,Yes,5600000,11500000,4,695,9500000,7100000,11700000,7800000,Approved,36100000,2.05,0.32,High,Good,Medium Risk,Eligible
1485,Mary U. Wilson,Female,Single,0,Not Graduate,Yes,5400000,10900000,20,366,3700000,500000,21000000,4800000,Rejected,30000000,2.02,0.36,High,Poor,Medium Risk,Not Eligible
1486,Sandra Wilson,Female,Married,1,Not Graduate,Yes,1800000,5500000,10,426,5000000,1500000,5900000,1600000,Rejected,14000000,3.06,0.39,Low,Poor,Medium Risk,Not Eligible
1487,Ashley B. Lopez,Female,Divorced,0,Not Graduate,No,2900000,6900000,10,320,5100000,500000,7700000,1500000,Rejected,14800000,2.38,0.47,Medium,Poor,Medium Risk,Not Eligible
1488,Robert R. Rodriguez,Male,Married,3,Not Graduate,Yes,1400000,4600000,8,543,1500000,1200000,2700000,2000000,Rejected,7400000,3.29,0.62,Low,Poor,Medium Risk,Not Eligible
1489,Anthony Miller,Male,Divorced,2,Graduate,No,2800000,11000000,16,525,8200000,1800000,5800000,2400000,Rejected,18200000,3.93,0.6,Medium,Poor,Medium Risk,Not Eligible
1490,Thomas H. Wilson,Male,Single,0,Not Graduate,Yes,3300000,13100000,12,812,4800000,4900000,7500000,4300000,Approved,21500000,3.97,0.61,Medium,Excellent,Low Risk,Eligible
1491,Karen D. Williams,Female,Single,0,Not Graduate,No,7000000,25300000,14,697,15100000,10400000,14300000,6700000,Approved,46500000,3.61,0.54,High,Good,Medium Risk,Eligible
1492,Mary K. Jackson,Female,Married,1,Not Graduate,No,3900000,15100000,12,527,10600000,5100000,11100000,3800000,Rejected,30600000,3.87,0.49,Medium,Poor,Medium Risk,Not Eligible
1493,William Thomas,Male,Single,1,Not Graduate,No,5700000,17200000,4,512,4300000,7000000,21400000,3000000,Approved,35700000,3.02,0.48,High,Poor,Medium Risk,Not Eligible
1494,Daniel C. Taylor,Male,Married,0,Graduate,No,4100000,9200000,4,671,3400000,6300000,10400000,4900000,Approved,25000000,2.24,0.37,Medium,Good,Medium Risk,Eligible
1495,Linda C. Anderson,Female,Widowed,1,Graduate,Yes,2200000,8700000,20,539,1000000,4000000,8200000,2600000,Rejected,15800000,3.95,0.55,Low,Poor,Medium Risk,Not Eligible
1496,Anthony W. Hernandez,Male,Single,5,Not Graduate,No,2200000,7200000,10,532,2700000,300000,7500000,1600000,Rejected,12100000,3.27,0.6,Low,Poor,Medium Risk,Not Eligible
1497,Robert Anderson,Male,Married,3,Not Graduate,Yes,2500000,7700000,16,485,2000000,3600000,5600000,3200000,Rejected,14400000,3.08,0.53,Low,Poor,Medium Risk,Not Eligible
1498,Jennifer R. Brown,Female,Single,0,Not Graduate,Yes,900000,2100000,6,521,100000,1700000,2100000,700000,Rejected,4600000,2.33,0.46,Low,Poor,Medium Risk,Not Eligible
1499,Betty N. Brown,Female,Single,1,Not Graduate,No,2900000,7400000,10,874,400000,1200000,10100000,3300000,Approved,15000000,2.55,0.49,Medium,Excellent,Low Risk,Eligible
1500,Donald Gonzalez,Male,Married,2,Not Graduate,No,9800000,22900000,10,788,1300000,10300000,27200000,14000000,Approved,52800000,2.34,0.43,Very High,Excellent,Low Risk,Eligible
1501,Daniel Smith,Male,Single,2,Not Graduate,No,5200000,14800000,12,659,11500000,5200000,18100000,4100000,Approved,38900000,2.85,0.38,High,Good,Medium Risk,Eligible
1502,William Brown,Male,Married,1,Graduate,Yes,8600000,19600000,16,498,14800000,3000000,21000000,5300000,Rejected,44100000,2.28,0.44,Very High,Poor,Medium Risk,Not Eligible
1503,Joshua I. Jones,Male,Single,2,Graduate,Yes,4800000,13200000,20,310,11800000,4600000,12900000,4200000,Rejected,33500000,2.75,0.39,Medium,Poor,Medium Risk,Not Eligible
1504,Michelle Anderson,Female,Single,0,Graduate,No,2000000,4700000,6,785,2900000,1800000,6700000,1700000,Approved,13100000,2.35,0.36,Low,Excellent,Low Risk,Eligible
1505,Robert Jones,Male,Married,0,Graduate,No,3600000,8700000,10,309,6300000,1000000,8600000,3300000,Rejected,19200000,2.42,0.45,Medium,Poor,Medium Risk,Not Eligible
1506,Karen Y. Jackson,Female,Single,3,Not Graduate,Yes,5300000,19600000,2,433,14700000,9900000,10800000,3000000,Approved,38400000,3.7,0.51,High,Poor,Medium Risk,Not Eligible
1507,Karen Martin,Female,Single,1,Not Graduate,Yes,400000,1300000,18,801,100000,0,1500000,600000,Approved,2200000,3.25,0.59,Low,Excellent,Low Risk,Eligible
1508,Paul E. Jackson,Male,Single,3,Graduate,Yes,6500000,22400000,6,488,16800000,11700000,21700000,6800000,Rejected,57000000,3.45,0.39,High,Poor,Medium Risk,Not Eligible
1509,Mark Lopez,Male,Single,0,Not Graduate,Yes,2300000,6000000,16,756,2900000,2100000,7500000,1200000,Approved,13700000,2.61,0.44,Low,Excellent,Low Risk,Eligible
1510,Michael Hernandez,Male,Married,3,Graduate,No,1000000,2800000,4,757,2500000,100000,3800000,900000,Approved,7300000,2.8,0.38,Low,Excellent,Low Risk,Eligible
1511,Michelle S. Hernandez,Female,Widowed,5,Not Graduate,No,3200000,10100000,6,828,8500000,6000000,8700000,3000000,Approved,26200000,3.16,0.39,Medium,Excellent,Low Risk,Eligible
1512,Sandra Hernandez,Female,Married,3,Graduate,Yes,3400000,7200000,12,733,4800000,2700000,8100000,2200000,Approved,17800000,2.12,0.4,Medium,Good,Low Risk,Eligible
1513,Steven U. Davis,Male,Single,0,Not Graduate,No,9600000,38200000,8,421,1600000,14100000,33600000,13800000,Rejected,63100000,3.98,0.61,Very High,Poor,Medium Risk,Not Eligible
1514,Donald Martin,Male,Married,3,Not Graduate,No,5300000,20300000,4,872,4300000,7300000,18400000,7600000,Approved,37600000,3.83,0.54,High,Excellent,Low Risk,Eligible
1515,Betty Miller,Female,Married,3,Graduate,No,4700000,17400000,10,393,12400000,5300000,18700000,5300000,Rejected,41700000,3.7,0.42,Medium,Poor,Medium Risk,Not Eligible
1516,Matthew Smith,Male,Single,3,Graduate,No,9700000,37800000,12,700,13400000,6100000,25800000,11900000,Approved,57200000,3.9,0.66,Very High,Good,Low Risk,Eligible
1517,David Martinez,Male,Married,5,Graduate,No,8800000,21600000,18,613,15400000,12100000,30000000,8400000,Approved,65900000,2.45,0.33,Very High,Fair,Medium Risk,Eligible
1518,Patricia Smith,Female,Single,5,Graduate,No,5900000,13400000,6,455,3200000,11200000,21600000,6900000,Rejected,42900000,2.27,0.31,High,Poor,Medium Risk,Not Eligible
1519,Charles Garcia,Male,Married,4,Graduate,Yes,2400000,7100000,16,871,7000000,300000,8500000,3500000,Approved,19300000,2.96,0.37,Low,Excellent,Low Risk,Eligible
1520,Joseph Smith,Male,Single,4,Graduate,Yes,7900000,21500000,16,497,2200000,5200000,23100000,7700000,Rejected,38200000,2.72,0.56,Very High,Poor,Medium Risk,Not Eligible
1521,James Jones,Male,Married,0,Graduate,No,1400000,2700000,2,649,2600000,1000000,5500000,1100000,Approved,10200000,1.93,0.26,Low,Fair,Medium Risk,Eligible
1522,Daniel Miller,Male,Single,0,Graduate,Yes,3500000,10000000,14,709,5300000,1800000,9200000,5000000,Approved,21300000,2.86,0.47,Medium,Good,Low Risk,Eligible
1523,Barbara T. Taylor,Female,Divorced,4,Graduate,No,3400000,13500000,12,705,10000000,1100000,8300000,4900000,Approved,24300000,3.97,0.56,Medium,Good,Low Risk,Eligible
1524,William E. Jones,Male,Married,2,Graduate,No,6100000,23600000,2,476,4600000,2900000,22500000,3800000,Approved,33800000,3.87,0.7,High,Poor,Medium Risk,Not Eligible
1525,Andrew K. Gonzalez,Male,Married,2,Not Graduate,Yes,3000000,7100000,4,819,5400000,4800000,6000000,2100000,Approved,18300000,2.37,0.39,Medium,Excellent,Low Risk,Eligible
1526,Robert R. Martin,Male,Single,5,Not Graduate,Yes,3400000,9400000,16,535,3100000,5600000,12900000,3200000,Rejected,24800000,2.76,0.38,Medium,Poor,Medium Risk,Not Eligible
1527,Daniel Davis,Male,Married,0,Graduate,Yes,400000,1200000,14,889,1100000,200000,700000,200000,Approved,2200000,3.0,0.55,Low,Excellent,Low Risk,Eligible
1528,Paul G. Jackson,Male,Married,0,Graduate,No,5900000,11800000,12,468,9100000,10000000,17500000,6200000,Rejected,42800000,2.0,0.28,High,Poor,Medium Risk,Not Eligible
1529,Michelle Williams,Female,Single,5,Graduate,Yes,400000,800000,2,759,100000,500000,1300000,300000,Approved,2200000,2.0,0.36,Low,Excellent,Low Risk,Eligible
1530,Ashley Taylor,Female,Single,3,Graduate,Yes,9000000,33600000,2,426,21600000,16200000,20700000,11900000,Approved,70400000,3.73,0.48,Very High,Poor,Medium Risk,Not Eligible
1531,Kimberley P. Thomas,Female,Married,0,Graduate,Yes,8800000,23600000,8,712,400000,11300000,19300000,11100000,Approved,42100000,2.68,0.56,Very High,Good,Low Risk,Eligible
1532,Donna Johnson,Female,Divorced,4,Graduate,Yes,2000000,4700000,2,615,500000,100000,6700000,3000000,Approved,10300000,2.35,0.46,Low,Fair,Medium Risk,Eligible
1533,Jessica Gonzalez,Female,Married,2,Graduate,No,4700000,14000000,12,784,13400000,2700000,14800000,6900000,Approved,37800000,2.98,0.37,Medium,Excellent,Low Risk,Eligible
1534,Donna L. Garcia,Female,Single,4,Not Graduate,No,2700000,6100000,16,677,100000,3300000,6500000,3800000,Approved,13700000,2.26,0.45,Medium,Good,Medium Risk,Eligible
1535,David Williams,Male,Married,1,Not Graduate,No,2600000,7900000,12,306,2000000,2400000,7600000,3300000,Rejected,15300000,3.04,0.52,Medium,Poor,Medium Risk,Not Eligible
1536,Joshua Johnson,Male,Married,1,Not Graduate,Yes,9000000,25400000,16,655,22000000,8800000,29100000,7200000,Approved,67100000,2.82,0.38,Very High,Good,Medium Risk,Eligible
1537,Margaret Anderson,Female,Single,4,Not Graduate,No,5100000,19400000,8,755,2200000,300000,14900000,5300000,Approved,22700000,3.8,0.85,High,Excellent,Low Risk,Eligible
1538,Lisa Rodriguez,Female,Single,2,Graduate,No,6600000,25800000,18,598,3800000,3100000,16400000,5900000,Approved,29200000,3.91,0.88,High,Fair,Medium Risk,Eligible
1539,Charles Williams,Male,Single,2,Graduate,No,4400000,9800000,18,712,5400000,200000,8800000,6400000,Approved,20800000,2.23,0.47,Medium,Good,Low Risk,Eligible
1540,Charles Davis,Male,Single,4,Not Graduate,Yes,1500000,4600000,6,524,3700000,2000000,5000000,1400000,Rejected,12100000,3.07,0.38,Low,Poor,Medium Risk,Not Eligible
1541,Andrew Miller,Male,Married,1,Not Graduate,No,6200000,23100000,16,838,9100000,1400000,23500000,7000000,Approved,41000000,3.73,0.56,High,Excellent,Low Risk,Eligible
1542,Karen Rodriguez,Female,Married,4,Graduate,Yes,900000,2900000,6,560,1500000,900000,3100000,900000,Approved,6400000,3.22,0.45,Low,Fair,Medium Risk,Eligible
1543,Andrew Rodriguez,Male,Single,3,Not Graduate,No,7700000,26400000,12,759,3400000,2900000,21900000,10800000,Approved,39000000,3.43,0.68,Very High,Excellent,Low Risk,Eligible
1544,Betty Y. Gonzalez,Female,Married,2,Graduate,Yes,600000,2400000,6,454,100000,600000,2300000,300000,Rejected,3300000,4.0,0.73,Low,Poor,Medium Risk,Not Eligible
1545,Kimberley H. Jones,Female,Single,4,Not Graduate,No,4300000,16500000,4,539,10600000,6100000,9300000,2100000,Approved,28100000,3.84,0.59,Medium,Poor,Medium Risk,Not Eligible
1546,Steven Z. Davis,Male,Married,2,Not Graduate,Yes,8200000,27800000,16,827,11500000,8700000,26000000,10700000,Approved,56900000,3.39,0.49,Very High,Excellent,Low Risk,Eligible
1547,Margaret K. Hernandez,Female,Married,0,Not Graduate,No,3500000,11900000,12,686,4400000,4800000,10100000,2500000,Approved,21800000,3.4,0.55,Medium,Good,Medium Risk,Eligible
1548,Sandra Miller,Female,Divorced,1,Graduate,Yes,9900000,34100000,14,371,24400000,7100000,29300000,6200000,Rejected,67000000,3.44,0.51,Very High,Poor,Medium Risk,Not Eligible
1549,Matthew E. Jones,Male,Single,5,Graduate,No,700000,1900000,4,784,500000,1000000,2100000,600000,Approved,4200000,2.71,0.45,Low,Excellent,Low Risk,Eligible
1550,Steven Lopez,Male,Married,1,Graduate,Yes,2100000,7300000,16,826,1600000,3500000,7700000,1400000,Approved,14200000,3.48,0.51,Low,Excellent,Low Risk,Eligible
1551,Emily Martinez,Female,Single,2,Not Graduate,No,3200000,10500000,12,502,4300000,1500000,10000000,4500000,Rejected,20300000,3.28,0.52,Medium,Poor,Medium Risk,Not Eligible
1552,David K. Jones,Male,Married,0,Graduate,No,2900000,7800000,8,367,700000,3700000,7700000,3600000,Rejected,15700000,2.69,0.5,Medium,Poor,Medium Risk,Not Eligible
1553,Betty C. Miller,Female,Married,0,Not Graduate,No,7000000,18300000,6,541,6300000,6400000,20800000,8300000,Rejected,41800000,2.61,0.44,High,Poor,Medium Risk,Not Eligible
1554,Steven Brown,Male,Widowed,1,Graduate,No,3700000,13600000,16,608,400000,2200000,13400000,2800000,Approved,18800000,3.68,0.72,Medium,Fair,Medium Risk,Eligible
1555,Jennifer Garcia,Female,Married,3,Not Graduate,Yes,4500000,13100000,12,570,10500000,2000000,10100000,5800000,Approved,28400000,2.91,0.46,Medium,Fair,Medium Risk,Eligible
1556,Kenneth Thomas,Male,Single,3,Graduate,No,200000,800000,18,752,200000,200000,300000,200000,Approved,900000,4.0,0.89,Low,Excellent,Low Risk,Eligible
1557,Karen Miller,Female,Married,5,Not Graduate,Yes,5600000,20500000,8,873,5500000,9500000,19400000,7800000,Approved,42200000,3.66,0.49,High,Excellent,Low Risk,Eligible
1558,Donald Johnson,Male,Single,5,Graduate,No,5400000,18600000,2,538,7700000,2700000,18800000,4000000,Approved,33200000,3.44,0.56,High,Poor,Medium Risk,Not Eligible
1559,Sandra Gonzalez,Female,Single,4,Not Graduate,No,300000,1000000,10,819,700000,300000,900000,200000,Approved,2100000,3.33,0.48,Low,Excellent,Low Risk,Eligible
1560,Ashley Williams,Female,Divorced,1,Graduate,Yes,7500000,29800000,18,770,1400000,5200000,28000000,8700000,Approved,43300000,3.97,0.69,High,Excellent,Low Risk,Eligible
1561,David Miller,Male,Married,5,Not Graduate,Yes,2500000,9600000,6,345,1900000,1900000,6800000,2600000,Rejected,13200000,3.84,0.73,Low,Poor,Medium Risk,Not Eligible
1562,Barbara J. Martin,Female,Married,4,Graduate,Yes,3100000,8100000,12,730,6300000,4500000,9000000,4500000,Approved,24300000,2.61,0.33,Medium,Good,Low Risk,Eligible
1563,Sarah Miller,Female,Single,1,Graduate,Yes,7600000,19300000,20,835,5800000,2300000,22000000,8200000,Approved,38300000,2.54,0.5,Very High,Excellent,Low Risk,Eligible
1564,Anthony Q. Martin,Male,Single,3,Not Graduate,Yes,500000,1700000,2,811,500000,500000,1400000,200000,Approved,2600000,3.4,0.65,Low,Excellent,Low Risk,Eligible
1565,Margaret X. Anderson,Female,Single,2,Not Graduate,No,2700000,5900000,14,662,3200000,1600000,7300000,3800000,Approved,15900000,2.19,0.37,Medium,Good,Medium Risk,Eligible
1566,Nancy Martinez,Female,Married,2,Not Graduate,Yes,3500000,13300000,4,420,6400000,1700000,8000000,2300000,Approved,18400000,3.8,0.72,Medium,Poor,Medium Risk,Not Eligible
1567,Mark Davis,Male,Married,5,Not Graduate,No,3700000,11700000,4,413,8400000,5500000,12000000,2700000,Approved,28600000,3.16,0.41,Medium,Poor,Medium Risk,Not Eligible
1568,Margaret F. Gonzalez,Female,Married,2,Not Graduate,Yes,5600000,20000000,10,367,13700000,5000000,19100000,6000000,Rejected,43800000,3.57,0.46,High,Poor,Medium Risk,Not Eligible
1569,Anthony Johnson,Male,Divorced,5,Not Graduate,Yes,4800000,16400000,14,390,8400000,2400000,9500000,4000000,Rejected,24300000,3.42,0.67,Medium,Poor,Medium Risk,Not Eligible
1570,Emily C. Martinez,Female,Married,4,Not Graduate,Yes,5200000,12200000,2,602,10300000,800000,20500000,7700000,Approved,39300000,2.35,0.31,High,Fair,Medium Risk,Eligible
1571,Steven R. Wilson,Male,Single,3,Graduate,No,2900000,11500000,16,843,2300000,2600000,10700000,4300000,Approved,19900000,3.97,0.58,Medium,Excellent,Low Risk,Eligible
1572,Jennifer Y. Brown,Female,Single,1,Graduate,No,2700000,6800000,20,713,500000,3300000,6100000,1900000,Approved,11800000,2.52,0.58,Medium,Good,Low Risk,Eligible
1573,Barbara Rodriguez,Female,Single,3,Graduate,No,5000000,16200000,8,591,1900000,3400000,14000000,5000000,Approved,24300000,3.24,0.67,Medium,Fair,Medium Risk,Eligible
1574,Michael Anderson,Male,Married,2,Not Graduate,Yes,2700000,9400000,14,701,400000,3400000,9900000,1900000,Approved,15600000,3.48,0.6,Medium,Good,Low Risk,Eligible
1575,Anthony Johnson,Male,Single,4,Not Graduate,Yes,2800000,10000000,12,655,4900000,3600000,8500000,3300000,Approved,20300000,3.57,0.49,Medium,Good,Medium Risk,Eligible
1576,Daniel Anderson,Male,Single,3,Not Graduate,Yes,7300000,20000000,18,720,15500000,9900000,23000000,9800000,Approved,58200000,2.74,0.34,High,Good,Low Risk,Eligible
1577,Donald Jones,Male,Single,0,Graduate,Yes,5900000,15100000,10,794,6000000,4300000,14900000,5400000,Approved,30600000,2.56,0.49,High,Excellent,Low Risk,Eligible
1578,Richard F. Smith,Male,Single,0,Graduate,No,8100000,21300000,2,392,14200000,6600000,31500000,11000000,Rejected,63300000,2.63,0.34,Very High,Poor,Medium Risk,Not Eligible
1579,Barbara A. Williams,Female,Married,3,Graduate,Yes,1900000,7100000,6,583,400000,2800000,6500000,2000000,Approved,11700000,3.74,0.61,Low,Fair,Medium Risk,Eligible
1580,Donald Lopez,Male,Married,5,Graduate,No,1800000,6800000,18,457,2200000,1100000,3800000,1400000,Rejected,8500000,3.78,0.8,Low,Poor,Medium Risk,Not Eligible
1581,Donald Z. Johnson,Male,Married,0,Not Graduate,Yes,7600000,17800000,14,570,15200000,12100000,21500000,9900000,Approved,58700000,2.34,0.3,Very High,Fair,Medium Risk,Eligible
1582,Anthony Martinez,Male,Married,1,Graduate,No,9100000,30100000,14,890,17800000,12400000,32500000,7500000,Approved,70200000,3.31,0.43,Very High,Excellent,Low Risk,Eligible
1583,Anthony L. Miller,Male,Divorced,2,Not Graduate,Yes,5300000,12300000,14,472,10000000,1600000,20400000,3300000,Rejected,35300000,2.32,0.35,High,Poor,Medium Risk,Not Eligible
1584,Michael Smith,Male,Widowed,2,Not Graduate,No,3700000,10900000,12,788,1700000,700000,12200000,2600000,Approved,17200000,2.95,0.63,Medium,Excellent,Low Risk,Eligible
1585,Susan Williams,Female,Divorced,0,Not Graduate,No,9500000,35300000,6,605,10000000,12700000,31100000,7000000,Approved,60800000,3.72,0.58,Very High,Fair,Medium Risk,Eligible
1586,Richard Johnson,Male,Single,3,Graduate,No,8300000,30500000,10,473,13300000,9400000,23300000,11800000,Rejected,57800000,3.67,0.53,Very High,Poor,Medium Risk,Not Eligible
1587,Lisa T. Moore,Female,Single,5,Graduate,No,6400000,21500000,16,728,300000,5200000,17400000,9600000,Approved,32500000,3.36,0.66,High,Good,Low Risk,Eligible
1588,Sandra Brown,Female,Single,5,Graduate,Yes,5300000,17800000,16,505,9200000,8500000,14600000,4100000,Rejected,36400000,3.36,0.49,High,Poor,Medium Risk,Not Eligible
1589,Barbara Smith,Female,Single,0,Graduate,Yes,5600000,19300000,6,407,3400000,3600000,14200000,8400000,Rejected,29600000,3.45,0.65,High,Poor,Medium Risk,Not Eligible
1590,Susan Anderson,Female,Married,1,Graduate,Yes,900000,1700000,18,464,1300000,0,1900000,700000,Rejected,3900000,1.89,0.44,Low,Poor,Medium Risk,Not Eligible
1591,Michelle Lopez,Female,Divorced,0,Graduate,Yes,2400000,7200000,20,514,4100000,2100000,6700000,1800000,Rejected,14700000,3.0,0.49,Low,Poor,Medium Risk,Not Eligible
1592,Karen Martin,Female,Widowed,1,Graduate,No,9500000,23000000,10,627,28500000,11500000,21700000,9100000,Approved,70800000,2.42,0.32,Very High,Fair,Medium Risk,Eligible
1593,Charles U. Brown,Male,Married,2,Not Graduate,Yes,7400000,14900000,20,627,15900000,10100000,19000000,10300000,Approved,55300000,2.01,0.27,High,Fair,Medium Risk,Eligible
1594,Daniel W. Garcia,Male,Single,4,Not Graduate,Yes,1500000,3200000,10,858,1500000,0,4700000,1700000,Approved,7900000,2.13,0.41,Low,Excellent,Low Risk,Eligible
1595,Jennifer Hernandez,Female,Divorced,3,Graduate,Yes,8800000,30200000,8,607,13600000,12700000,21500000,5900000,Approved,53700000,3.43,0.56,Very High,Fair,Medium Risk,Eligible
1596,Betty H. Taylor,Female,Married,5,Not Graduate,Yes,4900000,14300000,4,663,8500000,6100000,19600000,5500000,Approved,39700000,2.92,0.36,Medium,Good,Medium Risk,Eligible
1597,Thomas D. Smith,Male,Single,1,Not Graduate,Yes,8100000,26900000,6,522,23000000,2100000,18700000,4200000,Rejected,48000000,3.32,0.56,Very High,Poor,Medium Risk,Not Eligible
1598,Jessica Martin,Female,Single,2,Not Graduate,Yes,2300000,9100000,20,610,3700000,600000,7800000,3400000,Approved,15500000,3.96,0.59,Low,Fair,Medium Risk,Eligible
1599,Karen Miller,Female,Single,5,Not Graduate,Yes,3000000,6600000,16,462,5500000,3500000,9100000,3600000,Rejected,21700000,2.2,0.3,Medium,Poor,Medium Risk,Not Eligible
1600,Thomas O. Martin,Male,Married,2,Not Graduate,Yes,3900000,9300000,8,591,10900000,2700000,9600000,3300000,Approved,26500000,2.38,0.35,Medium,Fair,Medium Risk,Eligible
1601,Elizabeth Rodriguez,Female,Married,4,Graduate,Yes,1700000,6500000,20,636,1700000,900000,6200000,2300000,Approved,11100000,3.82,0.59,Low,Fair,Medium Risk,Eligible
1602,Paul J. Wilson,Male,Married,0,Not Graduate,Yes,2100000,4900000,10,359,1000000,800000,6100000,1000000,Rejected,8900000,2.33,0.55,Low,Poor,Medium Risk,Not Eligible
1603,Daniel Hernandez,Male,Married,4,Graduate,Yes,9700000,25000000,4,542,9800000,12000000,29300000,13400000,Rejected,64500000,2.58,0.39,Very High,Poor,Medium Risk,Not Eligible
1604,Thomas Q. Martin,Male,Single,5,Not Graduate,Yes,3500000,11800000,4,642,2300000,2900000,11900000,3600000,Approved,20700000,3.37,0.57,Medium,Fair,Medium Risk,Eligible
1605,Mary C. Williams,Female,Divorced,5,Not Graduate,Yes,1500000,5500000,4,414,800000,1400000,2900000,1200000,Approved,6300000,3.67,0.87,Low,Poor,Medium Risk,Not Eligible
1606,David Miller,Male,Single,3,Not Graduate,Yes,8800000,26200000,20,865,19300000,9800000,27700000,12500000,Approved,69300000,2.98,0.38,Very High,Excellent,Low Risk,Eligible
1607,Thomas Taylor,Male,Married,3,Graduate,No,900000,3100000,10,369,1400000,100000,1700000,500000,Rejected,3700000,3.44,0.84,Low,Poor,Medium Risk,Not Eligible
1608,Barbara Miller,Female,Single,0,Graduate,Yes,3500000,10800000,14,838,4700000,6800000,13900000,1700000,Approved,27100000,3.09,0.4,Medium,Excellent,Low Risk,Eligible
1609,Christopher U. Martinez,Male,Single,5,Not Graduate,No,5500000,21200000,4,582,12100000,8300000,17100000,3100000,Approved,40600000,3.85,0.52,High,Fair,Medium Risk,Eligible
1610,Jennifer Lopez,Female,Single,5,Not Graduate,Yes,9800000,23200000,10,416,11000000,17300000,21600000,8500000,Rejected,58400000,2.37,0.4,Very High,Poor,Medium Risk,Not Eligible
1611,Sandra N. Taylor,Female,Married,5,Graduate,No,2100000,5500000,20,705,5400000,1400000,4600000,1200000,Approved,12600000,2.62,0.44,Low,Good,Low Risk,Eligible
1612,Mary Gonzalez,Female,Single,0,Graduate,No,1800000,5700000,18,306,500000,700000,5600000,1700000,Rejected,8500000,3.17,0.67,Low,Poor,Medium Risk,Not Eligible
1613,Michelle Moore,Female,Married,5,Graduate,Yes,5800000,13000000,8,851,6700000,8700000,17700000,4100000,Approved,37200000,2.24,0.35,High,Excellent,Low Risk,Eligible
1614,Betty Anderson,Female,Single,5,Graduate,No,6700000,17200000,18,613,9700000,6800000,24600000,7100000,Approved,48200000,2.57,0.36,High,Fair,Medium Risk,Eligible
1615,Jennifer Hernandez,Female,Married,3,Graduate,No,4300000,16300000,10,366,6900000,6700000,12300000,5500000,Rejected,31400000,3.79,0.52,Medium,Poor,Medium Risk,Not Eligible
1616,Joseph Smith,Male,Married,1,Graduate,No,1200000,2800000,12,431,900000,400000,2900000,900000,Rejected,5100000,2.33,0.55,Low,Poor,Medium Risk,Not Eligible
1617,Ashley M. Gonzalez,Female,Widowed,5,Not Graduate,Yes,9700000,25900000,2,754,9000000,10000000,28500000,6700000,Approved,54200000,2.67,0.48,Very High,Excellent,Low Risk,Eligible
1618,Betty Thomas,Female,Widowed,5,Graduate,Yes,5400000,11200000,10,447,300000,7900000,21400000,6000000,Rejected,35600000,2.07,0.31,High,Poor,Medium Risk,Not Eligible
1619,Mark D. Johnson,Male,Single,1,Not Graduate,Yes,5300000,14100000,14,510,13300000,10400000,18900000,7800000,Rejected,50400000,2.66,0.28,High,Poor,Medium Risk,Not Eligible
1620,Joseph Y. Wilson,Male,Divorced,1,Graduate,No,7300000,24200000,20,324,12900000,3700000,18400000,9000000,Rejected,44000000,3.32,0.55,High,Poor,Medium Risk,Not Eligible
1621,Kimberley L. Thomas,Female,Married,5,Graduate,No,9500000,19200000,2,523,13500000,1500000,21000000,6700000,Rejected,42700000,2.02,0.45,Very High,Poor,Medium Risk,Not Eligible
1622,Sandra Davis,Female,Single,0,Not Graduate,Yes,7200000,15600000,2,362,2700000,2400000,20800000,5900000,Rejected,31800000,2.17,0.49,High,Poor,Medium Risk,Not Eligible
1623,Mary Jones,Female,Married,3,Graduate,Yes,9000000,32900000,6,657,9900000,600000,29200000,12000000,Approved,51700000,3.66,0.64,Very High,Good,Medium Risk,Eligible
1624,Charles V. Davis,Male,Married,5,Not Graduate,No,6500000,23300000,12,790,600000,9700000,15500000,9500000,Approved,35300000,3.58,0.66,High,Excellent,Low Risk,Eligible
1625,William M. Williams,Male,Single,1,Graduate,Yes,9500000,30500000,18,500,1300000,3300000,20500000,5500000,Rejected,30600000,3.21,1.0,Very High,Poor,Medium Risk,Not Eligible
1626,Paul F. Miller,Male,Married,2,Not Graduate,Yes,9900000,33200000,4,465,26300000,17000000,24400000,5000000,Approved,72700000,3.35,0.46,Very High,Poor,Medium Risk,Not Eligible
1627,Karen V. Taylor,Female,Divorced,4,Not Graduate,No,2900000,8700000,6,409,3700000,5500000,8200000,2200000,Rejected,19600000,3.0,0.44,Medium,Poor,Medium Risk,Not Eligible
1628,Sandra Williams,Female,Married,4,Graduate,Yes,700000,1800000,20,626,500000,600000,1400000,300000,Approved,2800000,2.57,0.64,Low,Fair,Medium Risk,Eligible
1629,Elizabeth X. Rodriguez,Female,Single,5,Not Graduate,No,4200000,13400000,16,545,9800000,8200000,12500000,3500000,Rejected,34000000,3.19,0.39,Medium,Poor,Medium Risk,Not Eligible
1630,Mary A. Garcia,Female,Single,3,Not Graduate,No,4200000,11400000,10,654,8800000,400000,16200000,5700000,Approved,31100000,2.71,0.37,Medium,Good,Medium Risk,Eligible
1631,Kimberley X. Wilson,Female,Married,0,Not Graduate,No,7600000,26500000,6,515,6200000,14900000,22000000,4000000,Rejected,47100000,3.49,0.56,Very High,Poor,Medium Risk,Not Eligible
1632,Matthew G. Garcia,Male,Married,2,Graduate,Yes,7100000,18800000,12,838,1100000,5200000,16600000,4900000,Approved,27800000,2.65,0.68,High,Excellent,Low Risk,Eligible
1633,Donald F. Jackson,Male,Single,1,Not Graduate,Yes,4700000,16000000,14,406,4000000,5300000,14300000,3300000,Rejected,26900000,3.4,0.59,Medium,Poor,Medium Risk,Not Eligible
1634,Joseph N. Rodriguez,Male,Married,0,Graduate,Yes,9800000,23200000,10,573,23900000,3300000,23600000,14600000,Approved,65400000,2.37,0.35,Very High,Fair,Medium Risk,Eligible
1635,Richard Williams,Male,Single,0,Graduate,Yes,9800000,38700000,2,611,6600000,10400000,33000000,6000000,Approved,56000000,3.95,0.69,Very High,Fair,Medium Risk,Eligible
1636,Jennifer Hernandez,Female,Single,0,Not Graduate,No,5100000,13400000,16,649,6800000,1600000,15700000,3900000,Approved,28000000,2.63,0.48,High,Fair,Medium Risk,Eligible
1637,Linda Smith,Female,Married,0,Not Graduate,Yes,3300000,7700000,12,775,8200000,2100000,7400000,4200000,Approved,21900000,2.33,0.35,Medium,Excellent,Low Risk,Eligible
1638,Joshua Johnson,Male,Married,3,Graduate,No,4500000,12500000,12,469,4100000,7600000,14200000,3400000,Rejected,29300000,2.78,0.43,Medium,Poor,Medium Risk,Not Eligible
1639,Anthony Y. Martin,Male,Single,0,Graduate,Yes,3900000,12800000,18,587,4500000,5300000,12600000,5000000,Approved,27400000,3.28,0.47,Medium,Fair,Medium Risk,Eligible
1640,Ashley K. Hernandez,Female,Single,3,Graduate,Yes,3200000,9900000,10,316,9100000,5500000,8800000,3600000,Rejected,27000000,3.09,0.37,Medium,Poor,Medium Risk,Not Eligible
1641,Lisa V. Davis,Female,Single,2,Graduate,No,3200000,10400000,10,556,8200000,5600000,11500000,4500000,Approved,29800000,3.25,0.35,Medium,Fair,Medium Risk,Eligible
1642,Matthew A. Hernandez,Male,Married,2,Not Graduate,No,9600000,31200000,12,578,9900000,2200000,26500000,13500000,Approved,52100000,3.25,0.6,Very High,Fair,Medium Risk,Eligible
1643,Elizabeth Q. Smith,Female,Single,2,Not Graduate,Yes,8700000,18900000,2,554,3900000,1900000,18000000,11500000,Approved,35300000,2.17,0.54,Very High,Fair,Medium Risk,Eligible
1644,Matthew V. Anderson,Male,Divorced,2,Not Graduate,Yes,1900000,6800000,6,892,2600000,2200000,6400000,900000,Approved,12100000,3.58,0.56,Low,Excellent,Low Risk,Eligible
1645,Susan K. Smith,Female,Single,2,Not Graduate,Yes,2900000,10200000,10,315,8100000,400000,6500000,1600000,Rejected,16600000,3.52,0.61,Medium,Poor,Medium Risk,Not Eligible
1646,Patricia H. Hernandez,Female,Married,0,Not Graduate,No,6200000,12900000,10,695,1900000,3700000,22200000,4200000,Approved,32000000,2.08,0.4,High,Good,Medium Risk,Eligible
1647,Michelle Williams,Female,Divorced,0,Not Graduate,No,5900000,20300000,4,806,300000,3700000,16400000,4800000,Approved,25200000,3.44,0.81,High,Excellent,Low Risk,Eligible
1648,Linda Gonzalez,Female,Single,4,Not Graduate,Yes,3200000,12800000,8,638,4300000,2600000,8000000,3800000,Approved,18700000,4.0,0.68,Medium,Fair,Medium Risk,Eligible
1649,Paul W. Jackson,Male,Married,1,Not Graduate,Yes,1300000,5000000,4,610,3400000,800000,4500000,900000,Approved,9600000,3.85,0.52,Low,Fair,Medium Risk,Eligible
1650,Steven Williams,Male,Married,2,Not Graduate,Yes,1300000,3200000,4,810,3800000,2100000,4300000,800000,Approved,11000000,2.46,0.29,Low,Excellent,Low Risk,Eligible
1651,Barbara P. Anderson,Female,Married,1,Graduate,No,8700000,33200000,4,866,19600000,15900000,23700000,10500000,Approved,69700000,3.82,0.48,Very High,Excellent,Low Risk,Eligible
1652,Thomas Miller,Male,Divorced,3,Not Graduate,No,6300000,23800000,10,760,12700000,1300000,18400000,8800000,Approved,41200000,3.78,0.58,High,Excellent,Low Risk,Eligible
1653,William A. Wilson,Male,Single,3,Graduate,No,4300000,11200000,6,556,11000000,4300000,14500000,5100000,Approved,34900000,2.6,0.32,Medium,Fair,Medium Risk,Eligible
1654,Betty Rodriguez,Female,Single,3,Not Graduate,Yes,6400000,23500000,12,684,17200000,10300000,25300000,7400000,Approved,60200000,3.67,0.39,High,Good,Medium Risk,Eligible
1655,Linda U. Jones,Female,Married,5,Not Graduate,Yes,7700000,25800000,18,578,5000000,7700000,27200000,10600000,Approved,50500000,3.35,0.51,Very High,Fair,Medium Risk,Eligible
1656,Daniel Y. Davis,Male,Divorced,2,Not Graduate,No,6900000,23900000,12,814,13000000,1900000,26600000,6000000,Approved,47500000,3.46,0.5,High,Excellent,Low Risk,Eligible
1657,Daniel X. Gonzalez,Male,Married,0,Not Graduate,No,4200000,14800000,20,510,9200000,5700000,11900000,2600000,Rejected,29400000,3.52,0.5,Medium,Poor,Medium Risk,Not Eligible
1658,Emily H. Wilson,Female,Single,4,Not Graduate,No,3900000,9000000,2,674,8700000,5700000,14000000,3100000,Approved,31500000,2.31,0.29,Medium,Good,Medium Risk,Eligible
1659,Jennifer Brown,Female,Married,0,Graduate,Yes,2000000,4900000,14,570,3800000,300000,6600000,1300000,Approved,12000000,2.45,0.41,Low,Fair,Medium Risk,Eligible
1660,William Jackson,Male,Divorced,1,Not Graduate,No,500000,1700000,2,680,700000,800000,1400000,700000,Approved,3600000,3.4,0.47,Low,Good,Medium Risk,Eligible
1661,Donna Smith,Female,Married,0,Graduate,No,3500000,8800000,12,803,5400000,300000,8400000,3400000,Approved,17500000,2.51,0.5,Medium,Excellent,Low Risk,Eligible
1662,Anthony Wilson,Male,Single,2,Not Graduate,Yes,3100000,10700000,16,357,9200000,1900000,7700000,3800000,Rejected,22600000,3.45,0.47,Medium,Poor,Medium Risk,Not Eligible
1663,Paul D. Martin,Male,Single,3,Not Graduate,Yes,4900000,19000000,4,575,14100000,9100000,16500000,4600000,Approved,44300000,3.88,0.43,Medium,Fair,Medium Risk,Eligible
1664,Lisa J. Jones,Female,Married,1,Not Graduate,No,1000000,3600000,4,546,2500000,0,2600000,500000,Approved,5600000,3.6,0.64,Low,Poor,Medium Risk,Not Eligible
1665,Margaret E. Jones,Female,Married,2,Graduate,No,6700000,21400000,8,370,3200000,11800000,20100000,8600000,Rejected,43700000,3.19,0.49,High,Poor,Medium Risk,Not Eligible
1666,Kenneth Hernandez,Male,Widowed,1,Graduate,No,4100000,9400000,6,713,0,1000000,11100000,3100000,Approved,15200000,2.29,0.62,Medium,Good,Low Risk,Eligible
1667,Charles Jackson,Male,Married,4,Not Graduate,Yes,1600000,3800000,2,896,1200000,400000,4800000,2000000,Approved,8400000,2.38,0.45,Low,Excellent,Low Risk,Eligible
1668,Karen Gonzalez,Female,Married,3,Graduate,Yes,2400000,9200000,14,626,300000,3600000,8500000,2000000,Approved,14400000,3.83,0.64,Low,Fair,Medium Risk,Eligible
1669,Joseph B. Davis,Male,Divorced,0,Graduate,No,2200000,6400000,4,854,900000,1600000,6500000,1300000,Approved,10300000,2.91,0.62,Low,Excellent,Low Risk,Eligible
1670,Steven Gonzalez,Male,Married,4,Graduate,No,3200000,8400000,18,802,400000,0,9100000,4700000,Approved,14200000,2.62,0.59,Medium,Excellent,Low Risk,Eligible
1671,James Moore,Male,Married,4,Not Graduate,Yes,1600000,4400000,20,382,1700000,300000,5200000,1900000,Rejected,9100000,2.75,0.48,Low,Poor,Medium Risk,Not Eligible
1672,Nancy Gonzalez,Female,Married,2,Not Graduate,No,3900000,14900000,6,415,2200000,4300000,9500000,4600000,Rejected,20600000,3.82,0.72,Medium,Poor,Medium Risk,Not Eligible
1673,Karen R. Miller,Female,Single,5,Graduate,Yes,2000000,6300000,4,366,5300000,2200000,5400000,2800000,Approved,15700000,3.15,0.4,Low,Poor,Medium Risk,Not Eligible
1674,Daniel B. Jackson,Male,Married,1,Graduate,Yes,7600000,25400000,10,595,7900000,400000,24900000,11000000,Approved,44200000,3.34,0.57,Very High,Fair,Medium Risk,Eligible
1675,Margaret O. Garcia,Female,Married,1,Not Graduate,No,9800000,21300000,2,356,23000000,12300000,25700000,14600000,Rejected,75600000,2.17,0.28,Very High,Poor,Medium Risk,Not Eligible
1676,Elizabeth Miller,Female,Married,5,Not Graduate,No,7900000,29900000,6,568,5800000,13900000,15900000,8700000,Approved,44300000,3.78,0.67,Very High,Fair,Medium Risk,Eligible
1677,Matthew Jackson,Male,Married,1,Graduate,No,1600000,4000000,10,615,2200000,2700000,5500000,1400000,Approved,11800000,2.5,0.34,Low,Fair,Medium Risk,Eligible
1678,Anthony F. Wilson,Male,Divorced,1,Graduate,Yes,6400000,13900000,12,313,18600000,6300000,18600000,4900000,Rejected,48400000,2.17,0.29,High,Poor,Medium Risk,Not Eligible
1679,Matthew Thomas,Male,Single,1,Graduate,Yes,6400000,17900000,6,575,6600000,7600000,23100000,5300000,Approved,42600000,2.8,0.42,High,Fair,Medium Risk,Eligible
1680,Donna U. Wilson,Female,Married,4,Graduate,No,1600000,5500000,10,577,400000,1200000,4100000,1400000,Approved,7100000,3.44,0.77,Low,Fair,Medium Risk,Eligible
1681,Robert Brown,Male,Married,0,Graduate,No,9200000,30700000,10,455,24900000,2000000,32900000,5200000,Rejected,65000000,3.34,0.47,Very High,Poor,Medium Risk,Not Eligible
1682,Anthony U. Williams,Male,Single,1,Not Graduate,No,7800000,24900000,6,500,15300000,10000000,16500000,4500000,Rejected,46300000,3.19,0.54,Very High,Poor,Medium Risk,Not Eligible
1683,Nancy Smith,Female,Single,1,Not Graduate,Yes,4000000,9400000,8,509,1000000,4100000,10800000,5500000,Rejected,21400000,2.35,0.44,Medium,Poor,Medium Risk,Not Eligible
1684,Kimberley Davis,Female,Married,2,Not Graduate,Yes,6100000,19400000,8,379,5300000,10800000,14300000,4100000,Rejected,34500000,3.18,0.56,High,Poor,Medium Risk,Not Eligible
1685,Sarah F. Brown,Female,Single,5,Graduate,No,7100000,14500000,14,664,5300000,12900000,15700000,9200000,Approved,43100000,2.04,0.34,High,Good,Medium Risk,Eligible
1686,Karen Jackson,Female,Single,0,Not Graduate,Yes,2500000,9900000,6,623,6000000,1800000,6200000,1800000,Approved,15800000,3.96,0.63,Low,Fair,Medium Risk,Eligible
1687,Anthony Smith,Male,Married,5,Graduate,No,3200000,8700000,16,558,2600000,2500000,9100000,1800000,Approved,16000000,2.72,0.54,Medium,Fair,Medium Risk,Eligible
1688,Jennifer R. Taylor,Female,Married,4,Graduate,No,1700000,4300000,18,580,1500000,2400000,6600000,1700000,Approved,12200000,2.53,0.35,Low,Fair,Medium Risk,Eligible
1689,Joseph Brown,Male,Married,4,Graduate,No,6300000,17600000,6,612,16000000,3300000,23500000,3200000,Approved,46000000,2.79,0.38,High,Fair,Medium Risk,Eligible
1690,James Moore,Male,Single,4,Graduate,Yes,700000,2400000,14,705,0,100000,2000000,700000,Approved,2800000,3.43,0.86,Low,Good,Low Risk,Eligible
1691,David Jackson,Male,Single,4,Graduate,Yes,1100000,2700000,18,301,2800000,1600000,3300000,1500000,Rejected,9200000,2.45,0.29,Low,Poor,Medium Risk,Not Eligible
1692,Patricia Q. Williams,Female,Single,1,Not Graduate,Yes,8900000,32000000,16,711,4300000,1200000,22100000,5200000,Approved,32800000,3.6,0.98,Very High,Good,Low Risk,Eligible
1693,Mark Smith,Male,Single,3,Graduate,No,300000,700000,20,735,900000,200000,900000,400000,Approved,2400000,2.33,0.29,Low,Good,Low Risk,Eligible
1694,Emily Anderson,Female,Married,1,Not Graduate,No,2200000,5200000,14,682,2600000,600000,6100000,1800000,Approved,11100000,2.36,0.47,Low,Good,Medium Risk,Eligible
1695,Kimberley Q. Lopez,Female,Single,3,Not Graduate,No,3400000,13500000,10,348,7900000,3700000,8200000,4700000,Rejected,24500000,3.97,0.55,Medium,Poor,Medium Risk,Not Eligible
1696,Robert Davis,Male,Single,0,Graduate,Yes,7900000,23500000,20,750,16800000,15300000,21200000,4000000,Approved,57300000,2.97,0.41,Very High,Excellent,Low Risk,Eligible
1697,David S. Martin,Male,Single,3,Not Graduate,Yes,5800000,18200000,16,835,1000000,6100000,14600000,7900000,Approved,29600000,3.14,0.61,High,Excellent,Low Risk,Eligible
1698,Kenneth Wilson,Male,Single,0,Graduate,Yes,9400000,20000000,6,389,16000000,7100000,19400000,10200000,Rejected,52700000,2.13,0.38,Very High,Poor,Medium Risk,Not Eligible
1699,Barbara Gonzalez,Female,Divorced,2,Graduate,No,4800000,18900000,4,866,10200000,6000000,13900000,5900000,Approved,36000000,3.94,0.52,Medium,Excellent,Low Risk,Eligible
1700,Elizabeth Moore,Female,Married,3,Not Graduate,No,7600000,26600000,4,689,5300000,600000,24300000,8600000,Approved,38800000,3.5,0.69,Very High,Good,Medium Risk,Eligible
1701,Susan U. Lopez,Female,Married,0,Not Graduate,No,5900000,17600000,16,645,13000000,3100000,23400000,8600000,Approved,48100000,2.98,0.37,High,Fair,Medium Risk,Eligible
1702,Mark Jones,Male,Married,1,Graduate,Yes,4300000,10100000,2,797,4400000,4500000,16300000,4700000,Approved,29900000,2.35,0.34,Medium,Excellent,Low Risk,Eligible
1703,Mary Martin,Female,Single,5,Graduate,No,6100000,17800000,6,849,2900000,10900000,16100000,7800000,Approved,37700000,2.92,0.47,High,Excellent,Low Risk,Eligible
1704,Andrew Wilson,Male,Married,5,Graduate,No,5400000,19700000,20,423,6500000,10000000,15700000,7300000,Rejected,39500000,3.65,0.5,High,Poor,Medium Risk,Not Eligible
1705,Lisa Rodriguez,Female,Married,1,Not Graduate,Yes,5200000,11200000,2,370,9900000,10200000,16700000,6400000,Rejected,43200000,2.15,0.26,High,Poor,Medium Risk,Not Eligible
1706,Mary Brown,Female,Widowed,5,Not Graduate,No,8500000,31300000,12,378,21400000,13100000,30400000,8800000,Rejected,73700000,3.68,0.42,Very High,Poor,Medium Risk,Not Eligible
1707,Linda Brown,Female,Married,4,Not Graduate,No,900000,1900000,20,417,1000000,800000,2800000,900000,Rejected,5500000,2.11,0.35,Low,Poor,Medium Risk,Not Eligible
1708,Donna Thomas,Female,Single,1,Not Graduate,No,1400000,4100000,20,530,1200000,1100000,3000000,1900000,Rejected,7200000,2.93,0.57,Low,Poor,Medium Risk,Not Eligible
1709,Emily B. Rodriguez,Female,Single,1,Not Graduate,Yes,2400000,9300000,20,543,700000,800000,5000000,3400000,Rejected,9900000,3.88,0.94,Low,Poor,Medium Risk,Not Eligible
1710,Barbara V. Lopez,Female,Widowed,4,Graduate,No,6300000,15000000,18,750,800000,6500000,15400000,7700000,Approved,30400000,2.38,0.49,High,Excellent,Low Risk,Eligible
1711,Ashley Jackson,Female,Single,1,Graduate,No,3100000,7600000,20,346,700000,4600000,8100000,4400000,Rejected,17800000,2.45,0.43,Medium,Poor,Medium Risk,Not Eligible
1712,David Jones,Male,Married,4,Graduate,Yes,6900000,19000000,14,330,9300000,7100000,18800000,8400000,Rejected,43600000,2.75,0.44,High,Poor,Medium Risk,Not Eligible
1713,Matthew N. Davis,Male,Married,2,Not Graduate,Yes,3000000,7400000,10,712,5100000,1000000,11600000,3800000,Approved,21500000,2.47,0.34,Medium,Good,Low Risk,Eligible
1714,Donald Q. Lopez,Male,Single,0,Not Graduate,No,3100000,10100000,14,376,6400000,2600000,11600000,4300000,Rejected,24900000,3.26,0.41,Medium,Poor,Medium Risk,Not Eligible
1715,Kimberley Davis,Female,Divorced,4,Not Graduate,No,600000,1200000,14,338,500000,500000,2300000,500000,Rejected,3800000,2.0,0.32,Low,Poor,Medium Risk,Not Eligible
1716,Sandra U. Hernandez,Female,Single,4,Not Graduate,Yes,4700000,13700000,14,600,12100000,8400000,17700000,5000000,Approved,43200000,2.91,0.32,Medium,Fair,Medium Risk,Eligible
1717,Michael C. Garcia,Male,Married,1,Graduate,No,2500000,6900000,20,495,4800000,3300000,5700000,3700000,Rejected,17500000,2.76,0.39,Low,Poor,Medium Risk,Not Eligible
1718,Mary X. Wilson,Female,Single,0,Graduate,No,9700000,30400000,4,300,17100000,16600000,38100000,9200000,Approved,81000000,3.13,0.38,Very High,Poor,Medium Risk,Not Eligible
1719,Kimberley M. Moore,Female,Single,4,Not Graduate,Yes,7600000,20000000,18,691,5000000,8700000,23400000,11200000,Approved,48300000,2.63,0.41,Very High,Good,Medium Risk,Eligible
1720,James X. Wilson,Male,Single,1,Graduate,No,8400000,24700000,8,519,12900000,16700000,17300000,6000000,Rejected,52900000,2.94,0.47,Very High,Poor,Medium Risk,Not Eligible
1721,Kenneth V. Anderson,Male,Divorced,3,Graduate,Yes,3800000,15100000,20,540,9400000,1000000,9300000,3600000,Rejected,23300000,3.97,0.65,Medium,Poor,Medium Risk,Not Eligible
1722,Richard Williams,Male,Single,3,Not Graduate,Yes,3100000,11400000,16,562,3600000,3600000,7200000,3100000,Approved,17500000,3.68,0.65,Medium,Fair,Medium Risk,Eligible
1723,Patricia Wilson,Female,Single,2,Not Graduate,No,5700000,21300000,10,323,1600000,11200000,16200000,5100000,Rejected,34100000,3.74,0.62,High,Poor,Medium Risk,Not Eligible
1724,Daniel Y. Davis,Male,Divorced,1,Graduate,Yes,5500000,19700000,10,312,12800000,4800000,19500000,3300000,Rejected,40400000,3.58,0.49,High,Poor,Medium Risk,Not Eligible
1725,Karen Thomas,Female,Single,1,Not Graduate,Yes,200000,600000,2,511,500000,100000,800000,200000,Approved,1600000,3.0,0.38,Low,Poor,Medium Risk,Not Eligible
1726,Susan U. Martinez,Female,Married,3,Not Graduate,Yes,3700000,13800000,10,621,4000000,800000,11900000,5300000,Approved,22000000,3.73,0.63,Medium,Fair,Medium Risk,Eligible
1727,Donald B. Martin,Male,Single,2,Not Graduate,Yes,1600000,4300000,20,512,3200000,2500000,6300000,900000,Rejected,12900000,2.69,0.33,Low,Poor,Medium Risk,Not Eligible
1728,Lisa Martinez,Female,Single,4,Graduate,No,3900000,11000000,2,786,7900000,1600000,10700000,2100000,Approved,22300000,2.82,0.49,Medium,Excellent,Low Risk,Eligible
1729,Anthony Lopez,Male,Married,3,Not Graduate,Yes,700000,1600000,18,303,600000,500000,2000000,600000,Rejected,3700000,2.29,0.43,Low,Poor,Medium Risk,Not Eligible
1730,Michael E. Taylor,Male,Married,3,Graduate,Yes,5800000,16700000,18,633,8100000,8400000,14700000,3700000,Approved,34900000,2.88,0.48,High,Fair,Medium Risk,Eligible
1731,Mary I. Jones,Female,Single,4,Graduate,Yes,3800000,14000000,6,711,9500000,7300000,14500000,3100000,Approved,34400000,3.68,0.41,Medium,Good,Low Risk,Eligible
1732,Nancy Martinez,Female,Divorced,2,Graduate,No,6400000,16900000,16,472,11100000,6000000,16300000,4500000,Rejected,37900000,2.64,0.45,High,Poor,Medium Risk,Not Eligible
1733,Linda O. Anderson,Female,Single,1,Graduate,Yes,5500000,12100000,4,350,6300000,9200000,17200000,6900000,Rejected,39600000,2.2,0.31,High,Poor,Medium Risk,Not Eligible
1734,Sandra Smith,Female,Divorced,1,Not Graduate,Yes,6800000,13700000,10,879,500000,2600000,22000000,6800000,Approved,31900000,2.01,0.43,High,Excellent,Low Risk,Eligible
1735,William Miller,Male,Single,4,Not Graduate,No,6700000,13400000,10,436,3600000,1200000,23200000,7500000,Rejected,35500000,2.0,0.38,High,Poor,Medium Risk,Not Eligible
1736,Lisa Johnson,Female,Single,1,Graduate,Yes,5300000,11500000,14,848,1300000,3600000,14700000,5700000,Approved,25300000,2.17,0.45,High,Excellent,Low Risk,Eligible
1737,Sarah Brown,Female,Married,2,Graduate,No,6600000,23200000,16,555,9900000,6500000,23300000,3300000,Approved,43000000,3.52,0.54,High,Fair,Medium Risk,Eligible
1738,Daniel X. Gonzalez,Male,Married,2,Graduate,No,6600000,13100000,20,885,10900000,4300000,20600000,6200000,Approved,42000000,1.98,0.31,High,Excellent,Low Risk,Eligible
1739,Elizabeth Z. Brown,Female,Single,0,Not Graduate,No,7600000,25200000,6,888,12700000,10900000,24500000,7500000,Approved,55600000,3.32,0.45,Very High,Excellent,Low Risk,Eligible
1740,Matthew Taylor,Male,Married,4,Not Graduate,Yes,2500000,6100000,20,478,5900000,800000,9500000,3200000,Rejected,19400000,2.44,0.31,Low,Poor,Medium Risk,Not Eligible
1741,Daniel X. Wilson,Male,Single,4,Not Graduate,No,1100000,2500000,4,603,1900000,1400000,3900000,500000,Approved,7700000,2.27,0.32,Low,Fair,Medium Risk,Eligible
1742,Karen Martinez,Female,Married,1,Not Graduate,No,2300000,8200000,8,784,2000000,0,7600000,1100000,Approved,10700000,3.57,0.77,Low,Excellent,Low Risk,Eligible
1743,Kenneth F. Jones,Male,Single,1,Graduate,Yes,3300000,11700000,4,682,3500000,5500000,12300000,1600000,Approved,22900000,3.55,0.51,Medium,Good,Medium Risk,Eligible
1744,Charles N. Davis,Male,Single,4,Graduate,Yes,2600000,5900000,6,471,3500000,1900000,7300000,3400000,Rejected,16100000,2.27,0.37,Medium,Poor,Medium Risk,Not Eligible
1745,Paul Martin,Male,Widowed,4,Not Graduate,Yes,9300000,36700000,20,808,16500000,14700000,26500000,7100000,Approved,64800000,3.95,0.57,Very High,Excellent,Low Risk,Eligible
1746,Thomas Brown,Male,Single,4,Not Graduate,No,5300000,18500000,8,470,2900000,9300000,14900000,4900000,Rejected,32000000,3.49,0.58,High,Poor,Medium Risk,Not Eligible
1747,David Wilson,Male,Single,2,Not Graduate,No,5400000,13800000,20,574,900000,9200000,10900000,3700000,Approved,24700000,2.56,0.56,High,Fair,Medium Risk,Eligible
1748,Anthony W. Wilson,Male,Married,4,Not Graduate,Yes,3500000,12000000,8,314,7700000,100000,12600000,2700000,Rejected,23100000,3.43,0.52,Medium,Poor,Medium Risk,Not Eligible
1749,Thomas Hernandez,Male,Single,2,Graduate,No,4200000,10200000,14,407,5900000,4500000,12000000,2500000,Rejected,24900000,2.43,0.41,Medium,Poor,Medium Risk,Not Eligible
1750,Patricia Martinez,Female,Single,0,Not Graduate,Yes,9200000,34900000,4,702,16900000,16000000,24100000,9800000,Approved,66800000,3.79,0.52,Very High,Good,Low Risk,Eligible
1751,Sandra Davis,Female,Single,2,Graduate,No,4300000,9800000,2,499,4400000,4500000,12600000,5100000,Rejected,26600000,2.28,0.37,Medium,Poor,Medium Risk,Not Eligible
1752,James K. Johnson,Male,Single,1,Graduate,Yes,7500000,19900000,10,669,1800000,8800000,18100000,7300000,Approved,36000000,2.65,0.55,High,Good,Medium Risk,Eligible
1753,Sarah Martin,Female,Single,5,Not Graduate,Yes,5400000,18800000,20,326,9700000,10100000,14800000,3200000,Rejected,37800000,3.48,0.5,High,Poor,Medium Risk,Not Eligible
1754,Nancy Hernandez,Female,Single,3,Not Graduate,No,5500000,16200000,18,778,4700000,10700000,15300000,6100000,Approved,36800000,2.95,0.44,High,Excellent,Low Risk,Eligible
1755,Andrew Jones,Male,Married,2,Not Graduate,Yes,2100000,4500000,2,787,4800000,2800000,6000000,2100000,Approved,15700000,2.14,0.29,Low,Excellent,Low Risk,Eligible
1756,Donna H. Taylor,Female,Married,0,Graduate,No,3700000,12300000,16,831,8000000,2200000,11200000,2400000,Approved,23800000,3.32,0.52,Medium,Excellent,Low Risk,Eligible
1757,Joshua Gonzalez,Male,Single,0,Graduate,No,8800000,32900000,18,576,1300000,8700000,32600000,5600000,Approved,48200000,3.74,0.68,Very High,Fair,Medium Risk,Eligible
1758,Robert U. Jackson,Male,Married,5,Not Graduate,No,5800000,22800000,12,600,16000000,1100000,20700000,5700000,Approved,43500000,3.93,0.52,High,Fair,Medium Risk,Eligible
1759,Donald Brown,Male,Married,4,Graduate,No,7900000,30600000,2,569,7600000,3400000,20100000,7400000,Approved,38500000,3.87,0.79,Very High,Fair,Medium Risk,Eligible
1760,Karen G. Thomas,Female,Married,1,Not Graduate,Yes,3100000,6300000,20,867,1900000,6100000,6600000,4000000,Approved,18600000,2.03,0.34,Medium,Excellent,Low Risk,Eligible
1761,Robert Jones,Male,Married,0,Not Graduate,No,4100000,14500000,12,441,9900000,300000,15700000,3900000,Rejected,29800000,3.54,0.49,Medium,Poor,Medium Risk,Not Eligible
1762,Emily O. Lopez,Female,Married,2,Not Graduate,Yes,9800000,32700000,2,304,4700000,19000000,24500000,8600000,Approved,56800000,3.34,0.58,Very High,Poor,Medium Risk,Not Eligible
1763,Mark Williams,Male,Married,5,Not Graduate,No,3300000,8400000,18,520,500000,6300000,11000000,4000000,Rejected,21800000,2.55,0.39,Medium,Poor,Medium Risk,Not Eligible
1764,Richard Martin,Male,Widowed,0,Graduate,No,2000000,6200000,14,613,100000,1800000,5400000,1300000,Approved,8600000,3.1,0.72,Low,Fair,Medium Risk,Eligible
1765,Patricia Jackson,Female,Widowed,2,Not Graduate,Yes,600000,1100000,8,885,700000,0,1200000,300000,Approved,2200000,1.83,0.5,Low,Excellent,Low Risk,Eligible
1766,Anthony Q. Thomas,Male,Widowed,4,Not Graduate,Yes,3600000,9500000,2,841,4900000,4400000,13500000,2100000,Approved,24900000,2.64,0.38,Medium,Excellent,Low Risk,Eligible
1767,Donald Taylor,Male,Married,2,Not Graduate,No,7500000,29100000,20,815,12400000,9500000,25300000,9100000,Approved,56300000,3.88,0.52,High,Excellent,Low Risk,Eligible
1768,Michelle Rodriguez,Female,Single,5,Graduate,Yes,200000,400000,18,822,200000,300000,600000,300000,Approved,1400000,2.0,0.29,Low,Excellent,Low Risk,Eligible
1769,Joshua Z. Smith,Male,Married,4,Not Graduate,No,9900000,29100000,18,772,24100000,19400000,26800000,11700000,Approved,82000000,2.94,0.35,Very High,Excellent,Low Risk,Eligible
1770,Karen Davis,Female,Single,5,Graduate,Yes,6100000,22500000,6,776,17600000,9900000,13800000,4800000,Approved,46100000,3.69,0.49,High,Excellent,Low Risk,Eligible
1771,Richard Davis,Male,Single,4,Not Graduate,Yes,3500000,10300000,10,337,9000000,5600000,10500000,4500000,Rejected,29600000,2.94,0.35,Medium,Poor,Medium Risk,Not Eligible
1772,David I. Rodriguez,Male,Divorced,0,Not Graduate,Yes,7800000,19000000,12,333,15400000,14900000,30600000,9600000,Rejected,70500000,2.44,0.27,Very High,Poor,Medium Risk,Not Eligible
1773,Thomas A. Miller,Male,Married,3,Not Graduate,Yes,8700000,29300000,4,312,9000000,2800000,30000000,4900000,Approved,46700000,3.37,0.63,Very High,Poor,Medium Risk,Not Eligible
1774,Lisa R. Williams,Female,Single,2,Graduate,Yes,5500000,12400000,14,842,0,6800000,15800000,5800000,Approved,28400000,2.25,0.44,High,Excellent,Low Risk,Eligible
1775,Mark Martin,Male,Widowed,3,Graduate,Yes,1800000,5100000,8,790,100000,0,3700000,2000000,Approved,5800000,2.83,0.88,Low,Excellent,Low Risk,Eligible
1776,Matthew I. Davis,Male,Single,2,Graduate,No,8000000,31900000,16,806,19900000,1800000,23200000,5400000,Approved,50300000,3.99,0.63,Very High,Excellent,Low Risk,Eligible
1777,Andrew Jackson,Male,Married,5,Not Graduate,Yes,7500000,17000000,8,300,7800000,8300000,18900000,6700000,Rejected,41700000,2.27,0.41,High,Poor,Medium Risk,Not Eligible
1778,Sarah O. Martin,Female,Single,5,Graduate,Yes,3700000,12000000,12,605,4900000,1800000,13200000,3100000,Approved,23000000,3.24,0.52,Medium,Fair,Medium Risk,Eligible
1779,Susan Y. Jackson,Female,Single,2,Graduate,Yes,1600000,4700000,12,582,1500000,1300000,5200000,1000000,Approved,9000000,2.94,0.52,Low,Fair,Medium Risk,Eligible
1780,Jessica Wilson,Female,Divorced,5,Graduate,No,1300000,2700000,6,607,800000,1500000,4700000,1600000,Approved,8600000,2.08,0.31,Low,Fair,Medium Risk,Eligible
1781,Steven Garcia,Male,Married,5,Graduate,Yes,2400000,8200000,10,709,2100000,3700000,8800000,2800000,Approved,17400000,3.42,0.47,Low,Good,Low Risk,Eligible
1782,Joseph Jackson,Male,Married,4,Graduate,Yes,4100000,11600000,14,854,500000,6900000,12700000,5700000,Approved,25800000,2.83,0.45,Medium,Excellent,Low Risk,Eligible
1783,Mary Martinez,Female,Single,2,Not Graduate,Yes,7300000,15200000,20,776,14700000,9600000,26400000,4100000,Approved,54800000,2.08,0.28,High,Excellent,Low Risk,Eligible
1784,Michelle Miller,Female,Single,1,Graduate,Yes,8000000,24600000,12,649,10800000,1600000,21800000,9200000,Approved,43400000,3.08,0.57,Very High,Fair,Medium Risk,Eligible
1785,Donald Gonzalez,Male,Married,3,Not Graduate,No,7900000,28000000,4,394,22800000,13200000,18200000,3900000,Approved,58100000,3.54,0.48,Very High,Poor,Medium Risk,Not Eligible
1786,Kenneth Brown,Male,Single,4,Not Graduate,No,7200000,18900000,16,371,6600000,14100000,18900000,4900000,Rejected,44500000,2.62,0.42,High,Poor,Medium Risk,Not Eligible
1787,Robert Jones,Male,Single,3,Not Graduate,No,6200000,13200000,14,707,17200000,8900000,23100000,4200000,Approved,53400000,2.13,0.25,High,Good,Low Risk,Eligible
1788,Kenneth A. Smith,Male,Divorced,2,Not Graduate,Yes,5700000,18100000,20,491,6800000,100000,17700000,3900000,Rejected,28500000,3.18,0.64,High,Poor,Medium Risk,Not Eligible
1789,Andrew C. Hernandez,Male,Single,0,Graduate,Yes,5800000,14100000,16,570,8200000,4200000,16400000,3700000,Approved,32500000,2.43,0.43,High,Fair,Medium Risk,Eligible
1790,Donna J. Anderson,Female,Single,1,Not Graduate,No,900000,3500000,18,395,2500000,800000,3000000,1300000,Rejected,7600000,3.89,0.46,Low,Poor,Medium Risk,Not Eligible
1791,Thomas I. Johnson,Male,Married,0,Not Graduate,Yes,2200000,7500000,10,497,2300000,2100000,5700000,1800000,Rejected,11900000,3.41,0.63,Low,Poor,Medium Risk,Not Eligible
1792,James Johnson,Male,Single,3,Not Graduate,Yes,1800000,5300000,14,440,2000000,100000,3700000,1000000,Rejected,6800000,2.94,0.78,Low,Poor,Medium Risk,Not Eligible
1793,Elizabeth A. Smith,Female,Single,0,Not Graduate,Yes,800000,2400000,16,825,700000,0,3100000,1100000,Approved,4900000,3.0,0.49,Low,Excellent,Low Risk,Eligible
1794,Elizabeth H. Lopez,Female,Divorced,2,Graduate,Yes,7600000,18100000,14,320,14700000,2600000,28100000,8500000,Rejected,53900000,2.38,0.34,Very High,Poor,Medium Risk,Not Eligible
1795,Linda Thomas,Female,Single,2,Graduate,Yes,4100000,13500000,4,846,8900000,7800000,11400000,2400000,Approved,30500000,3.29,0.44,Medium,Excellent,Low Risk,Eligible
1796,Christopher Lopez,Male,Single,3,Graduate,Yes,4600000,10900000,12,856,13500000,5100000,9400000,3300000,Approved,31300000,2.37,0.35,Medium,Excellent,Low Risk,Eligible
1797,Jennifer F. Johnson,Female,Married,3,Graduate,No,2300000,6800000,10,418,2800000,2700000,6300000,1400000,Rejected,13200000,2.96,0.52,Low,Poor,Medium Risk,Not Eligible
1798,Michelle E. Garcia,Female,Divorced,0,Not Graduate,Yes,8000000,21100000,6,306,16100000,11800000,28200000,8700000,Rejected,64800000,2.64,0.33,Very High,Poor,Medium Risk,Not Eligible
1799,Michelle Martinez,Female,Single,2,Not Graduate,Yes,3800000,14500000,16,567,2400000,2600000,10500000,3000000,Approved,18500000,3.82,0.78,Medium,Fair,Medium Risk,Eligible
1800,Nancy W. Rodriguez,Female,Married,2,Not Graduate,Yes,9500000,36800000,6,493,24100000,13800000,32100000,6200000,Rejected,76200000,3.87,0.48,Very High,Poor,Medium Risk,Not Eligible
1801,David Jones,Male,Single,2,Graduate,No,9300000,21200000,2,509,2800000,2600000,35800000,6600000,Rejected,47800000,2.28,0.44,Very High,Poor,Medium Risk,Not Eligible
1802,Jennifer X. Brown,Female,Single,4,Graduate,No,4700000,17000000,4,364,2900000,4600000,18800000,6200000,Approved,32500000,3.62,0.52,Medium,Poor,Medium Risk,Not Eligible
1803,Daniel Jones,Male,Single,5,Not Graduate,No,6000000,24000000,20,639,300000,7300000,15100000,6600000,Approved,29300000,4.0,0.82,High,Fair,Medium Risk,Eligible
1804,Ashley Wilson,Female,Widowed,2,Graduate,Yes,5500000,21700000,2,309,11800000,1000000,21600000,7600000,Approved,42000000,3.95,0.52,High,Poor,Medium Risk,Not Eligible
1805,Elizabeth Davis,Female,Married,0,Not Graduate,Yes,4600000,14800000,6,433,12100000,4600000,11100000,6700000,Rejected,34500000,3.22,0.43,Medium,Poor,Medium Risk,Not Eligible
1806,Emily M. Moore,Female,Single,5,Not Graduate,No,9900000,33600000,20,580,7000000,10800000,37400000,14700000,Approved,69900000,3.39,0.48,Very High,Fair,Medium Risk,Eligible
1807,Kimberley Z. Jackson,Female,Married,1,Graduate,Yes,6200000,16200000,4,888,0,12000000,24300000,4000000,Approved,40300000,2.61,0.4,High,Excellent,Low Risk,Eligible
1808,Thomas Lopez,Male,Widowed,4,Not Graduate,Yes,400000,1100000,6,644,1000000,300000,1600000,400000,Approved,3300000,2.75,0.33,Low,Fair,Medium Risk,Eligible
1809,Matthew Moore,Male,Single,1,Not Graduate,Yes,7800000,22200000,10,763,11200000,1400000,27000000,4900000,Approved,44500000,2.85,0.5,Very High,Excellent,Low Risk,Eligible
1810,Robert Lopez,Male,Married,0,Graduate,Yes,2900000,10800000,20,694,6400000,200000,10600000,2100000,Approved,19300000,3.72,0.56,Medium,Good,Medium Risk,Eligible
1811,Christopher Anderson,Male,Divorced,3,Not Graduate,No,500000,1200000,6,757,1300000,100000,1200000,600000,Approved,3200000,2.4,0.38,Low,Excellent,Low Risk,Eligible
1812,Jessica B. Miller,Female,Married,0,Not Graduate,No,2500000,6900000,12,471,7100000,4000000,5200000,1500000,Rejected,17800000,2.76,0.39,Low,Poor,Medium Risk,Not Eligible
1813,David W. Gonzalez,Male,Widowed,5,Not Graduate,No,9000000,35200000,2,437,18400000,17800000,18300000,10400000,Approved,64900000,3.91,0.54,Very High,Poor,Medium Risk,Not Eligible
1814,Patricia C. Brown,Female,Married,4,Not Graduate,Yes,5200000,11400000,10,406,14700000,2000000,13000000,4400000,Rejected,34100000,2.19,0.33,High,Poor,Medium Risk,Not Eligible
1815,James Jones,Male,Single,5,Not Graduate,No,6000000,19700000,20,376,14700000,10700000,17100000,5500000,Rejected,48000000,3.28,0.41,High,Poor,Medium Risk,Not Eligible
1816,James N. Jackson,Male,Single,1,Graduate,No,5100000,13800000,14,350,6200000,2200000,12600000,3600000,Rejected,24600000,2.71,0.56,High,Poor,Medium Risk,Not Eligible
1817,Steven W. Jones,Male,Divorced,5,Not Graduate,Yes,8000000,22500000,20,784,7600000,7300000,26000000,10800000,Approved,51700000,2.81,0.44,Very High,Excellent,Low Risk,Eligible
1818,Sandra Hernandez,Female,Married,4,Graduate,Yes,9200000,25400000,14,765,21200000,6600000,25100000,5600000,Approved,58500000,2.76,0.43,Very High,Excellent,Low Risk,Eligible
1819,Christopher Brown,Male,Divorced,4,Not Graduate,No,9800000,32200000,18,593,9500000,400000,34000000,14300000,Approved,58200000,3.29,0.55,Very High,Fair,Medium Risk,Eligible
1820,Kenneth A. Garcia,Male,Single,3,Graduate,Yes,7600000,30000000,10,344,19000000,13700000,27600000,11100000,Rejected,71400000,3.95,0.42,Very High,Poor,Medium Risk,Not Eligible
1821,Margaret I. Moore,Female,Divorced,1,Graduate,No,5100000,11800000,12,314,14700000,7600000,12400000,4900000,Rejected,39600000,2.31,0.3,High,Poor,Medium Risk,Not Eligible
1822,Jessica I. Wilson,Female,Widowed,4,Graduate,Yes,1500000,3300000,16,382,200000,2400000,3200000,1100000,Rejected,6900000,2.2,0.48,Low,Poor,Medium Risk,Not Eligible
1823,Elizabeth Miller,Female,Single,2,Not Graduate,Yes,6200000,16500000,4,510,14100000,4700000,18200000,6300000,Rejected,43300000,2.66,0.38,High,Poor,Medium Risk,Not Eligible
1824,Barbara C. Moore,Female,Married,2,Graduate,Yes,6300000,24600000,8,464,7700000,2200000,13000000,6900000,Rejected,29800000,3.9,0.83,High,Poor,Medium Risk,Not Eligible
1825,Ashley M. Hernandez,Female,Married,1,Graduate,Yes,5500000,14900000,2,403,7400000,8900000,19700000,4100000,Rejected,40100000,2.71,0.37,High,Poor,Medium Risk,Not Eligible
1826,Robert G. Lopez,Male,Single,3,Not Graduate,No,8100000,30400000,12,606,900000,1100000,31900000,11600000,Approved,45500000,3.75,0.67,Very High,Fair,Medium Risk,Eligible
1827,Michael K. Lopez,Male,Single,1,Graduate,No,6300000,22000000,20,646,9500000,7900000,13500000,5500000,Approved,36400000,3.49,0.6,High,Fair,Medium Risk,Eligible
1828,Barbara Moore,Female,Single,1,Graduate,No,1100000,3600000,20,495,1600000,1100000,3100000,500000,Rejected,6300000,3.27,0.57,Low,Poor,Medium Risk,Not Eligible
1829,Christopher U. Miller,Male,Divorced,3,Not Graduate,Yes,7200000,21600000,2,626,10600000,1600000,26900000,3700000,Approved,42800000,3.0,0.5,High,Fair,Medium Risk,Eligible
1830,Charles S. Williams,Male,Single,1,Not Graduate,Yes,3000000,6000000,16,518,3800000,1700000,11600000,3900000,Rejected,21000000,2.0,0.29,Medium,Poor,Medium Risk,Not Eligible
1831,Patricia Johnson,Female,Divorced,5,Graduate,No,2700000,7600000,8,746,900000,2200000,7200000,3400000,Approved,13700000,2.81,0.55,Medium,Good,Low Risk,Eligible
1832,Matthew Q. Martinez,Male,Single,0,Not Graduate,No,5000000,16300000,12,737,2600000,3400000,11800000,4400000,Approved,22200000,3.26,0.73,Medium,Good,Low Risk,Eligible
1833,Nancy D. Jones,Female,Single,0,Not Graduate,No,8400000,22300000,14,371,8300000,3700000,22300000,9100000,Rejected,43400000,2.65,0.51,Very High,Poor,Medium Risk,Not Eligible
1834,Paul Jones,Male,Married,1,Graduate,No,7700000,27300000,8,509,10100000,2200000,20200000,10800000,Rejected,43300000,3.55,0.63,Very High,Poor,Medium Risk,Not Eligible
1835,Donna Johnson,Female,Single,1,Graduate,No,4700000,14000000,2,411,4600000,5100000,10600000,3700000,Rejected,24000000,2.98,0.58,Medium,Poor,Medium Risk,Not Eligible
1836,Jennifer H. Williams,Female,Divorced,2,Not Graduate,No,4300000,11800000,20,701,11600000,4600000,14200000,3300000,Approved,33700000,2.74,0.35,Medium,Good,Low Risk,Eligible
1837,Richard X. Taylor,Male,Married,5,Not Graduate,No,2500000,8800000,10,769,3700000,1600000,8200000,2700000,Approved,16200000,3.52,0.54,Low,Excellent,Low Risk,Eligible
1838,Margaret Jones,Female,Single,5,Not Graduate,Yes,4400000,12500000,6,740,8200000,2300000,9900000,5400000,Approved,25800000,2.84,0.48,Medium,Good,Low Risk,Eligible
1839,Patricia Gonzalez,Female,Widowed,5,Not Graduate,No,5700000,11600000,4,892,10200000,6100000,19800000,7400000,Approved,43500000,2.04,0.27,High,Excellent,Low Risk,Eligible
1840,David P. Jackson,Male,Single,2,Not Graduate,No,5300000,13100000,14,417,4900000,6200000,18200000,6800000,Rejected,36100000,2.47,0.36,High,Poor,Medium Risk,Not Eligible
1841,David Z. Martinez,Male,Married,5,Graduate,No,4600000,14400000,6,785,6500000,6300000,14700000,6200000,Approved,33700000,3.13,0.43,Medium,Excellent,Low Risk,Eligible
1842,Steven Brown,Male,Single,3,Not Graduate,No,400000,1100000,16,504,200000,400000,800000,400000,Rejected,1800000,2.75,0.61,Low,Poor,Medium Risk,Not Eligible
1843,Barbara Williams,Female,Single,0,Not Graduate,No,2100000,5900000,14,402,4400000,0,4800000,1000000,Rejected,10200000,2.81,0.58,Low,Poor,Medium Risk,Not Eligible
1844,Michael O. Garcia,Male,Single,2,Graduate,Yes,1200000,3500000,16,540,3100000,1800000,3500000,800000,Rejected,9200000,2.92,0.38,Low,Poor,Medium Risk,Not Eligible
1845,Sarah E. Anderson,Female,Divorced,2,Graduate,Yes,8000000,28400000,10,607,11400000,3800000,29000000,11600000,Approved,55800000,3.55,0.51,Very High,Fair,Medium Risk,Eligible
1846,Patricia M. Lopez,Female,Married,1,Graduate,Yes,5000000,19400000,10,410,11600000,6200000,11700000,4500000,Rejected,34000000,3.88,0.57,Medium,Poor,Medium Risk,Not Eligible
1847,Donald T. Lopez,Male,Divorced,0,Not Graduate,No,8500000,17200000,12,624,6500000,8400000,18600000,5100000,Approved,38600000,2.02,0.45,Very High,Fair,Medium Risk,Eligible
1848,Jennifer I. Wilson,Female,Divorced,4,Graduate,No,4600000,16600000,16,805,4800000,8000000,11500000,2800000,Approved,27100000,3.61,0.61,Medium,Excellent,Low Risk,Eligible
1849,Kenneth H. Johnson,Male,Married,2,Graduate,No,4600000,16100000,18,709,7100000,9000000,13800000,5400000,Approved,35300000,3.5,0.46,Medium,Good,Low Risk,Eligible
1850,David Brown,Male,Single,2,Not Graduate,Yes,8500000,30900000,14,511,23300000,4400000,21900000,5500000,Rejected,55100000,3.64,0.56,Very High,Poor,Medium Risk,Not Eligible
1851,Jennifer Davis,Female,Married,1,Graduate,Yes,7800000,25100000,18,766,6900000,7200000,16600000,10200000,Approved,40900000,3.22,0.61,Very High,Excellent,Low Risk,Eligible
1852,Matthew Anderson,Male,Married,3,Not Graduate,Yes,1400000,3800000,16,451,3100000,1300000,4300000,1300000,Rejected,10000000,2.71,0.38,Low,Poor,Medium Risk,Not Eligible
1853,Linda Williams,Female,Single,1,Not Graduate,Yes,3700000,10200000,4,447,300000,2000000,14500000,3200000,Rejected,20000000,2.76,0.51,Medium,Poor,Medium Risk,Not Eligible
1854,Sandra Miller,Female,Single,3,Not Graduate,Yes,1000000,2500000,18,763,400000,1100000,2100000,1400000,Approved,5000000,2.5,0.5,Low,Excellent,Low Risk,Eligible
1855,Michelle Thomas,Female,Married,5,Not Graduate,No,900000,3100000,20,834,1000000,900000,2100000,1300000,Approved,5300000,3.44,0.58,Low,Excellent,Low Risk,Eligible
1856,Charles Anderson,Male,Single,2,Graduate,No,5600000,19500000,8,429,6100000,2200000,21100000,7200000,Rejected,36600000,3.48,0.53,High,Poor,Medium Risk,Not Eligible
1857,Elizabeth Miller,Female,Single,4,Not Graduate,No,3200000,10600000,16,693,7800000,4900000,10400000,1800000,Approved,24900000,3.31,0.43,Medium,Good,Medium Risk,Eligible
1858,Patricia P. Lopez,Female,Single,1,Graduate,No,2900000,11100000,20,478,4200000,2900000,8500000,3000000,Rejected,18600000,3.83,0.6,Medium,Poor,Medium Risk,Not Eligible
1859,James Wilson,Male,Married,2,Graduate,Yes,300000,800000,10,752,600000,300000,1000000,400000,Approved,2300000,2.67,0.35,Low,Excellent,Low Risk,Eligible
1860,David Williams,Male,Single,0,Graduate,Yes,2400000,5900000,14,319,2000000,4200000,9500000,3300000,Rejected,19000000,2.46,0.31,Low,Poor,Medium Risk,Not Eligible
1861,Sandra Taylor,Female,Divorced,3,Graduate,No,5000000,17600000,8,303,6300000,9600000,12800000,6900000,Rejected,35600000,3.52,0.49,Medium,Poor,Medium Risk,Not Eligible
1862,Robert N. Williams,Male,Single,3,Not Graduate,Yes,5000000,16700000,20,420,1100000,5000000,18700000,6900000,Rejected,31700000,3.34,0.53,Medium,Poor,Medium Risk,Not Eligible
1863,Barbara Miller,Female,Married,2,Not Graduate,Yes,200000,600000,8,552,400000,200000,700000,200000,Approved,1500000,3.0,0.4,Low,Fair,Medium Risk,Eligible
1864,Emily N. Garcia,Female,Single,3,Not Graduate,Yes,6000000,16000000,12,606,2600000,11600000,19300000,7800000,Approved,41300000,2.67,0.39,High,Fair,Medium Risk,Eligible
1865,Mary T. Moore,Female,Single,2,Not Graduate,No,5600000,13700000,2,558,7500000,9300000,12100000,6700000,Approved,35600000,2.45,0.38,High,Fair,Medium Risk,Eligible
1866,Daniel Hernandez,Male,Divorced,1,Not Graduate,No,4500000,12400000,6,504,12000000,3200000,13100000,2200000,Rejected,30500000,2.76,0.41,Medium,Poor,Medium Risk,Not Eligible
1867,Steven Hernandez,Male,Widowed,5,Not Graduate,Yes,200000,300000,8,412,0,100000,500000,100000,Rejected,700000,1.5,0.43,Low,Poor,Medium Risk,Not Eligible
1868,Sarah O. Taylor,Female,Divorced,4,Not Graduate,Yes,6200000,18300000,4,900,16900000,3400000,15300000,6400000,Approved,42000000,2.95,0.44,High,Excellent,Low Risk,Eligible
1869,Donald Jackson,Male,Single,4,Not Graduate,Yes,9800000,23800000,8,634,12800000,9300000,37600000,6100000,Approved,65800000,2.43,0.36,Very High,Fair,Medium Risk,Eligible
1870,Mark T. Moore,Male,Single,5,Graduate,Yes,3900000,9000000,8,340,4900000,6800000,9000000,5200000,Rejected,25900000,2.31,0.35,Medium,Poor,Medium Risk,Not Eligible
1871,Susan S. Miller,Female,Divorced,3,Not Graduate,Yes,8300000,20900000,4,615,4400000,200000,19000000,9600000,Approved,33200000,2.52,0.63,Very High,Fair,Medium Risk,Eligible
1872,Nancy Smith,Female,Single,2,Graduate,Yes,4900000,12200000,18,353,7000000,200000,14400000,3600000,Rejected,25200000,2.49,0.48,Medium,Poor,Medium Risk,Not Eligible
1873,Steven Anderson,Male,Single,4,Graduate,Yes,6900000,16300000,8,606,5800000,900000,23700000,3600000,Approved,34000000,2.36,0.48,High,Fair,Medium Risk,Eligible
1874,Kimberley Hernandez,Female,Single,2,Not Graduate,No,4500000,14500000,18,498,7900000,200000,13500000,4800000,Rejected,26400000,3.22,0.55,Medium,Poor,Medium Risk,Not Eligible
1875,Nancy F. Garcia,Female,Married,4,Not Graduate,No,7500000,21900000,2,585,6800000,12200000,27500000,8100000,Approved,54600000,2.92,0.4,High,Fair,Medium Risk,Eligible
1876,Karen W. Wilson,Female,Married,1,Not Graduate,Yes,2300000,6400000,8,578,3600000,1800000,7000000,3000000,Approved,15400000,2.78,0.42,Low,Fair,Medium Risk,Eligible
1877,Michael Brown,Male,Single,1,Graduate,No,7400000,15500000,2,693,3000000,12800000,21800000,9300000,Approved,46900000,2.09,0.33,High,Good,Medium Risk,Eligible
1878,Linda T. Thomas,Female,Divorced,4,Graduate,No,4800000,14300000,6,795,5900000,0,11100000,2600000,Approved,19600000,2.98,0.73,Medium,Excellent,Low Risk,Eligible
1879,Donald B. Taylor,Male,Married,1,Graduate,No,2600000,9900000,6,594,2900000,4300000,6700000,2500000,Approved,16400000,3.81,0.6,Medium,Fair,Medium Risk,Eligible
1880,Susan R. Davis,Female,Single,3,Not Graduate,Yes,2700000,10600000,8,840,500000,3000000,9000000,1900000,Approved,14400000,3.93,0.74,Medium,Excellent,Low Risk,Eligible
1881,Steven Brown,Male,Married,3,Not Graduate,No,3700000,10900000,16,301,7800000,2300000,9600000,3400000,Rejected,23100000,2.95,0.47,Medium,Poor,Medium Risk,Not Eligible
1882,Sandra Gonzalez,Female,Single,4,Graduate,Yes,2600000,9400000,18,481,2700000,4400000,8600000,2400000,Rejected,18100000,3.62,0.52,Medium,Poor,Medium Risk,Not Eligible
1883,Paul Martinez,Male,Married,5,Not Graduate,Yes,8800000,23100000,16,531,20800000,2600000,22100000,8000000,Rejected,53500000,2.62,0.43,Very High,Poor,Medium Risk,Not Eligible
1884,Sandra Davis,Female,Divorced,2,Not Graduate,No,7500000,15400000,8,332,8300000,3100000,23700000,5400000,Rejected,40500000,2.05,0.38,High,Poor,Medium Risk,Not Eligible
1885,James Smith,Male,Single,0,Graduate,No,4700000,18500000,4,516,1000000,8400000,10400000,6100000,Approved,25900000,3.94,0.71,Medium,Poor,Medium Risk,Not Eligible
1886,Lisa N. Garcia,Female,Single,2,Not Graduate,No,7100000,26600000,6,727,16500000,9800000,21100000,7900000,Approved,55300000,3.75,0.48,High,Good,Low Risk,Eligible
1887,Susan B. Martin,Female,Married,3,Not Graduate,Yes,5500000,19300000,10,344,14400000,1300000,12400000,6600000,Rejected,34700000,3.51,0.56,High,Poor,Medium Risk,Not Eligible
1888,Elizabeth F. Gonzalez,Female,Married,2,Graduate,No,9500000,31500000,12,650,17600000,16600000,22200000,11400000,Approved,67800000,3.32,0.46,Very High,Good,Medium Risk,Eligible
1889,Kimberley Garcia,Female,Single,3,Graduate,Yes,4200000,15400000,8,362,9900000,5300000,15500000,5600000,Rejected,36300000,3.67,0.42,Medium,Poor,Medium Risk,Not Eligible
1890,Paul Z. Brown,Male,Single,5,Graduate,Yes,6900000,18600000,18,307,3500000,4800000,25300000,4200000,Rejected,37800000,2.7,0.49,High,Poor,Medium Risk,Not Eligible
1891,Emily G. Garcia,Female,Single,5,Graduate,No,9900000,24600000,2,530,24200000,12800000,20400000,13000000,Rejected,70400000,2.48,0.35,Very High,Poor,Medium Risk,Not Eligible
1892,Mark S. Smith,Male,Single,5,Graduate,No,6700000,17700000,6,482,3200000,10400000,18500000,5700000,Rejected,37800000,2.64,0.47,High,Poor,Medium Risk,Not Eligible
1893,Joshua Gonzalez,Male,Married,0,Not Graduate,Yes,9300000,22200000,14,701,600000,10100000,35900000,5700000,Approved,52300000,2.39,0.42,Very High,Good,Low Risk,Eligible
1894,Nancy Garcia,Female,Divorced,2,Graduate,No,5600000,17200000,16,586,13700000,2100000,14300000,4300000,Approved,34400000,3.07,0.5,High,Fair,Medium Risk,Eligible
1895,Susan X. Moore,Female,Married,0,Graduate,Yes,8100000,17600000,16,384,15200000,13300000,31700000,10200000,Rejected,70400000,2.17,0.25,Very High,Poor,Medium Risk,Not Eligible
1896,Sarah Johnson,Female,Divorced,4,Not Graduate,No,6000000,18000000,18,882,6700000,2500000,12200000,7500000,Approved,28900000,3.0,0.62,High,Excellent,Low Risk,Eligible
1897,Joshua Brown,Male,Divorced,5,Not Graduate,Yes,4200000,11200000,2,758,5300000,6500000,9600000,3800000,Approved,25200000,2.67,0.44,Medium,Excellent,Low Risk,Eligible
1898,William Jones,Male,Divorced,5,Graduate,No,1600000,4000000,18,529,300000,1200000,5300000,2000000,Rejected,8800000,2.5,0.45,Low,Poor,Medium Risk,Not Eligible
1899,Michael G. Thomas,Male,Single,3,Graduate,Yes,800000,1500000,2,589,1500000,1100000,1800000,400000,Approved,4800000,1.88,0.31,Low,Fair,Medium Risk,Eligible
1900,Mary Wilson,Female,Divorced,1,Graduate,No,500000,1300000,6,670,1000000,500000,1400000,700000,Approved,3600000,2.6,0.36,Low,Good,Medium Risk,Eligible
1901,Joseph Wilson,Male,Single,5,Not Graduate,Yes,4300000,14100000,12,532,12600000,5700000,12000000,4600000,Rejected,34900000,3.28,0.4,Medium,Poor,Medium Risk,Not Eligible
1902,Barbara Garcia,Female,Divorced,0,Not Graduate,No,4000000,12500000,18,868,11000000,800000,14400000,2300000,Approved,28500000,3.12,0.44,Medium,Excellent,Low Risk,Eligible
1903,William P. Hernandez,Male,Widowed,2,Not Graduate,No,2900000,7300000,2,776,8300000,3000000,8500000,3400000,Approved,23200000,2.52,0.31,Medium,Excellent,Low Risk,Eligible
1904,Richard D. Taylor,Male,Single,5,Graduate,Yes,2300000,9100000,16,644,4000000,2600000,6600000,3100000,Approved,16300000,3.96,0.56,Low,Fair,Medium Risk,Eligible
1905,Andrew Y. Smith,Male,Single,0,Graduate,Yes,1800000,6000000,12,658,2900000,2300000,4500000,2400000,Approved,12100000,3.33,0.5,Low,Good,Medium Risk,Eligible
1906,Linda Miller,Female,Single,1,Graduate,Yes,8700000,33900000,10,766,16300000,700000,19500000,9000000,Approved,45500000,3.9,0.75,Very High,Excellent,Low Risk,Eligible
1907,David Rodriguez,Male,Single,3,Not Graduate,No,7800000,21100000,12,717,1200000,10700000,19900000,6200000,Approved,38000000,2.71,0.56,Very High,Good,Low Risk,Eligible
1908,Matthew O. Moore,Male,Married,2,Graduate,No,3200000,6300000,10,339,300000,4900000,7300000,2700000,Rejected,15200000,1.97,0.41,Medium,Poor,Medium Risk,Not Eligible
1909,Sandra G. Taylor,Female,Single,0,Not Graduate,No,1600000,4500000,18,463,100000,2000000,4100000,1800000,Rejected,8000000,2.81,0.56,Low,Poor,Medium Risk,Not Eligible
1910,Charles Gonzalez,Male,Married,4,Not Graduate,No,2400000,7300000,4,540,2500000,300000,7800000,2200000,Approved,12800000,3.04,0.57,Low,Poor,Medium Risk,Not Eligible
1911,Barbara P. Miller,Female,Married,1,Graduate,No,1800000,5900000,16,804,800000,2500000,5000000,1000000,Approved,9300000,3.28,0.63,Low,Excellent,Low Risk,Eligible
1912,Sandra K. Martin,Female,Married,1,Graduate,No,7500000,16000000,10,541,16300000,4500000,22400000,5100000,Rejected,48300000,2.13,0.33,High,Poor,Medium Risk,Not Eligible
1913,Sandra L. Miller,Female,Divorced,4,Not Graduate,Yes,6700000,18400000,10,371,1900000,1400000,15700000,4400000,Rejected,23400000,2.75,0.79,High,Poor,Medium Risk,Not Eligible
1914,Donald Q. Garcia,Male,Single,5,Graduate,No,5800000,13700000,6,369,10500000,2700000,12100000,3000000,Rejected,28300000,2.36,0.48,High,Poor,Medium Risk,Not Eligible
1915,Karen U. Martin,Female,Divorced,0,Not Graduate,No,500000,1800000,2,651,700000,0,1700000,200000,Approved,2600000,3.6,0.69,Low,Good,Medium Risk,Eligible
1916,Betty Smith,Female,Married,0,Graduate,Yes,9400000,30700000,10,477,17400000,900000,27500000,6200000,Rejected,52000000,3.27,0.59,Very High,Poor,Medium Risk,Not Eligible
1917,Barbara Lopez,Female,Single,4,Not Graduate,No,1600000,6200000,18,554,3200000,800000,5500000,1100000,Approved,10600000,3.88,0.58,Low,Fair,Medium Risk,Eligible
1918,Nancy D. Jones,Female,Single,0,Graduate,Yes,9300000,25000000,14,362,14900000,16100000,32300000,11000000,Rejected,74300000,2.69,0.34,Very High,Poor,Medium Risk,Not Eligible
1919,Daniel Miller,Male,Married,5,Graduate,No,3700000,14000000,2,469,3800000,600000,8000000,2800000,Approved,15200000,3.78,0.92,Medium,Poor,Medium Risk,Not Eligible
1920,Andrew Williams,Male,Married,3,Not Graduate,No,900000,1900000,12,547,2400000,400000,3000000,400000,Rejected,6200000,2.11,0.31,Low,Poor,Medium Risk,Not Eligible
1921,William Moore,Male,Married,4,Not Graduate,No,500000,1300000,6,809,200000,300000,900000,500000,Approved,1900000,2.6,0.68,Low,Excellent,Low Risk,Eligible
1922,Joshua N. Wilson,Male,Single,1,Graduate,Yes,7800000,16200000,2,335,4900000,7900000,28700000,6400000,Rejected,47900000,2.08,0.34,Very High,Poor,Medium Risk,Not Eligible
1923,Susan Miller,Female,Married,5,Not Graduate,Yes,5300000,13700000,18,708,7600000,900000,19200000,5900000,Approved,33600000,2.58,0.41,High,Good,Low Risk,Eligible
1924,Charles Wilson,Male,Married,0,Graduate,No,300000,700000,16,779,200000,0,1000000,400000,Approved,1600000,2.33,0.44,Low,Excellent,Low Risk,Eligible
1925,Donna Gonzalez,Female,Single,0,Graduate,Yes,5000000,19900000,6,748,8300000,8500000,11300000,3000000,Approved,31100000,3.98,0.64,Medium,Good,Low Risk,Eligible
1926,Joshua J. Smith,Male,Single,0,Graduate,No,7900000,28600000,18,541,400000,3900000,22300000,6700000,Rejected,33300000,3.62,0.86,Very High,Poor,Medium Risk,Not Eligible
1927,Patricia B. Moore,Female,Single,4,Graduate,No,5300000,15800000,2,527,3800000,5200000,19700000,3900000,Rejected,32600000,2.98,0.48,High,Poor,Medium Risk,Not Eligible
1928,Michael Thomas,Male,Married,0,Not Graduate,Yes,5500000,15300000,4,859,4600000,9500000,21400000,2900000,Approved,38400000,2.78,0.4,High,Excellent,Low Risk,Eligible
1929,Sarah M. Hernandez,Female,Single,0,Graduate,No,1500000,5600000,18,604,2000000,2400000,4400000,1800000,Approved,10600000,3.73,0.53,Low,Fair,Medium Risk,Eligible
1930,Ashley Martin,Female,Single,5,Graduate,No,6600000,20100000,18,348,6900000,2500000,22500000,7200000,Rejected,39100000,3.05,0.51,High,Poor,Medium Risk,Not Eligible
1931,Ashley T. Brown,Female,Single,4,Graduate,Yes,6200000,16200000,20,734,8800000,4000000,14600000,4400000,Approved,31800000,2.61,0.51,High,Good,Low Risk,Eligible
1932,Robert Smith,Male,Widowed,3,Graduate,No,6300000,17000000,16,388,11700000,2100000,16100000,3200000,Rejected,33100000,2.7,0.51,High,Poor,Medium Risk,Not Eligible
1933,Jessica Garcia,Female,Married,0,Graduate,Yes,3800000,8100000,20,831,6500000,1700000,7700000,2000000,Approved,17900000,2.13,0.45,Medium,Excellent,Low Risk,Eligible
1934,Emily B. Smith,Female,Single,5,Not Graduate,No,500000,1500000,6,433,0,700000,1900000,700000,Rejected,3300000,3.0,0.45,Low,Poor,Medium Risk,Not Eligible
1935,William C. Johnson,Male,Single,2,Graduate,Yes,5000000,15900000,16,699,8800000,5900000,18100000,7200000,Approved,40000000,3.18,0.4,Medium,Good,Medium Risk,Eligible
1936,Sarah S. Garcia,Female,Married,0,Not Graduate,No,4500000,17100000,8,303,7400000,8200000,17400000,4200000,Rejected,37200000,3.8,0.46,Medium,Poor,Medium Risk,Not Eligible
1937,Daniel N. Jones,Male,Married,4,Not Graduate,No,1000000,3800000,2,611,1700000,1800000,2500000,600000,Approved,6600000,3.8,0.58,Low,Fair,Medium Risk,Eligible
1938,Paul Taylor,Male,Married,2,Graduate,No,1700000,3700000,20,558,4100000,1400000,5000000,2500000,Approved,13000000,2.18,0.28,Low,Fair,Medium Risk,Eligible
1939,Sarah P. Hernandez,Female,Single,4,Graduate,Yes,1200000,4800000,2,752,2800000,900000,3000000,600000,Approved,7300000,4.0,0.66,Low,Excellent,Low Risk,Eligible
1940,Karen Williams,Female,Married,5,Not Graduate,Yes,8500000,25800000,14,786,13900000,11000000,32400000,11300000,Approved,68600000,3.04,0.38,Very High,Excellent,Low Risk,Eligible
1941,Joseph Williams,Male,Married,0,Graduate,No,8600000,29000000,18,481,21200000,2600000,27700000,5400000,Rejected,56900000,3.37,0.51,Very High,Poor,Medium Risk,Not Eligible
1942,James Miller,Male,Single,2,Graduate,No,400000,1300000,16,507,200000,200000,1500000,300000,Rejected,2200000,3.25,0.59,Low,Poor,Medium Risk,Not Eligible
1943,Linda Hernandez,Female,Married,4,Graduate,No,8700000,19800000,14,715,13500000,13400000,32000000,8500000,Approved,67400000,2.28,0.29,Very High,Good,Low Risk,Eligible
1944,Karen Q. Anderson,Female,Single,0,Not Graduate,No,1800000,5700000,20,392,3800000,2400000,3500000,1400000,Rejected,11100000,3.17,0.51,Low,Poor,Medium Risk,Not Eligible
1945,Thomas Lopez,Male,Married,0,Graduate,Yes,4700000,17700000,16,887,1300000,4900000,13200000,6700000,Approved,26100000,3.77,0.68,Medium,Excellent,Low Risk,Eligible
1946,Anthony Miller,Male,Married,0,Not Graduate,No,7300000,21600000,2,479,17900000,12300000,15900000,7500000,Rejected,53600000,2.96,0.4,High,Poor,Medium Risk,Not Eligible
1947,Donna Brown,Female,Divorced,2,Graduate,No,8400000,32100000,20,328,16300000,4600000,19500000,8000000,Rejected,48400000,3.82,0.66,Very High,Poor,Medium Risk,Not Eligible
1948,Thomas F. Smith,Male,Single,2,Graduate,Yes,4800000,12900000,8,740,9300000,900000,11000000,3700000,Approved,24900000,2.69,0.52,Medium,Good,Low Risk,Eligible
1949,Kimberley Anderson,Female,Single,2,Graduate,No,9200000,34200000,2,456,12200000,11300000,25800000,5700000,Approved,55000000,3.72,0.62,Very High,Poor,Medium Risk,Not Eligible
1950,Matthew Wilson,Male,Single,1,Not Graduate,No,6200000,21100000,10,467,15600000,10500000,23500000,5300000,Rejected,54900000,3.4,0.38,High,Poor,Medium Risk,Not Eligible
1951,Kimberley Hernandez,Female,Single,0,Graduate,Yes,200000,700000,10,587,0,100000,500000,100000,Rejected,700000,3.5,1.0,Low,Fair,Medium Risk,Eligible
1952,Robert N. Gonzalez,Male,Single,0,Not Graduate,Yes,2500000,6700000,16,569,4500000,3400000,6200000,1300000,Approved,15400000,2.68,0.44,Low,Fair,Medium Risk,Eligible
1953,Anthony Q. Garcia,Male,Married,3,Not Graduate,Yes,8000000,24400000,14,399,19100000,5400000,20600000,11600000,Rejected,56700000,3.05,0.43,Very High,Poor,Medium Risk,Not Eligible
1954,Linda D. Johnson,Female,Single,1,Not Graduate,No,4600000,15200000,4,593,13800000,3800000,11700000,3900000,Approved,33200000,3.3,0.46,Medium,Fair,Medium Risk,Eligible
1955,Robert Jackson,Male,Single,3,Not Graduate,Yes,4900000,12700000,8,409,2000000,2500000,19300000,4700000,Rejected,28500000,2.59,0.45,Medium,Poor,Medium Risk,Not Eligible
1956,Charles W. Davis,Male,Married,4,Not Graduate,No,9500000,21300000,18,353,22900000,2300000,21400000,11100000,Rejected,57700000,2.24,0.37,Very High,Poor,Medium Risk,Not Eligible
1957,Betty Brown,Female,Married,5,Graduate,Yes,4500000,11600000,20,306,4800000,1900000,11900000,5700000,Rejected,24300000,2.58,0.48,Medium,Poor,Medium Risk,Not Eligible
1958,Ashley Miller,Female,Single,2,Graduate,Yes,5900000,14200000,12,499,9200000,11600000,20200000,4400000,Rejected,45400000,2.41,0.31,High,Poor,Medium Risk,Not Eligible
1959,Michelle D. Martinez,Female,Single,4,Graduate,No,4200000,14600000,6,324,6300000,5900000,11700000,3000000,Rejected,26900000,3.48,0.54,Medium,Poor,Medium Risk,Not Eligible
1960,Karen Davis,Female,Married,2,Not Graduate,Yes,3300000,11300000,6,647,5100000,6000000,12800000,4400000,Approved,28300000,3.42,0.4,Medium,Fair,Medium Risk,Eligible
1961,Richard E. Hernandez,Male,Widowed,2,Graduate,Yes,4900000,12600000,2,767,1100000,7400000,13000000,3800000,Approved,25300000,2.57,0.5,Medium,Excellent,Low Risk,Eligible
1962,Sandra Hernandez,Female,Widowed,4,Not Graduate,No,5300000,10700000,12,821,15400000,10200000,17600000,2600000,Approved,45800000,2.02,0.23,High,Excellent,Low Risk,Eligible
1963,Richard P. Smith,Male,Married,4,Not Graduate,No,7200000,17700000,6,338,9900000,9300000,27800000,7200000,Rejected,54200000,2.46,0.33,High,Poor,Medium Risk,Not Eligible
1964,Jessica Thomas,Female,Married,0,Graduate,No,8400000,24300000,4,785,11900000,10100000,26600000,8500000,Approved,57100000,2.89,0.43,Very High,Excellent,Low Risk,Eligible
1965,Jessica Y. Taylor,Female,Single,3,Graduate,No,3800000,11800000,4,694,0,500000,8300000,5100000,Approved,13900000,3.11,0.85,Medium,Good,Medium Risk,Eligible
1966,William K. Martinez,Male,Married,0,Not Graduate,No,9900000,22300000,20,613,28400000,8900000,23600000,4900000,Approved,65800000,2.25,0.34,Very High,Fair,Medium Risk,Eligible
1967,Emily I. Rodriguez,Female,Single,4,Graduate,Yes,2900000,8300000,10,318,8700000,4100000,10900000,2100000,Rejected,25800000,2.86,0.32,Medium,Poor,Medium Risk,Not Eligible
1968,Matthew Q. Martinez,Male,Married,3,Not Graduate,Yes,6000000,18700000,18,783,2800000,8500000,20300000,8800000,Approved,40400000,3.12,0.46,High,Excellent,Low Risk,Eligible
1969,Linda X. Rodriguez,Female,Married,2,Not Graduate,No,1700000,5300000,20,761,2500000,500000,3700000,1200000,Approved,7900000,3.12,0.67,Low,Excellent,Low Risk,Eligible
1970,Mark E. Davis,Male,Single,4,Graduate,Yes,5300000,12000000,10,329,15300000,9300000,17300000,6100000,Rejected,48000000,2.26,0.25,High,Poor,Medium Risk,Not Eligible
1971,Thomas N. Jackson,Male,Single,5,Not Graduate,Yes,7500000,15000000,14,661,12100000,5800000,29900000,4400000,Approved,52200000,2.0,0.29,High,Good,Medium Risk,Eligible
1972,Joseph I. Gonzalez,Male,Divorced,4,Not Graduate,No,400000,900000,18,339,700000,200000,800000,200000,Rejected,1900000,2.25,0.47,Low,Poor,Medium Risk,Not Eligible
1973,Kimberley Garcia,Female,Married,1,Graduate,Yes,8300000,17700000,10,673,23700000,5300000,28700000,4200000,Approved,61900000,2.13,0.29,Very High,Good,Medium Risk,Eligible
1974,Betty Jackson,Female,Widowed,3,Graduate,No,4500000,16900000,18,748,8500000,7200000,15100000,6600000,Approved,37400000,3.76,0.45,Medium,Good,Low Risk,Eligible
1975,Susan W. Johnson,Female,Single,3,Graduate,No,4600000,10000000,4,702,6800000,1500000,16100000,4500000,Approved,28900000,2.17,0.35,Medium,Good,Low Risk,Eligible
1976,Mark Z. Anderson,Male,Married,4,Not Graduate,No,4700000,10300000,12,710,7500000,7700000,16900000,6600000,Approved,38700000,2.19,0.27,Medium,Good,Low Risk,Eligible
1977,Linda Smith,Female,Married,0,Graduate,Yes,900000,3500000,6,331,2400000,1400000,3500000,1100000,Rejected,8400000,3.89,0.42,Low,Poor,Medium Risk,Not Eligible
1978,Elizabeth T. Taylor,Female,Married,1,Not Graduate,No,2400000,7600000,12,372,5700000,4400000,6600000,1400000,Rejected,18100000,3.17,0.42,Low,Poor,Medium Risk,Not Eligible
1979,Christopher Thomas,Male,Married,0,Not Graduate,Yes,3900000,9600000,10,783,9900000,2100000,10900000,3900000,Approved,26800000,2.46,0.36,Medium,Excellent,Low Risk,Eligible
1980,Donald Johnson,Male,Married,0,Graduate,No,8300000,31400000,18,558,13300000,2900000,25900000,6300000,Approved,48400000,3.78,0.65,Very High,Fair,Medium Risk,Eligible
1981,Robert Thomas,Male,Married,4,Graduate,Yes,4700000,13000000,6,552,5600000,8300000,11900000,2400000,Approved,28200000,2.77,0.46,Medium,Fair,Medium Risk,Eligible
1982,Robert Rodriguez,Male,Divorced,4,Not Graduate,No,3900000,10600000,20,544,4100000,3100000,10900000,4900000,Rejected,23000000,2.72,0.46,Medium,Poor,Medium Risk,Not Eligible
1983,Michael Rodriguez,Male,Married,2,Not Graduate,No,400000,1000000,6,425,800000,300000,800000,200000,Rejected,2100000,2.5,0.48,Low,Poor,Medium Risk,Not Eligible
1984,Donna Williams,Female,Single,2,Not Graduate,Yes,1700000,5100000,18,321,2000000,2800000,5100000,1500000,Rejected,11400000,3.0,0.45,Low,Poor,Medium Risk,Not Eligible
1985,Jessica Gonzalez,Female,Widowed,2,Graduate,Yes,6100000,15500000,8,758,8900000,4000000,13300000,7200000,Approved,33400000,2.54,0.46,High,Excellent,Low Risk,Eligible
1986,Charles F. Martinez,Male,Married,5,Graduate,Yes,7300000,19600000,10,373,10400000,4700000,19500000,10600000,Rejected,45200000,2.68,0.43,High,Poor,Medium Risk,Not Eligible
1987,Donna G. Jones,Female,Single,3,Not Graduate,Yes,300000,500000,6,876,300000,100000,1100000,300000,Approved,1800000,1.67,0.28,Low,Excellent,Low Risk,Eligible
1988,Emily Miller,Female,Single,2,Not Graduate,No,4300000,14500000,10,594,11400000,700000,14000000,5300000,Approved,31400000,3.37,0.46,Medium,Fair,Medium Risk,Eligible
1989,Emily Garcia,Female,Divorced,3,Not Graduate,No,7000000,18400000,18,837,2800000,7900000,15400000,5700000,Approved,31800000,2.63,0.58,High,Excellent,Low Risk,Eligible
1990,Linda W. Jones,Female,Single,0,Not Graduate,Yes,4900000,16500000,4,600,11100000,2200000,12000000,6500000,Approved,31800000,3.37,0.52,Medium,Fair,Medium Risk,Eligible
1991,Margaret Lopez,Female,Married,4,Graduate,No,6200000,12400000,20,547,14200000,10800000,17200000,8000000,Rejected,50200000,2.0,0.25,High,Poor,Medium Risk,Not Eligible
1992,Margaret A. Smith,Female,Divorced,1,Not Graduate,No,4100000,15800000,12,431,9700000,7300000,15200000,5700000,Rejected,37900000,3.85,0.42,Medium,Poor,Medium Risk,Not Eligible
1993,Jennifer J. Jones,Female,Married,0,Not Graduate,Yes,7300000,22600000,12,851,3300000,3400000,24800000,5300000,Approved,36800000,3.1,0.61,High,Excellent,Low Risk,Eligible
1994,Elizabeth S. Martin,Female,Divorced,4,Not Graduate,Yes,9200000,28100000,12,760,23200000,9700000,22300000,12900000,Approved,68100000,3.05,0.41,Very High,Excellent,Low Risk,Eligible
1995,Anthony Jones,Male,Single,0,Not Graduate,No,800000,2400000,2,716,700000,1200000,3100000,400000,Approved,5400000,3.0,0.44,Low,Good,Low Risk,Eligible
1996,Patricia Williams,Female,Married,4,Not Graduate,No,2900000,11200000,10,744,6600000,4000000,7300000,1600000,Approved,19500000,3.86,0.57,Medium,Good,Low Risk,Eligible
1997,Daniel Martin,Male,Single,3,Not Graduate,No,8100000,21600000,4,740,22400000,3700000,16900000,9900000,Approved,52900000,2.67,0.41,Very High,Good,Low Risk,Eligible
1998,Lisa Johnson,Female,Married,0,Graduate,No,9300000,20300000,14,759,27000000,11600000,26500000,10900000,Approved,76000000,2.18,0.27,Very High,Excellent,Low Risk,Eligible
1999,Joseph Taylor,Male,Married,4,Graduate,Yes,9200000,29400000,14,517,4900000,0,33500000,10100000,Rejected,48500000,3.2,0.61,Very High,Poor,Medium Risk,Not Eligible
2000,Elizabeth U. Davis,Female,Divorced,3,Not Graduate,Yes,3100000,6300000,18,895,2300000,3400000,10500000,4200000,Approved,20400000,2.03,0.31,Medium,Excellent,Low Risk,Eligible
2001,Karen T. Smith,Female,Married,3,Not Graduate,Yes,7000000,15400000,20,315,19900000,7600000,16400000,5900000,Rejected,49800000,2.2,0.31,High,Poor,Medium Risk,Not Eligible
2002,Michael Smith,Male,Divorced,4,Not Graduate,No,3900000,8800000,14,527,4600000,4900000,14900000,3100000,Rejected,27500000,2.26,0.32,Medium,Poor,Medium Risk,Not Eligible
2003,Thomas Miller,Male,Single,3,Graduate,No,5500000,19800000,14,853,7300000,3000000,15500000,3100000,Approved,28900000,3.6,0.69,High,Excellent,Low Risk,Eligible
2004,Betty J. Johnson,Female,Married,0,Graduate,No,6600000,13700000,20,747,3600000,2400000,23900000,6000000,Approved,35900000,2.08,0.38,High,Good,Low Risk,Eligible
2005,Thomas Moore,Male,Married,2,Not Graduate,No,9900000,31600000,16,892,4200000,17500000,31400000,12700000,Approved,65800000,3.19,0.48,Very High,Excellent,Low Risk,Eligible
2006,Michelle Brown,Female,Married,4,Graduate,Yes,6600000,20500000,8,856,18800000,5400000,15100000,9400000,Approved,48700000,3.11,0.42,High,Excellent,Low Risk,Eligible
2007,David Davis,Male,Married,3,Graduate,No,8600000,23600000,4,324,13800000,3800000,28500000,4300000,Rejected,50400000,2.74,0.47,Very High,Poor,Medium Risk,Not Eligible
2008,Steven Thomas,Male,Married,5,Graduate,No,7900000,28600000,12,812,12100000,14400000,30000000,11700000,Approved,68200000,3.62,0.42,Very High,Excellent,Low Risk,Eligible
2009,Nancy Rodriguez,Female,Married,5,Graduate,Yes,6800000,22600000,2,804,3500000,12500000,18200000,9900000,Approved,44100000,3.32,0.51,High,Excellent,Low Risk,Eligible
2010,Donald E. Wilson,Male,Single,4,Graduate,No,700000,1800000,8,874,1600000,1000000,1300000,300000,Approved,4200000,2.57,0.43,Low,Excellent,Low Risk,Eligible
2011,Linda Jackson,Female,Married,2,Not Graduate,Yes,3800000,10000000,12,516,2400000,4200000,14200000,5100000,Rejected,25900000,2.63,0.39,Medium,Poor,Medium Risk,Not Eligible
2012,Kenneth Anderson,Male,Divorced,5,Graduate,Yes,6900000,18300000,4,402,12600000,13100000,23200000,6100000,Rejected,55000000,2.65,0.33,High,Poor,Medium Risk,Not Eligible
2013,Donald Anderson,Male,Widowed,1,Graduate,Yes,3700000,12400000,12,330,3400000,1000000,10400000,2800000,Rejected,17600000,3.35,0.7,Medium,Poor,Medium Risk,Not Eligible
2014,Kimberley Taylor,Female,Divorced,1,Graduate,No,7900000,24000000,12,867,20500000,10000000,30700000,9400000,Approved,70600000,3.04,0.34,Very High,Excellent,Low Risk,Eligible
2015,Kimberley Williams,Female,Single,4,Graduate,Yes,8800000,34200000,16,844,18700000,11000000,20700000,10700000,Approved,61100000,3.89,0.56,Very High,Excellent,Low Risk,Eligible
2016,Margaret Jones,Female,Married,5,Not Graduate,Yes,3300000,7800000,8,310,3000000,3900000,8300000,4200000,Rejected,19400000,2.36,0.4,Medium,Poor,Medium Risk,Not Eligible
2017,Betty U. Williams,Female,Married,4,Not Graduate,No,5800000,14200000,20,535,10200000,4000000,21100000,3400000,Rejected,38700000,2.45,0.37,High,Poor,Medium Risk,Not Eligible
2018,Michelle Q. Garcia,Female,Married,1,Graduate,Yes,7400000,29500000,16,323,10000000,4400000,29400000,8100000,Rejected,51900000,3.99,0.57,High,Poor,Medium Risk,Not Eligible
2019,Elizabeth S. Hernandez,Female,Single,1,Graduate,No,8200000,25600000,4,686,2000000,5900000,17300000,4400000,Approved,29600000,3.12,0.86,Very High,Good,Medium Risk,Eligible
2020,Jennifer Johnson,Female,Married,0,Not Graduate,Yes,3300000,9600000,8,465,6100000,700000,9700000,2000000,Rejected,18500000,2.91,0.52,Medium,Poor,Medium Risk,Not Eligible
2021,William Brown,Male,Married,4,Graduate,Yes,5300000,10700000,12,547,1000000,10200000,11600000,5700000,Rejected,28500000,2.02,0.38,High,Poor,Medium Risk,Not Eligible
2022,Jessica Davis,Female,Divorced,1,Not Graduate,No,5700000,19100000,12,649,9400000,10200000,16400000,4500000,Approved,40500000,3.35,0.47,High,Fair,Medium Risk,Eligible
2023,Sandra Williams,Female,Single,2,Not Graduate,No,9000000,31000000,14,670,21300000,5400000,31100000,12900000,Approved,70700000,3.44,0.44,Very High,Good,Medium Risk,Eligible
2024,Michael T. Anderson,Male,Married,3,Graduate,No,5900000,14400000,10,408,2400000,5100000,23000000,3700000,Rejected,34200000,2.44,0.42,High,Poor,Medium Risk,Not Eligible
2025,Richard Hernandez,Male,Married,2,Not Graduate,No,5400000,11900000,6,303,15000000,9200000,15400000,6900000,Rejected,46500000,2.2,0.26,High,Poor,Medium Risk,Not Eligible
2026,Joshua Moore,Male,Single,0,Graduate,No,9800000,34800000,14,497,3000000,2200000,23800000,9600000,Rejected,38600000,3.55,0.9,Very High,Poor,Medium Risk,Not Eligible
2027,Karen Davis,Female,Single,4,Graduate,Yes,9800000,34100000,14,740,6500000,16900000,27100000,5100000,Approved,55600000,3.48,0.61,Very High,Good,Low Risk,Eligible
2028,Michael Jackson,Male,Divorced,4,Not Graduate,Yes,3800000,8200000,4,309,10900000,3900000,10200000,3300000,Rejected,28300000,2.16,0.29,Medium,Poor,Medium Risk,Not Eligible
2029,Joseph A. Johnson,Male,Single,0,Not Graduate,No,9500000,24400000,14,769,14400000,2400000,30800000,14200000,Approved,61800000,2.57,0.39,Very High,Excellent,Low Risk,Eligible
2030,Donna K. Moore,Female,Single,3,Graduate,Yes,2500000,7100000,6,420,3800000,3300000,8700000,3000000,Rejected,18800000,2.84,0.38,Low,Poor,Medium Risk,Not Eligible
2031,Susan P. Miller,Female,Married,1,Graduate,No,1900000,6000000,20,540,1100000,1400000,4300000,1300000,Rejected,8100000,3.16,0.74,Low,Poor,Medium Risk,Not Eligible
2032,Michelle Z. Moore,Female,Single,5,Graduate,Yes,4400000,10600000,20,806,9700000,3600000,10800000,2500000,Approved,26600000,2.41,0.4,Medium,Excellent,Low Risk,Eligible
2033,Betty E. Williams,Female,Married,4,Graduate,Yes,1400000,2900000,6,723,3800000,0,4700000,1600000,Approved,10100000,2.07,0.29,Low,Good,Low Risk,Eligible
2034,Linda Brown,Female,Single,5,Not Graduate,Yes,3200000,11800000,16,565,8100000,2700000,9200000,1800000,Approved,21800000,3.69,0.54,Medium,Fair,Medium Risk,Eligible
2035,Mary J. Davis,Female,Divorced,1,Graduate,Yes,3100000,9200000,16,374,2400000,3500000,7100000,3500000,Rejected,16500000,2.97,0.56,Medium,Poor,Medium Risk,Not Eligible
2036,Betty Lopez,Female,Divorced,4,Graduate,No,4500000,9900000,10,509,11100000,3100000,12200000,2700000,Rejected,29100000,2.2,0.34,Medium,Poor,Medium Risk,Not Eligible
2037,Jennifer Q. Moore,Female,Divorced,3,Not Graduate,Yes,9300000,23500000,16,728,3500000,9900000,27300000,9800000,Approved,50500000,2.53,0.47,Very High,Good,Low Risk,Eligible
2038,Betty Martin,Female,Married,2,Graduate,No,6900000,18200000,20,396,15600000,4300000,22900000,5400000,Rejected,48200000,2.64,0.38,High,Poor,Medium Risk,Not Eligible
2039,Joshua I. Thomas,Male,Married,0,Not Graduate,Yes,3900000,8600000,2,667,4300000,6600000,13500000,2000000,Approved,26400000,2.21,0.33,Medium,Good,Medium Risk,Eligible
2040,Daniel Wilson,Male,Single,5,Not Graduate,No,3200000,7400000,12,583,9400000,5500000,10600000,3600000,Approved,29100000,2.31,0.25,Medium,Fair,Medium Risk,Eligible
2041,David X. Miller,Male,Single,1,Not Graduate,Yes,5600000,21100000,10,459,9700000,1400000,13900000,8100000,Rejected,33100000,3.77,0.64,High,Poor,Medium Risk,Not Eligible
2042,Thomas Thomas,Male,Divorced,4,Not Graduate,Yes,3700000,11900000,18,635,6100000,6400000,11200000,4700000,Approved,28400000,3.22,0.42,Medium,Fair,Medium Risk,Eligible
2043,Matthew T. Williams,Male,Married,3,Not Graduate,No,8400000,27200000,12,604,21400000,8800000,23700000,4700000,Approved,58600000,3.24,0.46,Very High,Fair,Medium Risk,Eligible
2044,Andrew I. Thomas,Male,Married,0,Not Graduate,Yes,4200000,8900000,14,796,3000000,1600000,13300000,4800000,Approved,22700000,2.12,0.39,Medium,Excellent,Low Risk,Eligible
2045,Robert U. Thomas,Male,Single,4,Graduate,No,3800000,8500000,10,416,6200000,4800000,14900000,4100000,Rejected,30000000,2.24,0.28,Medium,Poor,Medium Risk,Not Eligible
2046,Karen Davis,Female,Single,3,Graduate,No,3200000,8200000,8,311,4900000,5600000,10700000,1600000,Rejected,22800000,2.56,0.36,Medium,Poor,Medium Risk,Not Eligible
2047,Andrew V. Martin,Male,Married,1,Graduate,No,9700000,33900000,10,833,24600000,16200000,28300000,6600000,Approved,75700000,3.49,0.45,Very High,Excellent,Low Risk,Eligible
2048,Andrew Thomas,Male,Married,1,Not Graduate,Yes,4300000,9400000,6,543,7400000,5200000,14800000,4200000,Rejected,31600000,2.19,0.3,Medium,Poor,Medium Risk,Not Eligible
2049,Mark D. Wilson,Male,Married,5,Graduate,Yes,8100000,20300000,18,751,1600000,7900000,31700000,7400000,Approved,48600000,2.51,0.42,Very High,Excellent,Low Risk,Eligible
2050,Nancy Miller,Female,Divorced,5,Not Graduate,Yes,9400000,23200000,14,885,16900000,1200000,34900000,4700000,Approved,57700000,2.47,0.4,Very High,Excellent,Low Risk,Eligible
2051,Thomas H. Williams,Male,Married,4,Not Graduate,Yes,8100000,19400000,6,346,7800000,9300000,29300000,4500000,Rejected,50900000,2.4,0.38,Very High,Poor,Medium Risk,Not Eligible
2052,James C. Davis,Male,Single,4,Graduate,No,6500000,14500000,4,588,10300000,9500000,22800000,6400000,Approved,49000000,2.23,0.3,High,Fair,Medium Risk,Eligible
2053,Barbara Martinez,Female,Single,2,Graduate,No,9400000,23100000,4,488,20100000,3500000,28600000,10900000,Rejected,63100000,2.46,0.37,Very High,Poor,Medium Risk,Not Eligible
2054,Christopher P. Jones,Male,Married,1,Not Graduate,Yes,2600000,6600000,20,765,2100000,200000,5200000,1300000,Approved,8800000,2.54,0.75,Medium,Excellent,Low Risk,Eligible
2055,Michael G. Rodriguez,Male,Married,3,Not Graduate,Yes,8000000,25600000,6,337,8800000,500000,18900000,9800000,Rejected,38000000,3.2,0.67,Very High,Poor,Medium Risk,Not Eligible
2056,Jessica L. Anderson,Female,Married,1,Graduate,No,4700000,9300000,8,515,1000000,4700000,14600000,5700000,Rejected,26000000,1.98,0.36,Medium,Poor,Medium Risk,Not Eligible
2057,Jessica K. Taylor,Female,Married,2,Graduate,Yes,7600000,22300000,12,555,2100000,13800000,17700000,7100000,Approved,40700000,2.93,0.55,Very High,Fair,Medium Risk,Eligible
2058,Robert W. Lopez,Male,Divorced,1,Graduate,Yes,6800000,27200000,2,702,4600000,2400000,27100000,6300000,Approved,40400000,4.0,0.67,High,Good,Low Risk,Eligible
2059,Sarah Williams,Female,Single,2,Not Graduate,Yes,6600000,17000000,2,457,100000,1800000,23300000,6700000,Rejected,31900000,2.58,0.53,High,Poor,Medium Risk,Not Eligible
2060,Christopher Moore,Male,Single,2,Graduate,No,8200000,27200000,10,425,11400000,4900000,29300000,4500000,Rejected,50100000,3.32,0.54,Very High,Poor,Medium Risk,Not Eligible
2061,Robert U. Davis,Male,Married,1,Graduate,Yes,4400000,12300000,6,583,2400000,7900000,17200000,6600000,Approved,34100000,2.8,0.36,Medium,Fair,Medium Risk,Eligible
2062,James I. Thomas,Male,Single,1,Not Graduate,No,8300000,29200000,6,877,13700000,9900000,31500000,9500000,Approved,64600000,3.52,0.45,Very High,Excellent,Low Risk,Eligible
2063,Karen Williams,Female,Divorced,0,Graduate,No,9200000,36500000,14,522,10500000,5300000,22400000,13200000,Rejected,51400000,3.97,0.71,Very High,Poor,Medium Risk,Not Eligible
2064,Ashley M. Smith,Female,Married,5,Not Graduate,Yes,2700000,8700000,20,687,2600000,1200000,9000000,1300000,Approved,14100000,3.22,0.62,Medium,Good,Medium Risk,Eligible
2065,Joseph Gonzalez,Male,Married,0,Graduate,No,6100000,23600000,20,856,3300000,5200000,17700000,6400000,Approved,32600000,3.87,0.72,High,Excellent,Low Risk,Eligible
2066,Christopher L. Johnson,Male,Divorced,4,Not Graduate,Yes,9100000,33000000,8,543,15700000,14400000,19500000,11200000,Rejected,60800000,3.63,0.54,Very High,Poor,Medium Risk,Not Eligible
2067,Sarah Jackson,Female,Single,5,Not Graduate,Yes,7600000,15400000,14,576,2300000,2800000,24500000,4700000,Approved,34300000,2.03,0.45,Very High,Fair,Medium Risk,Eligible
2068,Sandra R. Johnson,Female,Single,2,Not Graduate,No,7200000,17000000,10,856,18100000,12700000,15800000,6000000,Approved,52600000,2.36,0.32,High,Excellent,Low Risk,Eligible
2069,Emily Anderson,Female,Married,0,Graduate,Yes,2600000,8200000,8,722,3500000,4200000,7100000,3200000,Approved,18000000,3.15,0.46,Medium,Good,Low Risk,Eligible
2070,Barbara Gonzalez,Female,Widowed,4,Graduate,Yes,6500000,20200000,12,653,18600000,1400000,23800000,6400000,Approved,50200000,3.11,0.4,High,Good,Medium Risk,Eligible
2071,David Smith,Male,Married,5,Graduate,No,8900000,35500000,16,480,17200000,11300000,25200000,4900000,Rejected,58600000,3.99,0.61,Very High,Poor,Medium Risk,Not Eligible
2072,Jennifer J. Davis,Female,Single,2,Graduate,Yes,5400000,14300000,14,477,10200000,700000,11100000,5500000,Rejected,27500000,2.65,0.52,High,Poor,Medium Risk,Not Eligible
2073,Patricia Martin,Female,Single,0,Graduate,No,300000,500000,2,885,200000,400000,700000,200000,Approved,1500000,1.67,0.33,Low,Excellent,Low Risk,Eligible
2074,Michelle Smith,Female,Married,0,Not Graduate,No,8400000,19600000,18,530,17000000,3600000,24200000,12300000,Rejected,57100000,2.33,0.34,Very High,Poor,Medium Risk,Not Eligible
2075,Sarah Garcia,Female,Single,3,Graduate,No,8300000,17200000,8,870,4700000,8800000,18300000,10000000,Approved,41800000,2.07,0.41,Very High,Excellent,Low Risk,Eligible
2076,Donald P. Johnson,Male,Married,4,Not Graduate,No,1700000,5600000,8,395,2700000,800000,3500000,2400000,Rejected,9400000,3.29,0.6,Low,Poor,Medium Risk,Not Eligible
2077,Mark C. Johnson,Male,Single,2,Not Graduate,No,1500000,4200000,16,771,2500000,800000,5700000,1100000,Approved,10100000,2.8,0.42,Low,Excellent,Low Risk,Eligible
2078,Jennifer Anderson,Female,Married,1,Not Graduate,Yes,200000,500000,2,579,500000,100000,500000,100000,Approved,1200000,2.5,0.42,Low,Fair,Medium Risk,Eligible
2079,Sarah Thomas,Female,Married,1,Graduate,Yes,1000000,3700000,14,798,2000000,200000,3800000,1400000,Approved,7400000,3.7,0.5,Low,Excellent,Low Risk,Eligible
2080,Kenneth Johnson,Male,Married,3,Not Graduate,Yes,8800000,25100000,8,473,17200000,600000,24400000,12400000,Rejected,54600000,2.85,0.46,Very High,Poor,Medium Risk,Not Eligible
2081,Paul B. Anderson,Male,Married,0,Graduate,Yes,1000000,3200000,8,304,500000,600000,3700000,700000,Rejected,5500000,3.2,0.58,Low,Poor,Medium Risk,Not Eligible
2082,Robert A. Rodriguez,Male,Married,0,Not Graduate,Yes,8600000,23000000,14,678,18800000,16400000,22900000,12000000,Approved,70100000,2.67,0.33,Very High,Good,Medium Risk,Eligible
2083,Emily L. Johnson,Female,Single,5,Graduate,Yes,2400000,8900000,2,745,1700000,2000000,9200000,2100000,Approved,15000000,3.71,0.59,Low,Good,Low Risk,Eligible
2084,Linda Taylor,Female,Single,1,Graduate,No,2400000,8900000,8,835,2400000,1200000,5500000,1100000,Approved,10200000,3.71,0.87,Low,Excellent,Low Risk,Eligible
2085,Sandra J. Williams,Female,Single,5,Not Graduate,Yes,6000000,12100000,20,848,13900000,4800000,18000000,3600000,Approved,40300000,2.02,0.3,High,Excellent,Low Risk,Eligible
2086,Michelle Lopez,Female,Married,5,Not Graduate,No,7600000,16300000,18,872,5100000,1900000,20700000,5000000,Approved,32700000,2.14,0.5,Very High,Excellent,Low Risk,Eligible
2087,Ashley F. Martinez,Female,Single,3,Not Graduate,No,8000000,20100000,10,608,9800000,15500000,26100000,5200000,Approved,56600000,2.51,0.36,Very High,Fair,Medium Risk,Eligible
2088,Elizabeth Jackson,Female,Married,0,Graduate,Yes,5400000,19500000,16,758,2600000,2700000,18300000,6000000,Approved,29600000,3.61,0.66,High,Excellent,Low Risk,Eligible
2089,Kimberley W. Taylor,Female,Single,0,Not Graduate,Yes,1400000,3700000,4,841,3000000,1000000,4600000,1000000,Approved,9600000,2.64,0.39,Low,Excellent,Low Risk,Eligible
2090,Anthony Jackson,Male,Married,0,Not Graduate,Yes,800000,2600000,2,618,300000,1200000,2000000,500000,Approved,4000000,3.25,0.65,Low,Fair,Medium Risk,Eligible
2091,Jennifer H. Williams,Female,Married,4,Graduate,Yes,300000,1100000,4,457,700000,100000,1100000,400000,Approved,2300000,3.67,0.48,Low,Poor,Medium Risk,Not Eligible
2092,Emily Q. Brown,Female,Married,0,Graduate,No,4100000,14400000,4,844,2700000,6000000,9900000,4200000,Approved,22800000,3.51,0.63,Medium,Excellent,Low Risk,Eligible
2093,Kimberley Taylor,Female,Single,2,Not Graduate,No,1500000,3800000,4,776,2800000,0,5300000,1400000,Approved,9500000,2.53,0.4,Low,Excellent,Low Risk,Eligible
2094,Jessica Hernandez,Female,Married,1,Not Graduate,No,4600000,13900000,8,520,13300000,6400000,9800000,2200000,Rejected,31700000,3.02,0.44,Medium,Poor,Medium Risk,Not Eligible
2095,Jessica Anderson,Female,Widowed,1,Graduate,Yes,3300000,7500000,12,648,6400000,1700000,8700000,1600000,Approved,18400000,2.27,0.41,Medium,Fair,Medium Risk,Eligible
2096,Donald Wilson,Male,Single,4,Not Graduate,Yes,7900000,31400000,10,654,16500000,15200000,25400000,5000000,Approved,62100000,3.97,0.51,Very High,Good,Medium Risk,Eligible
2097,Matthew O. Thomas,Male,Married,0,Not Graduate,No,8100000,26500000,20,342,5800000,5600000,23700000,5800000,Rejected,40900000,3.27,0.65,Very High,Poor,Medium Risk,Not Eligible
2098,Joshua H. Jones,Male,Married,5,Not Graduate,No,900000,2800000,16,808,2100000,900000,3100000,800000,Approved,6900000,3.11,0.41,Low,Excellent,Low Risk,Eligible
2099,Donna Z. Jones,Female,Single,1,Graduate,Yes,4900000,15200000,10,429,5700000,7300000,14400000,3300000,Rejected,30700000,3.1,0.5,Medium,Poor,Medium Risk,Not Eligible
2100,Linda Williams,Female,Married,3,Graduate,Yes,6100000,18100000,14,538,11800000,4200000,16200000,7500000,Rejected,39700000,2.97,0.46,High,Poor,Medium Risk,Not Eligible
2101,Joshua Y. Thomas,Male,Single,3,Not Graduate,No,4500000,16400000,6,533,1800000,5600000,12200000,3900000,Rejected,23500000,3.64,0.7,Medium,Poor,Medium Risk,Not Eligible
2102,Donald Smith,Male,Married,2,Graduate,Yes,2900000,7300000,8,394,7700000,2600000,7700000,4000000,Rejected,22000000,2.52,0.33,Medium,Poor,Medium Risk,Not Eligible
2103,Linda N. Jones,Female,Single,1,Not Graduate,No,7900000,29300000,2,771,17600000,12800000,20400000,4000000,Approved,54800000,3.71,0.53,Very High,Excellent,Low Risk,Eligible
2104,Michael Q. Jones,Male,Divorced,5,Graduate,Yes,4100000,10100000,4,792,4400000,6100000,8600000,4900000,Approved,24000000,2.46,0.42,Medium,Excellent,Low Risk,Eligible
2105,Nancy Jones,Female,Married,5,Not Graduate,Yes,7700000,15500000,8,407,6500000,9100000,26300000,4600000,Rejected,46500000,2.01,0.33,Very High,Poor,Medium Risk,Not Eligible
2106,Linda K. Hernandez,Female,Married,0,Not Graduate,No,5600000,19300000,18,544,6400000,2800000,19900000,6400000,Rejected,35500000,3.45,0.54,High,Poor,Medium Risk,Not Eligible
2107,Robert L. Williams,Male,Divorced,5,Graduate,No,9000000,18000000,18,509,24600000,5200000,20000000,6100000,Rejected,55900000,2.0,0.32,Very High,Poor,Medium Risk,Not Eligible
2108,Margaret Wilson,Female,Married,4,Not Graduate,Yes,6400000,18400000,16,320,17700000,3600000,13900000,8300000,Rejected,43500000,2.88,0.42,High,Poor,Medium Risk,Not Eligible
2109,Richard Q. Jackson,Male,Single,4,Graduate,No,6900000,14700000,2,496,12000000,7000000,15500000,4000000,Rejected,38500000,2.13,0.38,High,Poor,Medium Risk,Not Eligible
2110,Joshua Jackson,Male,Married,3,Not Graduate,No,9100000,27400000,18,652,8500000,7300000,31700000,6800000,Approved,54300000,3.01,0.5,Very High,Good,Medium Risk,Eligible
2111,Lisa Anderson,Female,Married,2,Graduate,Yes,1100000,3700000,2,806,2700000,800000,2900000,500000,Approved,6900000,3.36,0.54,Low,Excellent,Low Risk,Eligible
2112,Linda Davis,Female,Single,4,Not Graduate,No,1700000,4500000,12,821,3200000,1900000,4900000,1500000,Approved,11500000,2.65,0.39,Low,Excellent,Low Risk,Eligible
2113,Karen Hernandez,Female,Married,5,Graduate,Yes,9200000,28800000,20,618,14300000,10800000,33900000,10600000,Approved,69600000,3.13,0.41,Very High,Fair,Medium Risk,Eligible
2114,Robert Miller,Male,Single,2,Not Graduate,Yes,8300000,20600000,12,729,22400000,9000000,31400000,8400000,Approved,71200000,2.48,0.29,Very High,Good,Low Risk,Eligible
2115,Linda Lopez,Female,Single,5,Not Graduate,Yes,5000000,10600000,6,839,12600000,8600000,19800000,3500000,Approved,44500000,2.12,0.24,Medium,Excellent,Low Risk,Eligible
2116,Ashley Anderson,Female,Single,3,Graduate,No,2200000,6400000,2,318,1400000,2100000,4300000,1500000,Rejected,9300000,2.91,0.69,Low,Poor,Medium Risk,Not Eligible
2117,Michelle V. Brown,Female,Single,2,Graduate,No,4500000,9600000,16,404,1800000,6000000,17000000,2700000,Rejected,27500000,2.13,0.35,Medium,Poor,Medium Risk,Not Eligible
2118,Joseph Y. Moore,Male,Single,5,Not Graduate,Yes,4100000,9000000,6,581,6600000,1500000,11300000,3400000,Approved,22800000,2.2,0.39,Medium,Fair,Medium Risk,Eligible
2119,Andrew A. Moore,Male,Married,1,Not Graduate,No,2800000,6800000,18,596,7900000,400000,7300000,1500000,Approved,17100000,2.43,0.4,Medium,Fair,Medium Risk,Eligible
2120,Matthew Miller,Male,Divorced,1,Not Graduate,No,6600000,20700000,4,415,12800000,11900000,17700000,3900000,Approved,46300000,3.14,0.45,High,Poor,Medium Risk,Not Eligible
2121,Margaret Taylor,Female,Married,3,Not Graduate,Yes,3200000,7200000,6,728,4800000,2000000,8000000,4600000,Approved,19400000,2.25,0.37,Medium,Good,Low Risk,Eligible
2122,William P. Anderson,Male,Single,0,Not Graduate,No,6300000,13300000,2,666,8800000,4000000,14200000,4900000,Approved,31900000,2.11,0.42,High,Good,Medium Risk,Eligible
2123,Charles Z. Brown,Male,Single,2,Graduate,No,4700000,17700000,14,675,5800000,7200000,13100000,6500000,Approved,32600000,3.77,0.54,Medium,Good,Medium Risk,Eligible
2124,Michael Hernandez,Male,Single,0,Graduate,No,4100000,15400000,16,304,3000000,5200000,16200000,3100000,Rejected,27500000,3.76,0.56,Medium,Poor,Medium Risk,Not Eligible
2125,Kimberley K. Williams,Female,Divorced,5,Graduate,Yes,7100000,15500000,4,474,7600000,9000000,22400000,9400000,Rejected,48400000,2.18,0.32,High,Poor,Medium Risk,Not Eligible
2126,Mark Z. Brown,Male,Married,4,Graduate,Yes,4900000,10200000,18,370,10900000,2200000,13700000,6600000,Rejected,33400000,2.08,0.31,Medium,Poor,Medium Risk,Not Eligible
2127,Andrew U. Johnson,Male,Single,4,Graduate,No,5600000,20300000,20,596,5100000,10900000,12700000,7900000,Approved,36600000,3.62,0.55,High,Fair,Medium Risk,Eligible
2128,Joshua H. Gonzalez,Male,Married,4,Graduate,No,3400000,8300000,2,567,5700000,1900000,10200000,2700000,Approved,20500000,2.44,0.4,Medium,Fair,Medium Risk,Eligible
2129,Ashley Jones,Female,Single,3,Not Graduate,No,4500000,16100000,16,671,10500000,3600000,12400000,5800000,Approved,32300000,3.58,0.5,Medium,Good,Medium Risk,Eligible
2130,Karen Jones,Female,Divorced,2,Graduate,No,300000,800000,18,819,300000,300000,900000,400000,Approved,1900000,2.67,0.42,Low,Excellent,Low Risk,Eligible
2131,James Wilson,Male,Married,5,Not Graduate,Yes,7600000,23000000,10,829,3100000,7300000,17600000,7300000,Approved,35300000,3.03,0.65,Very High,Excellent,Low Risk,Eligible
2132,Richard Johnson,Male,Single,5,Graduate,No,500000,1200000,12,454,1400000,500000,1000000,300000,Rejected,3200000,2.4,0.38,Low,Poor,Medium Risk,Not Eligible
2133,Donna P. Davis,Female,Married,0,Graduate,Yes,5900000,15200000,16,399,15200000,3200000,12200000,6500000,Rejected,37100000,2.58,0.41,High,Poor,Medium Risk,Not Eligible
2134,Christopher V. Davis,Male,Married,0,Graduate,No,7100000,20700000,10,784,9500000,11400000,27900000,8600000,Approved,57400000,2.92,0.36,High,Excellent,Low Risk,Eligible
2135,Michelle J. Lopez,Female,Single,2,Not Graduate,Yes,8500000,26900000,6,538,21300000,16400000,21500000,4600000,Rejected,63800000,3.16,0.42,Very High,Poor,Medium Risk,Not Eligible
2136,Christopher K. Wilson,Male,Single,0,Graduate,Yes,6400000,16900000,16,759,16200000,7100000,15200000,3100000,Approved,41600000,2.64,0.41,High,Excellent,Low Risk,Eligible
2137,Linda Garcia,Female,Single,2,Graduate,No,7100000,21400000,12,699,11400000,13400000,22600000,4800000,Approved,52200000,3.01,0.41,High,Good,Medium Risk,Eligible
2138,Matthew Y. Gonzalez,Male,Divorced,5,Not Graduate,No,1800000,5400000,14,347,3800000,1300000,4900000,1700000,Rejected,11700000,3.0,0.46,Low,Poor,Medium Risk,Not Eligible
2139,Michelle A. Wilson,Female,Single,3,Not Graduate,Yes,6600000,25200000,20,598,13100000,3600000,20700000,8600000,Approved,46000000,3.82,0.55,High,Fair,Medium Risk,Eligible
2140,Mark K. Johnson,Male,Single,4,Graduate,Yes,8800000,27100000,2,406,16300000,6200000,26100000,5800000,Approved,54400000,3.08,0.5,Very High,Poor,Medium Risk,Not Eligible
2141,Sandra N. Gonzalez,Female,Single,2,Not Graduate,No,4800000,15800000,20,860,1700000,3300000,13400000,5100000,Approved,23500000,3.29,0.67,Medium,Excellent,Low Risk,Eligible
2142,Charles K. Thomas,Male,Married,5,Graduate,Yes,4400000,16500000,10,806,3500000,4400000,11200000,2800000,Approved,21900000,3.75,0.75,Medium,Excellent,Low Risk,Eligible
2143,Christopher Anderson,Male,Married,0,Not Graduate,No,2000000,6900000,2,448,2700000,3800000,7100000,1600000,Approved,15200000,3.45,0.45,Low,Poor,Medium Risk,Not Eligible
2144,Andrew D. Miller,Male,Divorced,2,Graduate,No,6800000,22600000,20,393,2100000,2200000,20300000,8200000,Rejected,32800000,3.32,0.69,High,Poor,Medium Risk,Not Eligible
2145,Elizabeth X. Martin,Female,Single,5,Not Graduate,Yes,6600000,16000000,12,811,13100000,5000000,14700000,5000000,Approved,37800000,2.42,0.42,High,Excellent,Low Risk,Eligible
2146,Jennifer Y. Hernandez,Female,Married,2,Graduate,No,3300000,7900000,20,829,4800000,2100000,13200000,2600000,Approved,22700000,2.39,0.35,Medium,Excellent,Low Risk,Eligible
2147,Robert Taylor,Male,Married,3,Not Graduate,No,7400000,23400000,16,700,19300000,3000000,20700000,8900000,Approved,51900000,3.16,0.45,High,Good,Low Risk,Eligible
2148,Andrew H. Gonzalez,Male,Single,0,Not Graduate,Yes,4500000,12400000,18,719,10300000,200000,9200000,3100000,Approved,22800000,2.76,0.54,Medium,Good,Low Risk,Eligible
2149,Matthew Hernandez,Male,Married,1,Not Graduate,Yes,9500000,30500000,12,430,5400000,8000000,30800000,10500000,Rejected,54700000,3.21,0.56,Very High,Poor,Medium Risk,Not Eligible
2150,James Y. Johnson,Male,Divorced,1,Graduate,No,800000,3000000,4,338,900000,1000000,2600000,400000,Approved,4900000,3.75,0.61,Low,Poor,Medium Risk,Not Eligible
2151,Paul B. Gonzalez,Male,Single,2,Graduate,No,4000000,13000000,4,695,6400000,6900000,15400000,4300000,Approved,33000000,3.25,0.39,Medium,Good,Medium Risk,Eligible
2152,Mary W. Davis,Female,Single,2,Not Graduate,No,7000000,25700000,18,374,3400000,13700000,14900000,4500000,Rejected,36500000,3.67,0.7,High,Poor,Medium Risk,Not Eligible
2153,Linda E. Gonzalez,Female,Married,3,Graduate,No,3500000,8500000,18,609,7300000,0,12700000,2500000,Approved,22500000,2.43,0.38,Medium,Fair,Medium Risk,Eligible
2154,Jennifer Williams,Female,Married,3,Graduate,Yes,9700000,36000000,6,631,3500000,5500000,28500000,7500000,Approved,45000000,3.71,0.8,Very High,Fair,Medium Risk,Eligible
2155,Mary R. Smith,Female,Married,0,Not Graduate,No,3400000,10800000,6,439,5300000,1400000,11600000,1900000,Rejected,20200000,3.18,0.53,Medium,Poor,Medium Risk,Not Eligible
2156,William G. Jackson,Male,Married,1,Graduate,Yes,4600000,13500000,20,837,5600000,7700000,11900000,2500000,Approved,27700000,2.93,0.49,Medium,Excellent,Low Risk,Eligible
2157,Lisa A. Wilson,Female,Single,4,Graduate,No,3800000,10400000,10,833,7500000,2500000,14100000,4200000,Approved,28300000,2.74,0.37,Medium,Excellent,Low Risk,Eligible
2158,Susan Brown,Female,Married,4,Not Graduate,Yes,4200000,9600000,20,863,7400000,900000,9100000,3400000,Approved,20800000,2.29,0.46,Medium,Excellent,Low Risk,Eligible
2159,Betty Martinez,Female,Single,2,Graduate,No,2500000,8700000,4,684,0,600000,9700000,2600000,Approved,12900000,3.48,0.67,Low,Good,Medium Risk,Eligible
2160,Emily Rodriguez,Female,Divorced,0,Not Graduate,Yes,7000000,24600000,6,542,6400000,2600000,24500000,4700000,Rejected,38200000,3.51,0.64,High,Poor,Medium Risk,Not Eligible
2161,Anthony X. Smith,Male,Single,1,Not Graduate,No,5300000,11500000,8,753,10000000,4200000,14400000,3000000,Approved,31600000,2.17,0.36,High,Excellent,Low Risk,Eligible
2162,Emily Brown,Female,Married,0,Not Graduate,No,6400000,14200000,2,512,1600000,9200000,23100000,3500000,Rejected,37400000,2.22,0.38,High,Poor,Medium Risk,Not Eligible
2163,Anthony Davis,Male,Married,3,Not Graduate,No,3400000,8100000,12,385,6100000,4000000,10700000,4000000,Rejected,24800000,2.38,0.33,Medium,Poor,Medium Risk,Not Eligible
2164,Christopher Hernandez,Male,Married,4,Not Graduate,No,6700000,18800000,2,749,15600000,7900000,19900000,8600000,Approved,52000000,2.81,0.36,High,Good,Low Risk,Eligible
2165,William Moore,Male,Divorced,1,Not Graduate,Yes,4600000,10100000,4,618,2200000,100000,12900000,4300000,Approved,19500000,2.2,0.52,Medium,Fair,Medium Risk,Eligible
2166,Donna Davis,Female,Married,4,Graduate,Yes,900000,2500000,4,583,1300000,800000,1800000,1100000,Approved,5000000,2.78,0.5,Low,Fair,Medium Risk,Eligible
2167,Kimberley B. Jackson,Female,Married,0,Graduate,No,5100000,19900000,18,655,4400000,0,17100000,7100000,Approved,28600000,3.9,0.7,High,Good,Medium Risk,Eligible
2168,Sandra E. Martinez,Female,Single,0,Not Graduate,Yes,7000000,20900000,20,380,11800000,10800000,21100000,6200000,Rejected,49900000,2.99,0.42,High,Poor,Medium Risk,Not Eligible
2169,Mary Y. Rodriguez,Female,Married,3,Graduate,Yes,4100000,14700000,6,679,6600000,3700000,10500000,5600000,Approved,26400000,3.59,0.56,Medium,Good,Medium Risk,Eligible
2170,Emily Thomas,Female,Married,2,Graduate,No,4600000,14800000,6,410,12900000,6800000,16100000,5800000,Rejected,41600000,3.22,0.36,Medium,Poor,Medium Risk,Not Eligible
2171,Margaret X. Thomas,Female,Widowed,2,Graduate,Yes,3600000,11500000,8,590,1600000,5200000,10900000,3000000,Approved,20700000,3.19,0.56,Medium,Fair,Medium Risk,Eligible
2172,William M. Wilson,Male,Single,5,Graduate,No,5900000,13800000,14,397,12400000,600000,20400000,3000000,Rejected,36400000,2.34,0.38,High,Poor,Medium Risk,Not Eligible
2173,Richard F. Taylor,Male,Single,2,Graduate,No,600000,2100000,16,425,900000,500000,2300000,300000,Rejected,4000000,3.5,0.52,Low,Poor,Medium Risk,Not Eligible
2174,Robert Wilson,Male,Married,0,Graduate,No,4900000,16400000,2,383,3300000,3500000,15000000,5800000,Approved,27600000,3.35,0.59,Medium,Poor,Medium Risk,Not Eligible
2175,Elizabeth Moore,Female,Single,5,Graduate,Yes,6400000,23900000,6,406,14700000,12400000,25400000,4300000,Rejected,56800000,3.73,0.42,High,Poor,Medium Risk,Not Eligible
2176,Mark V. Martinez,Male,Single,2,Graduate,No,7000000,19800000,10,563,3900000,9400000,22800000,8000000,Approved,44100000,2.83,0.45,High,Fair,Medium Risk,Eligible
2177,Michelle F. Lopez,Female,Single,3,Graduate,Yes,6700000,13400000,14,782,4900000,4000000,25800000,9600000,Approved,44300000,2.0,0.3,High,Excellent,Low Risk,Eligible
2178,Kenneth I. Lopez,Male,Married,1,Not Graduate,Yes,800000,2200000,4,852,900000,200000,2200000,1000000,Approved,4300000,2.75,0.51,Low,Excellent,Low Risk,Eligible
2179,Daniel Jones,Male,Married,5,Not Graduate,No,7600000,27800000,2,753,18400000,12200000,16900000,8000000,Approved,55500000,3.66,0.5,Very High,Excellent,Low Risk,Eligible
2180,Mary Hernandez,Female,Single,5,Graduate,Yes,3200000,7600000,4,489,5000000,2900000,10600000,1900000,Rejected,20400000,2.38,0.37,Medium,Poor,Medium Risk,Not Eligible
2181,James G. Martinez,Male,Married,2,Not Graduate,Yes,4900000,13800000,2,586,9900000,1400000,9900000,7000000,Approved,28200000,2.82,0.49,Medium,Fair,Medium Risk,Eligible
2182,Lisa Brown,Female,Married,3,Not Graduate,No,7200000,20800000,16,560,2100000,10700000,21100000,3600000,Approved,37500000,2.89,0.55,High,Fair,Medium Risk,Eligible
2183,Michael H. Lopez,Male,Single,3,Graduate,No,5600000,20600000,6,487,6400000,9700000,20200000,4100000,Rejected,40400000,3.68,0.51,High,Poor,Medium Risk,Not Eligible
2184,Joseph Rodriguez,Male,Divorced,4,Graduate,Yes,7300000,18300000,8,434,10000000,2900000,26800000,6700000,Rejected,46400000,2.51,0.39,High,Poor,Medium Risk,Not Eligible
2185,Donna Martinez,Female,Married,4,Not Graduate,No,3300000,7000000,20,504,8200000,3200000,7300000,2500000,Rejected,21200000,2.12,0.33,Medium,Poor,Medium Risk,Not Eligible
2186,Emily G. Moore,Female,Single,2,Graduate,Yes,9200000,25300000,4,827,25900000,15900000,19300000,11000000,Approved,72100000,2.75,0.35,Very High,Excellent,Low Risk,Eligible
2187,William Miller,Male,Single,3,Not Graduate,Yes,8100000,23300000,20,657,15700000,2900000,28100000,6200000,Approved,52900000,2.88,0.44,Very High,Good,Medium Risk,Eligible
2188,David Y. Taylor,Male,Single,5,Graduate,No,6600000,21400000,10,447,12700000,11100000,20200000,6400000,Rejected,50400000,3.24,0.42,High,Poor,Medium Risk,Not Eligible
2189,Michelle Thomas,Female,Single,0,Graduate,Yes,4200000,13600000,4,834,8700000,3400000,12000000,3100000,Approved,27200000,3.24,0.5,Medium,Excellent,Low Risk,Eligible
2190,Joseph T. Williams,Male,Single,2,Graduate,No,5800000,21700000,8,354,12500000,2300000,12200000,6800000,Rejected,33800000,3.74,0.64,High,Poor,Medium Risk,Not Eligible
2191,Steven Smith,Male,Divorced,2,Graduate,Yes,5600000,21000000,18,883,9800000,1600000,20900000,6000000,Approved,38300000,3.75,0.55,High,Excellent,Low Risk,Eligible
2192,David N. Taylor,Male,Married,0,Not Graduate,Yes,3600000,9900000,12,641,10300000,2400000,9100000,2700000,Approved,24500000,2.75,0.4,Medium,Fair,Medium Risk,Eligible
2193,Karen H. Taylor,Female,Married,1,Graduate,Yes,7700000,16900000,6,621,22600000,7900000,27400000,10200000,Approved,68100000,2.19,0.25,Very High,Fair,Medium Risk,Eligible
2194,Betty Thomas,Female,Married,0,Graduate,Yes,7800000,23300000,10,587,12500000,9300000,27500000,9700000,Approved,59000000,2.99,0.39,Very High,Fair,Medium Risk,Eligible
2195,Kimberley G. Williams,Female,Divorced,3,Not Graduate,No,5700000,15400000,16,424,4700000,3000000,16400000,5600000,Rejected,29700000,2.7,0.52,High,Poor,Medium Risk,Not Eligible
2196,Elizabeth P. Wilson,Female,Married,5,Graduate,No,6300000,20500000,14,515,4300000,3600000,18300000,9100000,Rejected,35300000,3.25,0.58,High,Poor,Medium Risk,Not Eligible
2197,Linda U. Moore,Female,Single,5,Not Graduate,Yes,2300000,4700000,18,592,1600000,3900000,6200000,2800000,Approved,14500000,2.04,0.32,Low,Fair,Medium Risk,Eligible
2198,Matthew L. Anderson,Male,Married,4,Graduate,Yes,9600000,19900000,6,319,3200000,16500000,28100000,6600000,Rejected,54400000,2.07,0.37,Very High,Poor,Medium Risk,Not Eligible
2199,Kenneth G. Moore,Male,Single,1,Not Graduate,Yes,1000000,3900000,16,360,2500000,300000,2100000,600000,Rejected,5500000,3.9,0.71,Low,Poor,Medium Risk,Not Eligible
2200,James Miller,Male,Married,5,Graduate,Yes,7200000,27100000,12,535,8400000,12800000,28100000,4800000,Rejected,54100000,3.76,0.5,High,Poor,Medium Risk,Not Eligible
2201,Joshua Martinez,Male,Divorced,2,Not Graduate,Yes,3800000,11400000,16,666,9000000,2400000,8000000,3800000,Approved,23200000,3.0,0.49,Medium,Good,Medium Risk,Eligible
2202,Kimberley B. Smith,Female,Married,4,Not Graduate,Yes,9300000,24600000,16,419,18100000,0,26700000,5100000,Rejected,49900000,2.65,0.49,Very High,Poor,Medium Risk,Not Eligible
2203,Betty W. Johnson,Female,Single,2,Not Graduate,Yes,7200000,21900000,12,640,0,11400000,14600000,3800000,Approved,29800000,3.04,0.73,High,Fair,Medium Risk,Eligible
2204,Joshua P. Smith,Male,Widowed,0,Graduate,No,7600000,19700000,12,545,4300000,5200000,29500000,7300000,Rejected,46300000,2.59,0.43,Very High,Poor,Medium Risk,Not Eligible
2205,Ashley Garcia,Female,Divorced,4,Graduate,No,4500000,15300000,10,843,13200000,6900000,10800000,2200000,Approved,33100000,3.4,0.46,Medium,Excellent,Low Risk,Eligible
2206,Robert Lopez,Male,Divorced,1,Not Graduate,Yes,9900000,30900000,20,559,12100000,6100000,38600000,12100000,Approved,68900000,3.12,0.45,Very High,Fair,Medium Risk,Eligible
2207,Richard Jones,Male,Married,0,Not Graduate,Yes,700000,2000000,18,650,400000,1300000,2800000,500000,Approved,5000000,2.86,0.4,Low,Good,Medium Risk,Eligible
2208,Robert B. Anderson,Male,Single,0,Graduate,No,3500000,12300000,16,479,9700000,6000000,7900000,4700000,Rejected,28300000,3.51,0.43,Medium,Poor,Medium Risk,Not Eligible
2209,Susan K. Martin,Female,Married,1,Graduate,Yes,300000,1000000,14,324,100000,100000,1100000,100000,Rejected,1400000,3.33,0.71,Low,Poor,Medium Risk,Not Eligible
2210,Barbara L. Jackson,Female,Married,5,Not Graduate,Yes,5400000,16700000,2,354,1100000,4500000,19300000,5200000,Approved,30100000,3.09,0.55,High,Poor,Medium Risk,Not Eligible
2211,Sandra Johnson,Female,Married,4,Not Graduate,Yes,2800000,8400000,10,521,1500000,1200000,9100000,3700000,Rejected,15500000,3.0,0.54,Medium,Poor,Medium Risk,Not Eligible
2212,Charles Williams,Male,Single,5,Not Graduate,Yes,4900000,15900000,8,505,12400000,4900000,14900000,6100000,Rejected,38300000,3.24,0.42,Medium,Poor,Medium Risk,Not Eligible
2213,Paul Wilson,Male,Married,4,Not Graduate,No,600000,1700000,12,436,400000,0,1700000,700000,Rejected,2800000,2.83,0.61,Low,Poor,Medium Risk,Not Eligible
2214,Christopher D. Rodriguez,Male,Single,0,Graduate,No,3000000,8100000,6,683,3200000,4900000,10200000,3200000,Approved,21500000,2.7,0.38,Medium,Good,Medium Risk,Eligible
2215,Joshua Anderson,Male,Divorced,0,Graduate,No,1800000,5800000,18,348,2900000,700000,6700000,1000000,Rejected,11300000,3.22,0.51,Low,Poor,Medium Risk,Not Eligible
2216,Michael Garcia,Male,Married,4,Graduate,Yes,5100000,15700000,6,867,11200000,8300000,19200000,3600000,Approved,42300000,3.08,0.37,High,Excellent,Low Risk,Eligible
2217,Richard Smith,Male,Single,5,Graduate,No,1400000,4100000,14,880,3700000,1800000,2800000,2100000,Approved,10400000,2.93,0.39,Low,Excellent,Low Risk,Eligible
2218,Thomas U. Martinez,Male,Divorced,2,Graduate,Yes,6700000,25500000,10,673,11100000,8600000,25100000,5000000,Approved,49800000,3.81,0.51,High,Good,Medium Risk,Eligible
2219,David Martinez,Male,Married,3,Not Graduate,No,4300000,12600000,18,482,9300000,900000,13200000,6100000,Rejected,29500000,2.93,0.43,Medium,Poor,Medium Risk,Not Eligible
2220,Charles N. Jones,Male,Single,3,Graduate,Yes,7800000,19600000,4,767,18100000,10500000,20500000,7700000,Approved,56800000,2.51,0.35,Very High,Excellent,Low Risk,Eligible
2221,Charles Miller,Male,Single,3,Not Graduate,No,5400000,15800000,18,760,12700000,2300000,16400000,7200000,Approved,38600000,2.93,0.41,High,Excellent,Low Risk,Eligible
2222,Sarah Williams,Female,Married,0,Not Graduate,No,500000,1900000,2,857,1100000,500000,1800000,300000,Approved,3700000,3.8,0.51,Low,Excellent,Low Risk,Eligible
2223,Kimberley V. Anderson,Female,Married,1,Graduate,No,8600000,26700000,10,735,11800000,9100000,20700000,11200000,Approved,52800000,3.1,0.51,Very High,Good,Low Risk,Eligible
2224,Joshua Gonzalez,Male,Married,3,Graduate,No,2500000,9300000,4,810,2700000,3300000,9400000,3700000,Approved,19100000,3.72,0.49,Low,Excellent,Low Risk,Eligible
2225,Nancy Martinez,Female,Married,4,Not Graduate,No,3000000,7200000,2,680,900000,3400000,9600000,1700000,Approved,15600000,2.4,0.46,Medium,Good,Medium Risk,Eligible
2226,Jennifer I. Taylor,Female,Single,5,Not Graduate,Yes,7000000,26900000,4,889,1400000,4200000,22400000,7400000,Approved,35400000,3.84,0.76,High,Excellent,Low Risk,Eligible
2227,Patricia U. Brown,Female,Single,1,Not Graduate,Yes,400000,1500000,16,688,400000,300000,1200000,200000,Approved,2100000,3.75,0.71,Low,Good,Medium Risk,Eligible
2228,Donald Jackson,Male,Married,5,Not Graduate,No,5200000,13700000,16,531,8800000,4500000,15700000,2900000,Rejected,31900000,2.63,0.43,High,Poor,Medium Risk,Not Eligible
2229,Daniel A. Brown,Male,Single,3,Graduate,No,3300000,11100000,2,660,6500000,3700000,12300000,4500000,Approved,27000000,3.36,0.41,Medium,Good,Medium Risk,Eligible
2230,Lisa D. Hernandez,Female,Single,1,Not Graduate,Yes,2400000,8800000,18,414,3600000,2200000,7100000,2500000,Rejected,15400000,3.67,0.57,Low,Poor,Medium Risk,Not Eligible
2231,Karen Garcia,Female,Single,4,Graduate,Yes,5800000,15800000,14,528,6300000,100000,21400000,8700000,Rejected,36500000,2.72,0.43,High,Poor,Medium Risk,Not Eligible
2232,Donald Martin,Male,Married,4,Not Graduate,Yes,9400000,20000000,12,817,3600000,1600000,34400000,8000000,Approved,47600000,2.13,0.42,Very High,Excellent,Low Risk,Eligible
2233,Betty I. Thomas,Female,Married,2,Not Graduate,No,6100000,15300000,2,799,7100000,5500000,17800000,5300000,Approved,35700000,2.51,0.43,High,Excellent,Low Risk,Eligible
2234,Ashley Gonzalez,Female,Widowed,1,Graduate,Yes,7500000,21400000,20,655,13000000,10300000,28100000,8100000,Approved,59500000,2.85,0.36,High,Good,Medium Risk,Eligible
2235,Paul Brown,Male,Married,2,Not Graduate,No,4100000,16200000,6,546,3500000,3100000,15100000,3700000,Rejected,25400000,3.95,0.64,Medium,Poor,Medium Risk,Not Eligible
2236,Donna Smith,Female,Single,3,Not Graduate,No,8500000,30800000,14,745,11000000,8200000,19400000,7200000,Approved,45800000,3.62,0.67,Very High,Good,Low Risk,Eligible
2237,Michelle Taylor,Female,Widowed,0,Graduate,No,4300000,16900000,8,884,6500000,5400000,12000000,3700000,Approved,27600000,3.93,0.61,Medium,Excellent,Low Risk,Eligible
2238,David B. Hernandez,Male,Widowed,5,Not Graduate,No,9300000,22000000,4,822,20900000,10000000,24200000,12100000,Approved,67200000,2.37,0.33,Very High,Excellent,Low Risk,Eligible
2239,Elizabeth Lopez,Female,Single,4,Not Graduate,No,6000000,18700000,2,623,4300000,4000000,19100000,5700000,Approved,33100000,3.12,0.56,High,Fair,Medium Risk,Eligible
2240,David J. Miller,Male,Single,1,Not Graduate,Yes,5300000,18900000,16,361,300000,5000000,11900000,5500000,Rejected,22700000,3.57,0.83,High,Poor,Medium Risk,Not Eligible
2241,Thomas Miller,Male,Married,5,Not Graduate,Yes,7400000,16200000,2,778,17000000,2700000,19400000,9200000,Approved,48300000,2.19,0.34,High,Excellent,Low Risk,Eligible
2242,Andrew Lopez,Male,Single,1,Not Graduate,Yes,1100000,3800000,8,779,600000,1800000,4000000,1600000,Approved,8000000,3.45,0.48,Low,Excellent,Low Risk,Eligible
2243,Steven W. Moore,Male,Single,1,Graduate,Yes,6600000,20700000,4,594,4800000,200000,26400000,8900000,Approved,40300000,3.14,0.51,High,Fair,Medium Risk,Eligible
2244,Betty Y. Anderson,Female,Divorced,3,Graduate,No,8200000,28300000,2,530,15000000,10500000,20200000,12100000,Approved,57800000,3.45,0.49,Very High,Poor,Medium Risk,Not Eligible
2245,Elizabeth E. Hernandez,Female,Single,3,Not Graduate,No,3300000,9300000,12,324,5300000,2600000,7500000,2000000,Rejected,17400000,2.82,0.53,Medium,Poor,Medium Risk,Not Eligible
2246,Karen R. Wilson,Female,Single,4,Graduate,Yes,2500000,9000000,10,394,6700000,2000000,7300000,3000000,Rejected,19000000,3.6,0.47,Low,Poor,Medium Risk,Not Eligible
2247,Donna Smith,Female,Married,3,Graduate,Yes,3300000,10400000,12,816,7100000,6300000,11800000,4900000,Approved,30100000,3.15,0.35,Medium,Excellent,Low Risk,Eligible
2248,Matthew Lopez,Male,Married,5,Not Graduate,No,1000000,2300000,16,423,1700000,700000,2900000,1400000,Rejected,6700000,2.3,0.34,Low,Poor,Medium Risk,Not Eligible
2249,Jennifer Davis,Female,Single,5,Graduate,Yes,6200000,12800000,2,539,5600000,9800000,22300000,4800000,Rejected,42500000,2.06,0.3,High,Poor,Medium Risk,Not Eligible
2250,Christopher Wilson,Male,Single,1,Graduate,No,7000000,21000000,20,554,16900000,6600000,14600000,5600000,Approved,43700000,3.0,0.48,High,Fair,Medium Risk,Eligible
2251,Mark Jones,Male,Single,2,Graduate,Yes,7000000,19000000,6,523,5300000,9300000,25800000,9500000,Rejected,49900000,2.71,0.38,High,Poor,Medium Risk,Not Eligible
2252,Patricia N. Rodriguez,Female,Single,1,Not Graduate,Yes,5300000,12000000,10,852,400000,10400000,18900000,5000000,Approved,34700000,2.26,0.35,High,Excellent,Low Risk,Eligible
2253,Kimberley Brown,Female,Single,0,Not Graduate,Yes,1800000,3700000,2,505,3900000,2400000,4500000,1400000,Rejected,12200000,2.06,0.3,Low,Poor,Medium Risk,Not Eligible
2254,Anthony Smith,Male,Single,0,Graduate,Yes,2300000,7900000,10,430,6600000,2800000,8100000,1900000,Rejected,19400000,3.43,0.41,Low,Poor,Medium Risk,Not Eligible
2255,Margaret Smith,Female,Divorced,2,Graduate,No,4000000,9200000,16,784,3200000,600000,13000000,4900000,Approved,21700000,2.3,0.42,Medium,Excellent,Low Risk,Eligible
2256,Sandra Johnson,Female,Single,1,Not Graduate,No,8900000,24000000,6,380,16500000,7400000,27700000,7500000,Rejected,59100000,2.7,0.41,Very High,Poor,Medium Risk,Not Eligible
2257,Kenneth Y. Anderson,Male,Married,3,Graduate,No,8000000,18600000,20,565,1600000,8600000,22500000,9400000,Approved,42100000,2.33,0.44,Very High,Fair,Medium Risk,Eligible
2258,Emily Lopez,Female,Single,4,Graduate,Yes,7900000,26900000,14,446,17900000,7300000,16500000,8200000,Rejected,49900000,3.41,0.54,Very High,Poor,Medium Risk,Not Eligible
2259,Emily C. Gonzalez,Female,Single,5,Graduate,Yes,6700000,20200000,8,406,6900000,4900000,15300000,7100000,Rejected,34200000,3.01,0.59,High,Poor,Medium Risk,Not Eligible
2260,Donna Rodriguez,Female,Married,4,Not Graduate,No,2400000,6000000,6,712,6800000,2200000,6000000,1200000,Approved,16200000,2.5,0.37,Low,Good,Low Risk,Eligible
2261,Sandra Johnson,Female,Single,4,Not Graduate,No,8600000,22600000,14,729,300000,16200000,20500000,11900000,Approved,48900000,2.63,0.46,Very High,Good,Low Risk,Eligible
2262,Margaret Lopez,Female,Married,1,Not Graduate,Yes,5300000,14600000,20,508,11200000,2800000,17000000,4600000,Rejected,35600000,2.75,0.41,High,Poor,Medium Risk,Not Eligible
2263,Sarah Wilson,Female,Single,0,Graduate,No,7400000,24900000,20,648,7100000,7900000,23300000,6200000,Approved,44500000,3.36,0.56,High,Fair,Medium Risk,Eligible
2264,Andrew Rodriguez,Male,Single,0,Not Graduate,Yes,8700000,18700000,10,346,1200000,1800000,30700000,8200000,Rejected,41900000,2.15,0.45,Very High,Poor,Medium Risk,Not Eligible
2265,Donald Hernandez,Male,Single,5,Graduate,No,8200000,18500000,4,394,9600000,5700000,27400000,11100000,Rejected,53800000,2.26,0.34,Very High,Poor,Medium Risk,Not Eligible
2266,Matthew M. Johnson,Male,Single,0,Not Graduate,Yes,3700000,9700000,12,501,2600000,6600000,9200000,4600000,Rejected,23000000,2.62,0.42,Medium,Poor,Medium Risk,Not Eligible
2267,Andrew Brown,Male,Single,5,Not Graduate,Yes,9200000,36300000,2,655,3000000,1200000,32200000,8700000,Approved,45100000,3.95,0.8,Very High,Good,Medium Risk,Eligible
2268,Sandra Rodriguez,Female,Married,4,Not Graduate,No,6100000,20900000,4,662,10200000,7000000,23300000,4100000,Approved,44600000,3.43,0.47,High,Good,Medium Risk,Eligible
2269,Paul Jackson,Male,Single,2,Graduate,Yes,8800000,30800000,20,820,700000,4800000,25900000,12700000,Approved,44100000,3.5,0.7,Very High,Excellent,Low Risk,Eligible
2270,Patricia X. Jones,Female,Married,5,Not Graduate,No,9200000,18900000,10,521,8300000,14500000,23400000,6900000,Rejected,53100000,2.05,0.36,Very High,Poor,Medium Risk,Not Eligible
2271,Anthony C. Taylor,Male,Single,3,Graduate,No,7200000,27900000,12,473,21100000,8800000,27800000,8700000,Rejected,66400000,3.88,0.42,High,Poor,Medium Risk,Not Eligible
2272,Sandra Gonzalez,Female,Divorced,1,Graduate,No,600000,1200000,10,561,900000,300000,1400000,600000,Approved,3200000,2.0,0.38,Low,Fair,Medium Risk,Eligible
2273,Jennifer Z. Wilson,Female,Single,5,Graduate,No,8000000,23100000,20,461,5900000,2400000,29300000,7200000,Rejected,44800000,2.89,0.52,Very High,Poor,Medium Risk,Not Eligible
2274,Karen Z. Martin,Female,Single,4,Graduate,Yes,6900000,13800000,16,715,2100000,6100000,20900000,8200000,Approved,37300000,2.0,0.37,High,Good,Low Risk,Eligible
2275,Matthew Jackson,Male,Married,0,Not Graduate,Yes,4300000,15600000,18,440,6200000,1300000,10000000,4700000,Rejected,22200000,3.63,0.7,Medium,Poor,Medium Risk,Not Eligible
2276,Sarah Garcia,Female,Married,3,Not Graduate,Yes,8500000,24900000,18,749,9600000,1200000,31700000,10100000,Approved,52600000,2.93,0.47,Very High,Good,Low Risk,Eligible
2277,Barbara Martinez,Female,Married,4,Not Graduate,No,8600000,17400000,2,787,11700000,10600000,18400000,10600000,Approved,51300000,2.02,0.34,Very High,Excellent,Low Risk,Eligible
2278,Mark Jones,Male,Married,3,Graduate,No,6300000,13900000,18,748,17700000,8800000,21700000,8600000,Approved,56800000,2.21,0.24,High,Good,Low Risk,Eligible
2279,Linda Davis,Female,Married,3,Not Graduate,Yes,5800000,13600000,12,321,1700000,3300000,22300000,3400000,Rejected,30700000,2.34,0.44,High,Poor,Medium Risk,Not Eligible
2280,Michael Martin,Male,Married,3,Graduate,Yes,1000000,2300000,10,303,1000000,400000,2500000,1000000,Rejected,4900000,2.3,0.47,Low,Poor,Medium Risk,Not Eligible
2281,Donna K. Wilson,Female,Married,0,Not Graduate,Yes,1700000,5400000,8,682,2400000,1000000,3900000,2100000,Approved,9400000,3.18,0.57,Low,Good,Medium Risk,Eligible
2282,Emily Smith,Female,Single,2,Not Graduate,No,3200000,8600000,18,638,1000000,4900000,8600000,3500000,Approved,18000000,2.69,0.48,Medium,Fair,Medium Risk,Eligible
2283,Elizabeth P. Anderson,Female,Single,0,Graduate,Yes,7500000,16600000,14,440,17200000,14500000,24100000,10300000,Rejected,66100000,2.21,0.25,High,Poor,Medium Risk,Not Eligible
2284,Anthony Rodriguez,Male,Married,1,Not Graduate,Yes,2000000,6600000,10,873,1400000,200000,6300000,2400000,Approved,10300000,3.3,0.64,Low,Excellent,Low Risk,Eligible
2285,Steven C. Moore,Male,Single,3,Not Graduate,No,9100000,19700000,20,437,6300000,13700000,23700000,12900000,Rejected,56600000,2.16,0.35,Very High,Poor,Medium Risk,Not Eligible
2286,Karen O. Martinez,Female,Married,4,Graduate,Yes,8400000,19700000,8,796,17900000,9200000,20200000,7700000,Approved,55000000,2.35,0.36,Very High,Excellent,Low Risk,Eligible
2287,David T. Martin,Male,Single,4,Graduate,No,7100000,27200000,16,824,2400000,8000000,22400000,3900000,Approved,36700000,3.83,0.74,High,Excellent,Low Risk,Eligible
2288,Sandra J. Smith,Female,Married,2,Not Graduate,No,200000,800000,6,338,100000,0,400000,100000,Rejected,600000,4.0,1.33,Low,Poor,Medium Risk,Not Eligible
2289,Jessica E. Gonzalez,Female,Single,0,Not Graduate,Yes,5000000,14900000,12,575,12800000,1500000,12300000,6600000,Approved,33200000,2.98,0.45,Medium,Fair,Medium Risk,Eligible
2290,William Gonzalez,Male,Widowed,0,Not Graduate,Yes,4500000,16900000,8,773,6300000,6800000,14000000,6000000,Approved,33100000,3.76,0.51,Medium,Excellent,Low Risk,Eligible
2291,Barbara X. Garcia,Female,Widowed,2,Not Graduate,Yes,5100000,19700000,2,733,0,4500000,12900000,6200000,Approved,23600000,3.86,0.83,High,Good,Low Risk,Eligible
2292,Nancy Miller,Female,Married,3,Graduate,Yes,4100000,10600000,14,475,5400000,4300000,13900000,4500000,Rejected,28100000,2.59,0.38,Medium,Poor,Medium Risk,Not Eligible
2293,Nancy V. Brown,Female,Widowed,1,Not Graduate,No,7200000,15000000,10,677,10600000,3900000,24500000,4100000,Approved,43100000,2.08,0.35,High,Good,Medium Risk,Eligible
2294,Kimberley H. Moore,Female,Divorced,3,Not Graduate,No,7800000,17700000,6,403,12600000,3700000,24700000,10000000,Rejected,51000000,2.27,0.35,Very High,Poor,Medium Risk,Not Eligible
2295,Margaret O. Martinez,Female,Single,3,Graduate,Yes,7500000,25300000,12,767,13200000,10800000,19400000,9600000,Approved,53000000,3.37,0.48,High,Excellent,Low Risk,Eligible
2296,Anthony Martinez,Male,Married,3,Graduate,Yes,6400000,21000000,2,813,3900000,10900000,20500000,4400000,Approved,39700000,3.28,0.53,High,Excellent,Low Risk,Eligible
2297,Barbara Brown,Female,Married,4,Graduate,No,7000000,25700000,20,597,19900000,13500000,27500000,10100000,Approved,71000000,3.67,0.36,High,Fair,Medium Risk,Eligible
2298,Sandra T. Miller,Female,Single,4,Not Graduate,Yes,9000000,31100000,8,896,7100000,4400000,23400000,13100000,Approved,48000000,3.46,0.65,Very High,Excellent,Low Risk,Eligible
2299,Kenneth A. Jackson,Male,Single,2,Not Graduate,Yes,4400000,13900000,6,810,13200000,4200000,15000000,5200000,Approved,37600000,3.16,0.37,Medium,Excellent,Low Risk,Eligible
2300,Richard V. Jackson,Male,Single,2,Not Graduate,No,900000,2000000,14,337,1700000,0,2100000,600000,Rejected,4400000,2.22,0.45,Low,Poor,Medium Risk,Not Eligible
2301,Mary U. Martin,Female,Single,1,Graduate,No,9800000,26900000,18,792,15900000,14100000,25200000,11900000,Approved,67100000,2.74,0.4,Very High,Excellent,Low Risk,Eligible
2302,Richard Anderson,Male,Divorced,4,Not Graduate,No,600000,1600000,6,784,300000,100000,1900000,500000,Approved,2800000,2.67,0.57,Low,Excellent,Low Risk,Eligible
2303,Steven Miller,Male,Single,5,Graduate,Yes,9700000,30100000,12,434,19600000,17900000,21000000,6900000,Rejected,65400000,3.1,0.46,Very High,Poor,Medium Risk,Not Eligible
2304,Joseph Jackson,Male,Single,2,Graduate,Yes,8400000,32600000,10,384,13900000,1600000,21600000,7000000,Rejected,44100000,3.88,0.74,Very High,Poor,Medium Risk,Not Eligible
2305,Jessica Q. Garcia,Female,Married,1,Graduate,No,8300000,24900000,10,642,11500000,15400000,21600000,5800000,Approved,54300000,3.0,0.46,Very High,Fair,Medium Risk,Eligible
2306,Barbara Davis,Female,Widowed,4,Graduate,No,7900000,29900000,8,314,22000000,4600000,26000000,8100000,Rejected,60700000,3.78,0.49,Very High,Poor,Medium Risk,Not Eligible
2307,Robert P. Wilson,Male,Divorced,1,Not Graduate,No,8600000,25900000,2,606,3700000,14900000,32700000,12200000,Approved,63500000,3.01,0.41,Very High,Fair,Medium Risk,Eligible
2308,Mark R. Rodriguez,Male,Single,5,Not Graduate,Yes,6700000,17600000,14,843,12700000,200000,19500000,5600000,Approved,38000000,2.63,0.46,High,Excellent,Low Risk,Eligible
2309,Donald B. Thomas,Male,Single,0,Graduate,No,2700000,7400000,10,778,6800000,800000,5600000,2800000,Approved,16000000,2.74,0.46,Medium,Excellent,Low Risk,Eligible
2310,Patricia Lopez,Female,Divorced,0,Not Graduate,No,6600000,25600000,8,718,12600000,12200000,21700000,9000000,Approved,55500000,3.88,0.46,High,Good,Low Risk,Eligible
2311,Sandra Brown,Female,Married,1,Graduate,Yes,7100000,20800000,20,437,9600000,7300000,24700000,8800000,Rejected,50400000,2.93,0.41,High,Poor,Medium Risk,Not Eligible
2312,Richard Lopez,Male,Single,5,Graduate,Yes,300000,700000,10,586,0,400000,1000000,100000,Approved,1500000,2.33,0.47,Low,Fair,Medium Risk,Eligible
2313,Steven Miller,Male,Single,2,Graduate,No,2200000,7000000,6,777,6100000,400000,4400000,3300000,Approved,14200000,3.18,0.49,Low,Excellent,Low Risk,Eligible
2314,Donald Y. Thomas,Male,Single,1,Graduate,Yes,8700000,31700000,12,525,7800000,10200000,30300000,6100000,Rejected,54400000,3.64,0.58,Very High,Poor,Medium Risk,Not Eligible
2315,Margaret W. Hernandez,Female,Single,4,Graduate,No,7200000,23100000,12,632,4600000,8500000,19400000,4400000,Approved,36900000,3.21,0.63,High,Fair,Medium Risk,Eligible
2316,Michelle E. Johnson,Female,Married,0,Not Graduate,No,2000000,4800000,20,337,1300000,2200000,5500000,1700000,Rejected,10700000,2.4,0.45,Low,Poor,Medium Risk,Not Eligible
2317,Thomas W. Lopez,Male,Single,4,Graduate,Yes,8600000,27900000,8,458,22400000,1800000,34000000,11700000,Rejected,69900000,3.24,0.4,Very High,Poor,Medium Risk,Not Eligible
2318,Joshua Martinez,Male,Married,2,Graduate,Yes,2300000,5400000,8,364,4500000,500000,7000000,2000000,Rejected,14000000,2.35,0.39,Low,Poor,Medium Risk,Not Eligible
2319,Elizabeth Jones,Female,Single,2,Not Graduate,Yes,9600000,29800000,16,499,28500000,6300000,31800000,7400000,Rejected,74000000,3.1,0.4,Very High,Poor,Medium Risk,Not Eligible
2320,Sarah Davis,Female,Single,2,Graduate,Yes,1900000,6500000,16,887,2000000,1200000,4500000,1700000,Approved,9400000,3.42,0.69,Low,Excellent,Low Risk,Eligible
2321,Elizabeth Jackson,Female,Single,1,Graduate,No,2100000,6300000,16,882,3900000,2200000,7700000,2900000,Approved,16700000,3.0,0.38,Low,Excellent,Low Risk,Eligible
2322,Ashley L. Martin,Female,Married,1,Not Graduate,Yes,3900000,8700000,8,817,900000,2500000,10700000,2100000,Approved,16200000,2.23,0.54,Medium,Excellent,Low Risk,Eligible
2323,Kimberley Lopez,Female,Divorced,5,Not Graduate,Yes,200000,300000,10,704,500000,100000,800000,200000,Approved,1600000,1.5,0.19,Low,Good,Low Risk,Eligible
2324,Paul Thomas,Male,Divorced,1,Not Graduate,Yes,1900000,4500000,12,742,1200000,2000000,4400000,1200000,Approved,8800000,2.37,0.51,Low,Good,Low Risk,Eligible
2325,Michael Hernandez,Male,Single,0,Not Graduate,Yes,3200000,11600000,4,393,4700000,300000,8000000,3100000,Approved,16100000,3.62,0.72,Medium,Poor,Medium Risk,Not Eligible
2326,Charles Z. Martin,Male,Single,0,Not Graduate,No,1100000,4300000,18,828,700000,800000,2900000,900000,Approved,5300000,3.91,0.81,Low,Excellent,Low Risk,Eligible
2327,Matthew Thomas,Male,Divorced,5,Graduate,Yes,8000000,21500000,12,779,2600000,15100000,29800000,10400000,Approved,57900000,2.69,0.37,Very High,Excellent,Low Risk,Eligible
2328,Paul L. Davis,Male,Married,4,Graduate,Yes,6100000,21700000,6,860,13900000,900000,14100000,5600000,Approved,34500000,3.56,0.63,High,Excellent,Low Risk,Eligible
2329,Linda I. Hernandez,Female,Married,5,Graduate,No,3200000,10600000,2,432,6500000,3700000,11200000,3700000,Approved,25100000,3.31,0.42,Medium,Poor,Medium Risk,Not Eligible
2330,Robert H. Anderson,Male,Single,4,Graduate,Yes,9000000,30400000,20,532,21000000,7400000,30500000,13100000,Rejected,72000000,3.38,0.42,Very High,Poor,Medium Risk,Not Eligible
2331,Thomas O. Davis,Male,Single,0,Not Graduate,Yes,1200000,3200000,2,678,1500000,1000000,3400000,900000,Approved,6800000,2.67,0.47,Low,Good,Medium Risk,Eligible
2332,Emily Rodriguez,Female,Single,3,Graduate,No,7900000,27000000,6,601,17700000,7800000,27600000,11500000,Approved,64600000,3.42,0.42,Very High,Fair,Medium Risk,Eligible
2333,David Taylor,Male,Single,3,Graduate,Yes,7700000,23100000,8,807,2900000,9800000,20400000,7000000,Approved,40100000,3.0,0.58,Very High,Excellent,Low Risk,Eligible
2334,Joshua Jackson,Male,Single,2,Not Graduate,No,4400000,16500000,16,879,7800000,7500000,10300000,5400000,Approved,31000000,3.75,0.53,Medium,Excellent,Low Risk,Eligible
2335,Daniel Williams,Male,Single,1,Not Graduate,No,3100000,11200000,18,665,2000000,5400000,12000000,2500000,Approved,21900000,3.61,0.51,Medium,Good,Medium Risk,Eligible
2336,Steven Miller,Male,Married,5,Not Graduate,Yes,2600000,9300000,16,697,5100000,1200000,7700000,3700000,Approved,17700000,3.58,0.53,Medium,Good,Medium Risk,Eligible
2337,Karen Jackson,Female,Married,4,Graduate,No,5500000,21700000,14,867,5000000,8700000,15200000,3100000,Approved,32000000,3.95,0.68,High,Excellent,Low Risk,Eligible
2338,Donald U. Miller,Male,Married,1,Graduate,No,5700000,15500000,8,544,10500000,8700000,20900000,7000000,Rejected,47100000,2.72,0.33,High,Poor,Medium Risk,Not Eligible
2339,Mary T. Rodriguez,Female,Single,5,Graduate,No,6100000,20700000,20,482,9400000,2000000,16900000,5900000,Rejected,34200000,3.39,0.61,High,Poor,Medium Risk,Not Eligible
2340,Daniel Taylor,Male,Single,2,Graduate,No,8200000,22500000,18,857,13400000,14300000,28400000,8400000,Approved,64500000,2.74,0.35,Very High,Excellent,Low Risk,Eligible
2341,Sarah Moore,Female,Single,1,Graduate,No,6000000,21200000,12,549,17900000,8200000,16900000,6200000,Rejected,49200000,3.53,0.43,High,Poor,Medium Risk,Not Eligible
2342,Margaret F. Brown,Female,Married,1,Graduate,Yes,8000000,30600000,10,720,23700000,8500000,24900000,9700000,Approved,66800000,3.82,0.46,Very High,Good,Low Risk,Eligible
2343,Kimberley Thomas,Female,Single,4,Not Graduate,No,2000000,4800000,8,302,1500000,800000,4000000,2600000,Rejected,8900000,2.4,0.54,Low,Poor,Medium Risk,Not Eligible
2344,Karen O. Brown,Female,Single,5,Graduate,Yes,1300000,2900000,12,669,400000,1700000,3900000,1800000,Approved,7800000,2.23,0.37,Low,Good,Medium Risk,Eligible
2345,Joseph G. Brown,Male,Single,1,Graduate,No,7000000,27100000,6,591,6700000,12200000,21500000,4900000,Approved,45300000,3.87,0.6,High,Fair,Medium Risk,Eligible
2346,Lisa Taylor,Female,Married,3,Graduate,No,4100000,15300000,6,440,7500000,5100000,8200000,2000000,Rejected,22800000,3.73,0.67,Medium,Poor,Medium Risk,Not Eligible
2347,Joshua Jones,Male,Single,3,Graduate,No,8000000,26200000,16,890,15800000,4300000,25000000,4000000,Approved,49100000,3.28,0.53,Very High,Excellent,Low Risk,Eligible
2348,Barbara F. Garcia,Female,Single,4,Not Graduate,No,8100000,28000000,8,663,8800000,11300000,26000000,5500000,Approved,51600000,3.46,0.54,Very High,Good,Medium Risk,Eligible
2349,Michelle I. Wilson,Female,Single,4,Graduate,Yes,9500000,22600000,14,433,10000000,900000,23100000,13400000,Rejected,47400000,2.38,0.48,Very High,Poor,Medium Risk,Not Eligible
2350,Ashley Martinez,Female,Single,0,Graduate,No,9200000,22500000,10,317,14200000,17400000,28500000,10700000,Rejected,70800000,2.45,0.32,Very High,Poor,Medium Risk,Not Eligible
2351,Lisa Anderson,Female,Married,2,Graduate,No,3900000,14700000,16,360,2600000,200000,8300000,2900000,Rejected,14000000,3.77,1.05,Medium,Poor,Medium Risk,Not Eligible
2352,Mary Gonzalez,Female,Married,1,Graduate,No,9100000,26200000,8,727,20800000,7100000,27800000,8900000,Approved,64600000,2.88,0.41,Very High,Good,Low Risk,Eligible
2353,Donald Rodriguez,Male,Married,3,Graduate,Yes,3000000,8300000,4,685,2900000,5400000,11300000,3800000,Approved,23400000,2.77,0.35,Medium,Good,Medium Risk,Eligible
2354,Charles A. Martinez,Male,Single,4,Graduate,No,2000000,4300000,8,373,2000000,2700000,7700000,2200000,Rejected,14600000,2.15,0.29,Low,Poor,Medium Risk,Not Eligible
2355,Lisa G. Moore,Female,Married,5,Graduate,No,6300000,14600000,8,469,13300000,10100000,24500000,3800000,Rejected,51700000,2.32,0.28,High,Poor,Medium Risk,Not Eligible
2356,Sarah Brown,Female,Single,3,Not Graduate,Yes,4100000,10900000,8,548,8800000,5200000,13200000,4300000,Rejected,31500000,2.66,0.35,Medium,Poor,Medium Risk,Not Eligible
2357,Donna B. Thomas,Female,Married,0,Not Graduate,No,9800000,29400000,20,618,1200000,14600000,33800000,8300000,Approved,57900000,3.0,0.51,Very High,Fair,Medium Risk,Eligible
2358,Ashley Davis,Female,Married,2,Graduate,No,5200000,15400000,8,658,1200000,7500000,12800000,3200000,Approved,24700000,2.96,0.62,High,Good,Medium Risk,Eligible
2359,Patricia Brown,Female,Single,3,Graduate,No,7600000,28700000,18,781,21300000,12400000,29600000,8000000,Approved,71300000,3.78,0.4,Very High,Excellent,Low Risk,Eligible
2360,Margaret Martinez,Female,Single,3,Not Graduate,No,9200000,35500000,2,715,11100000,11800000,19800000,11700000,Approved,54400000,3.86,0.65,Very High,Good,Low Risk,Eligible
2361,Daniel E. Wilson,Male,Married,5,Not Graduate,No,2200000,8100000,4,409,300000,0,4900000,2400000,Rejected,7600000,3.68,1.07,Low,Poor,Medium Risk,Not Eligible
2362,Andrew Williams,Male,Single,2,Not Graduate,Yes,8300000,20600000,10,504,100000,900000,33200000,6700000,Rejected,40900000,2.48,0.5,Very High,Poor,Medium Risk,Not Eligible
2363,Emily W. Taylor,Female,Single,3,Graduate,Yes,6100000,21600000,16,428,2900000,6100000,15100000,7200000,Rejected,31300000,3.54,0.69,High,Poor,Medium Risk,Not Eligible
2364,Daniel O. Lopez,Male,Married,2,Graduate,No,4500000,16600000,20,704,6400000,4200000,16900000,2400000,Approved,29900000,3.69,0.56,Medium,Good,Low Risk,Eligible
2365,Richard Hernandez,Male,Married,3,Not Graduate,No,6600000,18800000,12,834,18800000,9300000,13700000,4800000,Approved,46600000,2.85,0.4,High,Excellent,Low Risk,Eligible
2366,Susan Rodriguez,Female,Married,4,Not Graduate,No,8900000,34900000,14,694,15400000,2800000,20600000,9100000,Approved,47900000,3.92,0.73,Very High,Good,Medium Risk,Eligible
2367,David N. Brown,Male,Single,4,Graduate,Yes,3900000,13300000,20,453,9800000,500000,12300000,4700000,Rejected,27300000,3.41,0.49,Medium,Poor,Medium Risk,Not Eligible
2368,Patricia Taylor,Female,Widowed,3,Graduate,Yes,8900000,35400000,14,404,22300000,7700000,26400000,5900000,Rejected,62300000,3.98,0.57,Very High,Poor,Medium Risk,Not Eligible
2369,Mary Jackson,Female,Single,5,Not Graduate,No,6400000,22300000,12,776,500000,9100000,24100000,5800000,Approved,39500000,3.48,0.56,High,Excellent,Low Risk,Eligible
2370,Emily Thomas,Female,Single,1,Not Graduate,Yes,9500000,28700000,16,526,24600000,4900000,31800000,6600000,Rejected,67900000,3.02,0.42,Very High,Poor,Medium Risk,Not Eligible
2371,Michael Jackson,Male,Married,3,Graduate,Yes,300000,1000000,8,641,700000,200000,1100000,200000,Approved,2200000,3.33,0.45,Low,Fair,Medium Risk,Eligible
2372,Andrew C. Garcia,Male,Married,5,Not Graduate,No,4100000,12300000,6,582,10900000,6100000,14100000,3500000,Approved,34600000,3.0,0.36,Medium,Fair,Medium Risk,Eligible
2373,Michelle Y. Miller,Female,Married,2,Graduate,No,8100000,20800000,18,778,4100000,15500000,16700000,10600000,Approved,46900000,2.57,0.44,Very High,Excellent,Low Risk,Eligible
2374,Margaret X. Anderson,Female,Single,4,Graduate,No,9900000,28400000,10,763,23700000,12700000,35800000,5800000,Approved,78000000,2.87,0.36,Very High,Excellent,Low Risk,Eligible
2375,Jennifer K. Garcia,Female,Married,0,Not Graduate,No,4800000,19000000,12,650,7000000,1000000,15600000,4800000,Approved,28400000,3.96,0.67,Medium,Good,Medium Risk,Eligible
2376,Mary A. Gonzalez,Female,Married,0,Graduate,Yes,2900000,9700000,2,820,6700000,1600000,9100000,3900000,Approved,21300000,3.34,0.46,Medium,Excellent,Low Risk,Eligible
2377,Mary Smith,Female,Married,1,Not Graduate,Yes,3500000,13500000,12,824,8400000,3900000,11600000,4100000,Approved,28000000,3.86,0.48,Medium,Excellent,Low Risk,Eligible
2378,Jessica K. Jackson,Female,Married,1,Not Graduate,Yes,4900000,12600000,4,718,11800000,7300000,11800000,3800000,Approved,34700000,2.57,0.36,Medium,Good,Low Risk,Eligible
2379,Joshua W. Lopez,Male,Divorced,2,Not Graduate,Yes,5100000,13300000,14,313,5900000,7900000,18000000,3900000,Rejected,35700000,2.61,0.37,High,Poor,Medium Risk,Not Eligible
2380,Joseph Jones,Male,Single,5,Graduate,No,7300000,26200000,10,751,1400000,12200000,26700000,10400000,Approved,50700000,3.59,0.52,High,Excellent,Low Risk,Eligible
2381,Andrew B. Martin,Male,Married,0,Graduate,Yes,200000,300000,18,520,100000,300000,600000,100000,Rejected,1100000,1.5,0.27,Low,Poor,Medium Risk,Not Eligible
2382,Jennifer H. Hernandez,Female,Married,2,Graduate,No,1400000,4700000,4,355,2100000,600000,4400000,1400000,Approved,8500000,3.36,0.55,Low,Poor,Medium Risk,Not Eligible
2383,Christopher Garcia,Male,Single,3,Graduate,Yes,8700000,33600000,14,314,7700000,10000000,21700000,6200000,Rejected,45600000,3.86,0.74,Very High,Poor,Medium Risk,Not Eligible
2384,Matthew Smith,Male,Divorced,1,Not Graduate,Yes,2800000,5900000,20,728,1000000,3200000,10300000,1400000,Approved,15900000,2.11,0.37,Medium,Good,Low Risk,Eligible
2385,Linda Gonzalez,Female,Divorced,3,Graduate,Yes,9100000,30100000,14,564,26600000,7300000,22700000,8200000,Approved,64800000,3.31,0.46,Very High,Fair,Medium Risk,Eligible
2386,Anthony Johnson,Male,Single,0,Not Graduate,Yes,6800000,15300000,14,699,19900000,2600000,13900000,8300000,Approved,44700000,2.25,0.34,High,Good,Medium Risk,Eligible
2387,Anthony C. Jackson,Male,Widowed,0,Not Graduate,Yes,5000000,17000000,6,624,6700000,6200000,15400000,5900000,Approved,34200000,3.4,0.5,Medium,Fair,Medium Risk,Eligible
2388,Richard Miller,Male,Married,0,Graduate,Yes,4400000,16800000,14,795,8700000,8700000,12600000,3400000,Approved,33400000,3.82,0.5,Medium,Excellent,Low Risk,Eligible
2389,Lisa Wilson,Female,Widowed,5,Not Graduate,Yes,8400000,18600000,20,703,2500000,7100000,28800000,9500000,Approved,47900000,2.21,0.39,Very High,Good,Low Risk,Eligible
2390,Ashley O. Rodriguez,Female,Single,4,Graduate,No,7800000,17300000,4,394,3600000,13100000,24300000,7200000,Rejected,48200000,2.22,0.36,Very High,Poor,Medium Risk,Not Eligible
2391,Sandra D. Gonzalez,Female,Single,4,Graduate,Yes,4800000,9900000,14,779,5200000,9300000,18600000,2900000,Approved,36000000,2.06,0.28,Medium,Excellent,Low Risk,Eligible
2392,Jennifer U. Wilson,Female,Single,1,Graduate,No,3200000,8800000,4,405,1000000,2600000,10700000,3400000,Rejected,17700000,2.75,0.5,Medium,Poor,Medium Risk,Not Eligible
2393,Anthony Thomas,Male,Widowed,5,Graduate,Yes,2300000,6700000,16,612,6700000,3300000,8800000,2000000,Approved,20800000,2.91,0.32,Low,Fair,Medium Risk,Eligible
2394,Patricia F. Jones,Female,Married,5,Not Graduate,Yes,9200000,28100000,10,448,22300000,3300000,33200000,10700000,Rejected,69500000,3.05,0.4,Very High,Poor,Medium Risk,Not Eligible
2395,Paul Jones,Male,Married,2,Not Graduate,Yes,4700000,13700000,6,506,1300000,7900000,16700000,3500000,Rejected,29400000,2.91,0.47,Medium,Poor,Medium Risk,Not Eligible
2396,Robert X. Martin,Male,Married,0,Not Graduate,Yes,8000000,30400000,2,776,16600000,1400000,29100000,7800000,Approved,54900000,3.8,0.55,Very High,Excellent,Low Risk,Eligible
2397,Michelle N. Wilson,Female,Single,1,Graduate,Yes,2600000,8600000,6,730,800000,2900000,6000000,3100000,Approved,12800000,3.31,0.67,Medium,Good,Low Risk,Eligible
2398,Richard D. Lopez,Male,Married,3,Not Graduate,No,200000,800000,20,730,0,300000,400000,300000,Approved,1000000,4.0,0.8,Low,Good,Low Risk,Eligible
2399,Steven Miller,Male,Married,5,Graduate,No,7300000,17200000,2,345,6100000,8400000,23200000,4900000,Rejected,42600000,2.36,0.4,High,Poor,Medium Risk,Not Eligible
2400,Michelle Hernandez,Female,Single,4,Not Graduate,No,3300000,11800000,2,847,7800000,2400000,12100000,3000000,Approved,25300000,3.58,0.47,Medium,Excellent,Low Risk,Eligible
2401,Steven E. Johnson,Male,Divorced,4,Not Graduate,No,8300000,23300000,20,398,18500000,11500000,17100000,9900000,Rejected,57000000,2.81,0.41,Very High,Poor,Medium Risk,Not Eligible
2402,Andrew X. Gonzalez,Male,Married,5,Not Graduate,Yes,4100000,9600000,2,307,8800000,7800000,8500000,3100000,Rejected,28200000,2.34,0.34,Medium,Poor,Medium Risk,Not Eligible
2403,William Smith,Male,Single,1,Not Graduate,No,7300000,23700000,16,852,9400000,6800000,22600000,8500000,Approved,47300000,3.25,0.5,High,Excellent,Low Risk,Eligible
2404,Jennifer O. Brown,Female,Widowed,1,Not Graduate,No,9300000,27500000,6,364,12200000,13800000,25300000,10800000,Rejected,62100000,2.96,0.44,Very High,Poor,Medium Risk,Not Eligible
2405,Elizabeth A. Martin,Female,Single,2,Graduate,Yes,4300000,15200000,12,552,3400000,2100000,12700000,4800000,Approved,23000000,3.53,0.66,Medium,Fair,Medium Risk,Eligible
2406,Sarah Jones,Female,Married,3,Not Graduate,No,2600000,8100000,2,421,4200000,3100000,6200000,2500000,Approved,16000000,3.12,0.51,Medium,Poor,Medium Risk,Not Eligible
2407,Steven S. Thomas,Male,Single,5,Graduate,No,2900000,9800000,12,588,5900000,2300000,6800000,2900000,Approved,17900000,3.38,0.55,Medium,Fair,Medium Risk,Eligible
2408,Paul E. Jones,Male,Single,2,Graduate,Yes,900000,3500000,6,763,2300000,300000,2000000,600000,Approved,5200000,3.89,0.67,Low,Excellent,Low Risk,Eligible
2409,William Gonzalez,Male,Married,3,Not Graduate,Yes,4900000,17500000,20,823,12600000,8700000,14300000,4800000,Approved,40400000,3.57,0.43,Medium,Excellent,Low Risk,Eligible
2410,Thomas Rodriguez,Male,Married,0,Graduate,No,7700000,24800000,10,642,16800000,10700000,27400000,4500000,Approved,59400000,3.22,0.42,Very High,Fair,Medium Risk,Eligible
2411,Margaret S. Jackson,Female,Widowed,1,Graduate,No,4700000,16800000,12,647,10400000,8300000,10600000,3400000,Approved,32700000,3.57,0.51,Medium,Fair,Medium Risk,Eligible
2412,Elizabeth Hernandez,Female,Married,5,Not Graduate,No,3000000,8900000,20,886,2600000,1000000,10600000,2800000,Approved,17000000,2.97,0.52,Medium,Excellent,Low Risk,Eligible
2413,Anthony F. Johnson,Male,Single,4,Not Graduate,No,9700000,26200000,4,518,26200000,0,22500000,14000000,Rejected,62700000,2.7,0.42,Very High,Poor,Medium Risk,Not Eligible
2414,Thomas Garcia,Male,Single,0,Graduate,Yes,6900000,26800000,20,515,10800000,2500000,16700000,8300000,Rejected,38300000,3.88,0.7,High,Poor,Medium Risk,Not Eligible
2415,Ashley Lopez,Female,Divorced,2,Not Graduate,Yes,3800000,12400000,8,340,1800000,2600000,9700000,2600000,Rejected,16700000,3.26,0.74,Medium,Poor,Medium Risk,Not Eligible
2416,Margaret Miller,Female,Single,3,Not Graduate,Yes,600000,1700000,14,521,0,1000000,1700000,600000,Rejected,3300000,2.83,0.52,Low,Poor,Medium Risk,Not Eligible
2417,Linda Q. Rodriguez,Female,Divorced,2,Not Graduate,Yes,1200000,2900000,12,330,400000,1600000,3800000,600000,Rejected,6400000,2.42,0.45,Low,Poor,Medium Risk,Not Eligible
2418,Barbara Rodriguez,Female,Divorced,4,Not Graduate,Yes,7800000,26800000,2,474,8900000,11200000,18400000,5600000,Approved,44100000,3.44,0.61,Very High,Poor,Medium Risk,Not Eligible
2419,Linda I. Hernandez,Female,Single,0,Not Graduate,No,9000000,35100000,6,898,500000,16200000,20700000,9100000,Approved,46500000,3.9,0.75,Very High,Excellent,Low Risk,Eligible
2420,Sandra E. Smith,Female,Single,1,Not Graduate,No,2800000,9100000,12,436,3600000,500000,7800000,3600000,Rejected,15500000,3.25,0.59,Medium,Poor,Medium Risk,Not Eligible
2421,Linda J. Brown,Female,Single,1,Not Graduate,No,7800000,21300000,10,326,22800000,10700000,18500000,4500000,Rejected,56500000,2.73,0.38,Very High,Poor,Medium Risk,Not Eligible
2422,Karen Anderson,Female,Widowed,4,Graduate,Yes,4700000,9500000,18,876,11800000,6600000,18000000,4100000,Approved,40500000,2.02,0.23,Medium,Excellent,Low Risk,Eligible
2423,Paul Garcia,Male,Divorced,2,Graduate,No,4600000,17500000,20,597,11400000,6100000,14100000,4100000,Approved,35700000,3.8,0.49,Medium,Fair,Medium Risk,Eligible
2424,David G. Davis,Male,Married,4,Graduate,No,5100000,16100000,14,436,11400000,2700000,13100000,6700000,Rejected,33900000,3.16,0.47,High,Poor,Medium Risk,Not Eligible
2425,Kimberley S. Martin,Female,Divorced,3,Not Graduate,Yes,6100000,22800000,18,640,16800000,7300000,19600000,6000000,Approved,49700000,3.74,0.46,High,Fair,Medium Risk,Eligible
2426,Andrew W. Lopez,Male,Divorced,0,Not Graduate,No,6000000,22900000,16,302,12200000,6500000,17700000,7100000,Rejected,43500000,3.82,0.53,High,Poor,Medium Risk,Not Eligible
2427,Matthew Garcia,Male,Single,2,Not Graduate,No,8400000,23200000,16,476,15200000,5400000,18700000,8600000,Rejected,47900000,2.76,0.48,Very High,Poor,Medium Risk,Not Eligible
2428,David T. Moore,Male,Married,2,Graduate,No,9300000,22000000,14,393,4300000,3800000,28400000,13900000,Rejected,50400000,2.37,0.44,Very High,Poor,Medium Risk,Not Eligible
2429,Charles M. Johnson,Male,Single,0,Graduate,No,4200000,10300000,10,506,9300000,4500000,12400000,6000000,Rejected,32200000,2.45,0.32,Medium,Poor,Medium Risk,Not Eligible
2430,Ashley Anderson,Female,Married,3,Graduate,No,9600000,37800000,10,418,6700000,5500000,34900000,11300000,Rejected,58400000,3.94,0.65,Very High,Poor,Medium Risk,Not Eligible
2431,Mary Williams,Female,Married,3,Graduate,No,5600000,13400000,6,865,14900000,9700000,12300000,6000000,Approved,42900000,2.39,0.31,High,Excellent,Low Risk,Eligible
2432,Susan C. Martin,Female,Single,4,Graduate,No,7800000,28600000,2,703,500000,12400000,29500000,10500000,Approved,52900000,3.67,0.54,Very High,Good,Low Risk,Eligible
2433,Elizabeth Jones,Female,Single,2,Graduate,Yes,4500000,12600000,2,568,6900000,3900000,17800000,2900000,Approved,31500000,2.8,0.4,Medium,Fair,Medium Risk,Eligible
2434,Anthony M. Garcia,Male,Married,3,Graduate,No,2400000,5900000,2,425,1100000,500000,7400000,2500000,Rejected,11500000,2.46,0.51,Low,Poor,Medium Risk,Not Eligible
2435,Matthew Williams,Male,Divorced,0,Not Graduate,No,3900000,11300000,12,305,5000000,5900000,8800000,2100000,Rejected,21800000,2.9,0.52,Medium,Poor,Medium Risk,Not Eligible
2436,Anthony S. Brown,Male,Divorced,5,Graduate,Yes,9600000,20600000,6,456,17300000,11000000,21700000,11600000,Rejected,61600000,2.15,0.33,Very High,Poor,Medium Risk,Not Eligible
2437,Joseph Anderson,Male,Single,4,Not Graduate,No,900000,2600000,2,602,600000,800000,3200000,1000000,Approved,5600000,2.89,0.46,Low,Fair,Medium Risk,Eligible
2438,Mary Q. Brown,Female,Single,3,Graduate,Yes,1100000,3800000,20,814,1400000,1500000,3200000,1100000,Approved,7200000,3.45,0.53,Low,Excellent,Low Risk,Eligible
2439,Jessica Anderson,Female,Single,4,Not Graduate,No,6400000,24900000,2,640,10000000,5700000,18700000,6300000,Approved,40700000,3.89,0.61,High,Fair,Medium Risk,Eligible
2440,Elizabeth Y. Williams,Female,Divorced,2,Graduate,No,4600000,15000000,4,817,7200000,2400000,13000000,6600000,Approved,29200000,3.26,0.51,Medium,Excellent,Low Risk,Eligible
2441,Sarah Johnson,Female,Divorced,4,Graduate,No,7600000,29800000,20,361,13800000,5800000,15300000,5900000,Rejected,40800000,3.92,0.73,Very High,Poor,Medium Risk,Not Eligible
2442,Donald W. Wilson,Male,Married,5,Not Graduate,No,6800000,20100000,14,839,1900000,600000,15600000,7500000,Approved,25600000,2.96,0.79,High,Excellent,Low Risk,Eligible
2443,Karen C. Davis,Female,Widowed,5,Graduate,No,7100000,27000000,20,592,5100000,9600000,20200000,7600000,Approved,42500000,3.8,0.64,High,Fair,Medium Risk,Eligible
2444,Jessica N. Thomas,Female,Married,4,Not Graduate,Yes,6700000,24700000,6,498,12900000,700000,18800000,8400000,Rejected,40800000,3.69,0.61,High,Poor,Medium Risk,Not Eligible
2445,Charles U. Rodriguez,Male,Married,5,Not Graduate,Yes,5800000,12400000,6,847,5100000,9000000,14100000,7600000,Approved,35800000,2.14,0.35,High,Excellent,Low Risk,Eligible
2446,Sarah Lopez,Female,Single,0,Graduate,Yes,8600000,29400000,16,643,1000000,14100000,33000000,12300000,Approved,60400000,3.42,0.49,Very High,Fair,Medium Risk,Eligible
2447,Jessica Jackson,Female,Married,0,Graduate,Yes,3500000,10600000,4,389,8300000,4800000,9100000,2500000,Approved,24700000,3.03,0.43,Medium,Poor,Medium Risk,Not Eligible
2448,Linda S. Thomas,Female,Single,2,Graduate,Yes,4800000,17500000,20,381,400000,6900000,13400000,7000000,Rejected,27700000,3.65,0.63,Medium,Poor,Medium Risk,Not Eligible
2449,Patricia Martin,Female,Married,5,Graduate,Yes,6100000,14400000,16,400,9200000,2800000,23800000,5600000,Rejected,41400000,2.36,0.35,High,Poor,Medium Risk,Not Eligible
2450,Joshua Brown,Male,Married,5,Graduate,Yes,5200000,12700000,16,718,11700000,100000,18100000,7200000,Approved,37100000,2.44,0.34,High,Good,Low Risk,Eligible
2451,Donna Martin,Female,Single,5,Not Graduate,Yes,4100000,12400000,8,309,8200000,1000000,13000000,3300000,Rejected,25500000,3.02,0.49,Medium,Poor,Medium Risk,Not Eligible
2452,Matthew S. Anderson,Male,Divorced,5,Not Graduate,No,3200000,7400000,2,838,2200000,2900000,10200000,3600000,Approved,18900000,2.31,0.39,Medium,Excellent,Low Risk,Eligible
2453,Anthony A. Wilson,Male,Single,3,Not Graduate,Yes,7500000,21600000,14,678,8800000,12100000,20100000,11200000,Approved,52200000,2.88,0.41,High,Good,Medium Risk,Eligible
2454,James Hernandez,Male,Divorced,2,Not Graduate,Yes,1500000,4500000,14,826,3200000,1700000,4600000,1600000,Approved,11100000,3.0,0.41,Low,Excellent,Low Risk,Eligible
2455,Donald Rodriguez,Male,Married,4,Graduate,Yes,1200000,3100000,16,348,1200000,2200000,3500000,1700000,Rejected,8600000,2.58,0.36,Low,Poor,Medium Risk,Not Eligible
2456,Jessica Rodriguez,Female,Single,1,Graduate,Yes,8400000,19700000,6,476,24700000,16500000,31800000,12100000,Rejected,85100000,2.35,0.23,Very High,Poor,Medium Risk,Not Eligible
2457,Sarah Garcia,Female,Married,0,Not Graduate,Yes,7900000,26300000,8,666,4600000,9200000,18400000,11800000,Approved,44000000,3.33,0.6,Very High,Good,Medium Risk,Eligible
2458,Betty F. Lopez,Female,Married,1,Graduate,Yes,2100000,4300000,20,896,100000,2300000,7500000,2300000,Approved,12200000,2.05,0.35,Low,Excellent,Low Risk,Eligible
2459,Daniel X. Lopez,Male,Married,2,Graduate,No,2500000,7000000,20,547,800000,1200000,5200000,2300000,Rejected,9500000,2.8,0.74,Low,Poor,Medium Risk,Not Eligible
2460,Daniel Martinez,Male,Married,2,Not Graduate,Yes,3700000,13900000,2,405,5900000,3200000,9100000,5500000,Approved,23700000,3.76,0.59,Medium,Poor,Medium Risk,Not Eligible
2461,Lisa Martin,Female,Single,5,Graduate,No,1100000,4000000,16,498,400000,100000,2300000,700000,Rejected,3500000,3.64,1.14,Low,Poor,Medium Risk,Not Eligible
2462,Susan P. Rodriguez,Female,Single,5,Graduate,No,6500000,24800000,8,779,7000000,9600000,15700000,8800000,Approved,41100000,3.82,0.6,High,Excellent,Low Risk,Eligible
2463,Nancy K. Garcia,Female,Single,0,Not Graduate,Yes,8200000,31500000,8,403,11500000,8800000,19000000,6100000,Rejected,45400000,3.84,0.69,Very High,Poor,Medium Risk,Not Eligible
2464,Joshua W. Martinez,Male,Married,2,Not Graduate,No,5000000,12400000,8,709,11300000,6800000,13300000,4200000,Approved,35600000,2.48,0.35,Medium,Good,Low Risk,Eligible
2465,Emily Moore,Female,Married,1,Not Graduate,No,1500000,6000000,6,507,2600000,2700000,4800000,1900000,Rejected,12000000,4.0,0.5,Low,Poor,Medium Risk,Not Eligible
2466,Joseph Williams,Male,Married,5,Not Graduate,No,3700000,9100000,18,368,3400000,2400000,8400000,3300000,Rejected,17500000,2.46,0.52,Medium,Poor,Medium Risk,Not Eligible
2467,Sarah R. Jones,Female,Single,3,Graduate,Yes,4100000,14600000,16,760,4700000,6600000,14900000,3000000,Approved,29200000,3.56,0.5,Medium,Excellent,Low Risk,Eligible
2468,Anthony X. Brown,Male,Married,2,Not Graduate,No,7200000,16800000,6,796,6600000,6100000,14400000,9800000,Approved,36900000,2.33,0.46,High,Excellent,Low Risk,Eligible
2469,Michelle K. Jackson,Female,Widowed,1,Graduate,No,2000000,5000000,6,876,500000,2900000,5800000,1500000,Approved,10700000,2.5,0.47,Low,Excellent,Low Risk,Eligible
2470,Patricia V. Davis,Female,Widowed,3,Not Graduate,No,2000000,4700000,14,673,800000,3400000,5900000,1500000,Approved,11600000,2.35,0.41,Low,Good,Medium Risk,Eligible
2471,Steven H. Davis,Male,Single,1,Graduate,Yes,5100000,11500000,4,747,5000000,8900000,14100000,7000000,Approved,35000000,2.25,0.33,High,Good,Low Risk,Eligible
2472,Donald Miller,Male,Single,1,Not Graduate,No,6000000,13600000,12,589,9000000,300000,12600000,7100000,Approved,29000000,2.27,0.47,High,Fair,Medium Risk,Eligible
2473,Kenneth N. Thomas,Male,Married,1,Graduate,No,4900000,18100000,8,382,13600000,400000,15500000,2400000,Rejected,31900000,3.69,0.57,Medium,Poor,Medium Risk,Not Eligible
2474,Mark S. Garcia,Male,Single,3,Not Graduate,Yes,900000,2300000,12,900,1300000,0,3300000,1100000,Approved,5700000,2.56,0.4,Low,Excellent,Low Risk,Eligible
2475,Sarah I. Lopez,Female,Married,1,Graduate,Yes,7500000,25000000,18,628,3500000,2200000,21700000,4700000,Approved,32100000,3.33,0.78,High,Fair,Medium Risk,Eligible
2476,Jessica C. Hernandez,Female,Divorced,2,Graduate,No,6400000,25000000,12,667,13500000,5500000,25500000,5400000,Approved,49900000,3.91,0.5,High,Good,Medium Risk,Eligible
2477,Daniel S. Davis,Male,Single,2,Graduate,Yes,8700000,26400000,2,778,8500000,2400000,28800000,10300000,Approved,50000000,3.03,0.53,Very High,Excellent,Low Risk,Eligible
2478,Emily Hernandez,Female,Married,4,Graduate,Yes,7300000,17200000,18,831,18500000,4300000,23000000,5200000,Approved,51000000,2.36,0.34,High,Excellent,Low Risk,Eligible
2479,Matthew H. Moore,Male,Married,5,Graduate,No,7400000,27100000,4,320,19800000,14600000,25200000,9400000,Approved,69000000,3.66,0.39,High,Poor,Medium Risk,Not Eligible
2480,Donald Martin,Male,Married,2,Graduate,No,2700000,9300000,16,656,7700000,2500000,6400000,3600000,Approved,20200000,3.44,0.46,Medium,Good,Medium Risk,Eligible
2481,Richard R. Smith,Male,Married,3,Graduate,No,3400000,8900000,6,896,4200000,4800000,10200000,4200000,Approved,23400000,2.62,0.38,Medium,Excellent,Low Risk,Eligible
2482,Ashley Jones,Female,Single,3,Not Graduate,Yes,2100000,7400000,4,320,3300000,2700000,6300000,2200000,Approved,14500000,3.52,0.51,Low,Poor,Medium Risk,Not Eligible
2483,Donna X. Rodriguez,Female,Single,2,Not Graduate,No,3100000,10500000,10,751,5500000,5900000,9000000,1600000,Approved,22000000,3.39,0.48,Medium,Excellent,Low Risk,Eligible
2484,Sandra G. Jones,Female,Married,5,Not Graduate,No,4700000,17400000,2,523,10600000,7000000,10900000,5200000,Approved,33700000,3.7,0.52,Medium,Poor,Medium Risk,Not Eligible
2485,Emily Martinez,Female,Married,5,Graduate,No,3100000,10500000,6,584,7700000,2100000,10900000,2900000,Approved,23600000,3.39,0.44,Medium,Fair,Medium Risk,Eligible
2486,Elizabeth S. Moore,Female,Single,2,Not Graduate,No,5700000,20400000,2,630,3000000,3100000,22600000,2900000,Approved,31600000,3.58,0.65,High,Fair,Medium Risk,Eligible
2487,Kenneth L. Johnson,Male,Married,3,Graduate,Yes,2300000,8000000,14,472,4400000,3300000,7700000,1800000,Rejected,17200000,3.48,0.47,Low,Poor,Medium Risk,Not Eligible
2488,Kenneth X. Williams,Male,Single,0,Not Graduate,Yes,6600000,18500000,16,802,14600000,1100000,21800000,9700000,Approved,47200000,2.8,0.39,High,Excellent,Low Risk,Eligible
2489,Thomas F. Martin,Male,Married,2,Graduate,Yes,2700000,6400000,18,547,5000000,1700000,9200000,1700000,Rejected,17600000,2.37,0.36,Medium,Poor,Medium Risk,Not Eligible
2490,Steven Brown,Male,Single,1,Not Graduate,Yes,800000,2800000,16,726,2000000,1300000,3100000,1200000,Approved,7600000,3.5,0.37,Low,Good,Low Risk,Eligible
2491,Donna M. Gonzalez,Female,Married,1,Graduate,No,6600000,18500000,8,712,2300000,3200000,24400000,7600000,Approved,37500000,2.8,0.49,High,Good,Low Risk,Eligible
2492,Daniel Garcia,Male,Single,3,Graduate,No,3900000,10700000,6,790,10600000,1900000,12500000,2700000,Approved,27700000,2.74,0.39,Medium,Excellent,Low Risk,Eligible
2493,Sarah Thomas,Female,Single,5,Not Graduate,No,200000,600000,16,396,0,0,500000,200000,Rejected,700000,3.0,0.86,Low,Poor,Medium Risk,Not Eligible
2494,Thomas U. Lopez,Male,Single,3,Graduate,No,2000000,4200000,6,831,1300000,1700000,6900000,1200000,Approved,11100000,2.1,0.38,Low,Excellent,Low Risk,Eligible
2495,Linda Taylor,Female,Divorced,2,Graduate,Yes,9100000,20900000,20,632,4200000,400000,30000000,13200000,Approved,47800000,2.3,0.44,Very High,Fair,Medium Risk,Eligible
2496,Andrew D. Johnson,Male,Single,3,Graduate,No,4700000,10800000,8,527,13300000,3100000,13600000,4800000,Rejected,34800000,2.3,0.31,Medium,Poor,Medium Risk,Not Eligible
2497,James Hernandez,Male,Single,3,Not Graduate,Yes,3200000,11100000,6,708,8900000,5700000,8100000,1500000,Approved,24200000,3.47,0.46,Medium,Good,Low Risk,Eligible
2498,Jennifer Garcia,Female,Married,2,Not Graduate,No,1700000,4200000,14,829,200000,1600000,4600000,1600000,Approved,8000000,2.47,0.52,Low,Excellent,Low Risk,Eligible
2499,Andrew D. Miller,Male,Divorced,1,Not Graduate,No,2600000,8100000,12,854,4500000,5100000,6300000,2500000,Approved,18400000,3.12,0.44,Medium,Excellent,Low Risk,Eligible
2500,Kenneth O. Lopez,Male,Married,3,Not Graduate,Yes,2700000,6700000,14,899,2400000,4200000,6000000,2000000,Approved,14600000,2.48,0.46,Medium,Excellent,Low Risk,Eligible
2501,Paul O. Jones,Male,Single,0,Not Graduate,Yes,3600000,13400000,6,589,3600000,0,11200000,4000000,Approved,18800000,3.72,0.71,Medium,Fair,Medium Risk,Eligible
2502,Andrew J. Brown,Male,Divorced,4,Graduate,Yes,7200000,26000000,6,571,4700000,0,22600000,4200000,Approved,31500000,3.61,0.83,High,Fair,Medium Risk,Eligible
2503,Matthew F. Garcia,Male,Divorced,2,Not Graduate,Yes,2500000,6400000,6,708,6900000,200000,9900000,3500000,Approved,20500000,2.56,0.31,Low,Good,Low Risk,Eligible
2504,Susan Martin,Female,Married,2,Not Graduate,No,5500000,19600000,16,328,2400000,4800000,10900000,3700000,Rejected,21800000,3.56,0.9,High,Poor,Medium Risk,Not Eligible
2505,Margaret Z. Moore,Female,Married,3,Graduate,Yes,9200000,33500000,8,564,20800000,15200000,29800000,11400000,Approved,77200000,3.64,0.43,Very High,Fair,Medium Risk,Eligible
2506,Andrew Williams,Male,Single,3,Not Graduate,No,9000000,19000000,8,693,18300000,4500000,29600000,7200000,Approved,59600000,2.11,0.32,Very High,Good,Medium Risk,Eligible
2507,Steven B. Miller,Male,Single,4,Not Graduate,Yes,5900000,15000000,14,626,16400000,4600000,17600000,8200000,Approved,46800000,2.54,0.32,High,Fair,Medium Risk,Eligible
2508,Donna C. Brown,Female,Married,4,Graduate,No,5600000,15600000,12,470,9900000,10700000,14600000,7000000,Rejected,42200000,2.79,0.37,High,Poor,Medium Risk,Not Eligible
2509,Kimberley R. Jackson,Female,Married,2,Not Graduate,Yes,3200000,12500000,8,849,400000,5300000,10400000,4400000,Approved,20500000,3.91,0.61,Medium,Excellent,Low Risk,Eligible
2510,Christopher Hernandez,Male,Married,5,Not Graduate,No,9100000,27800000,16,547,21900000,7000000,31900000,9400000,Rejected,70200000,3.05,0.4,Very High,Poor,Medium Risk,Not Eligible
2511,Sandra Gonzalez,Female,Single,0,Not Graduate,Yes,4600000,15100000,2,417,5600000,3900000,11800000,6600000,Approved,27900000,3.28,0.54,Medium,Poor,Medium Risk,Not Eligible
2512,Steven Brown,Male,Married,4,Graduate,No,7300000,14900000,2,358,13600000,12300000,20400000,7300000,Rejected,53600000,2.04,0.28,High,Poor,Medium Risk,Not Eligible
2513,Karen Y. Thomas,Female,Single,5,Not Graduate,Yes,1300000,3100000,16,826,200000,1700000,5100000,1400000,Approved,8400000,2.38,0.37,Low,Excellent,Low Risk,Eligible
2514,Paul Johnson,Male,Single,0,Not Graduate,No,1800000,4200000,6,836,1300000,1900000,6800000,2000000,Approved,12000000,2.33,0.35,Low,Excellent,Low Risk,Eligible
2515,Daniel B. Johnson,Male,Widowed,3,Graduate,No,500000,1700000,10,509,400000,300000,1400000,300000,Rejected,2400000,3.4,0.71,Low,Poor,Medium Risk,Not Eligible
2516,Susan B. Lopez,Female,Married,2,Not Graduate,Yes,5700000,20500000,20,581,15200000,7800000,11400000,8500000,Approved,42900000,3.6,0.48,High,Fair,Medium Risk,Eligible
2517,Kimberley Q. Taylor,Female,Single,4,Graduate,No,300000,1100000,4,359,100000,0,1000000,200000,Approved,1300000,3.67,0.85,Low,Poor,Medium Risk,Not Eligible
2518,Joseph Brown,Male,Single,5,Graduate,Yes,2100000,7100000,10,517,1200000,2900000,5400000,1400000,Rejected,10900000,3.38,0.65,Low,Poor,Medium Risk,Not Eligible
2519,Daniel P. Williams,Male,Single,1,Not Graduate,Yes,5700000,20100000,14,442,11700000,7300000,17900000,6500000,Rejected,43400000,3.53,0.46,High,Poor,Medium Risk,Not Eligible
2520,Robert Gonzalez,Male,Married,1,Not Graduate,Yes,1100000,2700000,16,346,1900000,300000,2200000,800000,Rejected,5200000,2.45,0.52,Low,Poor,Medium Risk,Not Eligible
2521,Mary K. Davis,Female,Widowed,5,Graduate,No,9300000,34000000,6,742,4200000,600000,32800000,8200000,Approved,45800000,3.66,0.74,Very High,Good,Low Risk,Eligible
2522,Jessica M. Lopez,Female,Single,1,Graduate,Yes,3500000,8100000,10,626,7100000,5500000,7200000,2900000,Approved,22700000,2.31,0.36,Medium,Fair,Medium Risk,Eligible
2523,Kenneth I. Davis,Male,Divorced,0,Not Graduate,Yes,8200000,28800000,4,619,9000000,1100000,23000000,6300000,Approved,39400000,3.51,0.73,Very High,Fair,Medium Risk,Eligible
2524,Donna Martinez,Female,Divorced,2,Not Graduate,Yes,7500000,17900000,20,734,9100000,5500000,23000000,4900000,Approved,42500000,2.39,0.42,High,Good,Low Risk,Eligible
2525,Sandra Smith,Female,Married,1,Graduate,Yes,7000000,25600000,6,420,15100000,11500000,15300000,8700000,Rejected,50600000,3.66,0.51,High,Poor,Medium Risk,Not Eligible
2526,Susan Thomas,Female,Single,5,Not Graduate,Yes,3900000,8300000,18,600,3900000,600000,10400000,5600000,Approved,20500000,2.13,0.4,Medium,Fair,Medium Risk,Eligible
2527,Patricia Anderson,Female,Married,3,Graduate,Yes,4700000,13200000,12,440,4000000,3300000,16600000,4300000,Rejected,28200000,2.81,0.47,Medium,Poor,Medium Risk,Not Eligible
2528,William Brown,Male,Married,5,Not Graduate,Yes,1700000,5200000,16,820,1700000,1200000,4000000,1000000,Approved,7900000,3.06,0.66,Low,Excellent,Low Risk,Eligible
2529,Richard Moore,Male,Divorced,0,Graduate,No,2500000,7800000,8,437,5800000,0,5800000,3300000,Rejected,14900000,3.12,0.52,Low,Poor,Medium Risk,Not Eligible
2530,Betty J. Martinez,Female,Divorced,1,Not Graduate,Yes,400000,1400000,12,468,700000,0,1500000,400000,Rejected,2600000,3.5,0.54,Low,Poor,Medium Risk,Not Eligible
2531,Linda Brown,Female,Divorced,0,Not Graduate,Yes,2400000,9100000,8,368,2200000,200000,5600000,3300000,Rejected,11300000,3.79,0.81,Low,Poor,Medium Risk,Not Eligible
2532,Michael G. Moore,Male,Single,4,Graduate,No,5700000,21900000,2,871,3200000,1700000,14400000,6100000,Approved,25400000,3.84,0.86,High,Excellent,Low Risk,Eligible
2533,Steven Thomas,Male,Single,1,Graduate,No,9800000,37900000,4,816,21800000,12200000,26100000,8500000,Approved,68600000,3.87,0.55,Very High,Excellent,Low Risk,Eligible
2534,Barbara Z. Williams,Female,Single,5,Graduate,No,9000000,32800000,4,773,10600000,4100000,18900000,11500000,Approved,45100000,3.64,0.73,Very High,Excellent,Low Risk,Eligible
2535,Michelle Lopez,Female,Single,3,Not Graduate,No,800000,3000000,14,576,1200000,1300000,2600000,400000,Approved,5500000,3.75,0.55,Low,Fair,Medium Risk,Eligible
2536,Paul X. Miller,Male,Single,1,Graduate,No,1600000,4500000,14,673,1900000,2700000,3700000,1300000,Approved,9600000,2.81,0.47,Low,Good,Medium Risk,Eligible
2537,David I. Hernandez,Male,Divorced,0,Graduate,Yes,9800000,34100000,20,760,21500000,9400000,33400000,13600000,Approved,77900000,3.48,0.44,Very High,Excellent,Low Risk,Eligible
2538,Margaret B. Miller,Female,Single,5,Not Graduate,Yes,2900000,7500000,12,678,3400000,3000000,10900000,3700000,Approved,21000000,2.59,0.36,Medium,Good,Medium Risk,Eligible
2539,Christopher Taylor,Male,Single,4,Not Graduate,Yes,3900000,12000000,14,893,6000000,4700000,12900000,5200000,Approved,28800000,3.08,0.42,Medium,Excellent,Low Risk,Eligible
2540,Daniel Anderson,Male,Married,0,Graduate,Yes,3300000,9000000,18,754,6100000,3900000,6900000,4700000,Approved,21600000,2.73,0.42,Medium,Excellent,Low Risk,Eligible
2541,Kenneth Taylor,Male,Single,3,Graduate,Yes,700000,2200000,8,617,1600000,400000,2400000,900000,Approved,5300000,3.14,0.42,Low,Fair,Medium Risk,Eligible
2542,Patricia N. Brown,Female,Married,3,Not Graduate,Yes,8400000,29500000,20,661,14600000,3400000,28900000,10900000,Approved,57800000,3.51,0.51,Very High,Good,Medium Risk,Eligible
2543,Kenneth K. Garcia,Male,Single,1,Graduate,Yes,4000000,12100000,12,356,10500000,2500000,15600000,5000000,Rejected,33600000,3.02,0.36,Medium,Poor,Medium Risk,Not Eligible
2544,William Davis,Male,Single,0,Not Graduate,Yes,1900000,6300000,16,811,1100000,100000,5100000,1900000,Approved,8200000,3.32,0.77,Low,Excellent,Low Risk,Eligible
2545,Anthony Jackson,Male,Single,0,Not Graduate,No,3900000,14600000,2,730,9200000,4000000,14600000,5400000,Approved,33200000,3.74,0.44,Medium,Good,Low Risk,Eligible
2546,Joshua Moore,Male,Married,5,Not Graduate,No,7400000,18000000,2,792,5300000,9400000,19900000,5300000,Approved,39900000,2.43,0.45,High,Excellent,Low Risk,Eligible
2547,Donna Gonzalez,Female,Married,5,Not Graduate,Yes,5900000,16000000,6,798,15900000,5000000,12300000,3100000,Approved,36300000,2.71,0.44,High,Excellent,Low Risk,Eligible
2548,Jessica L. Thomas,Female,Widowed,2,Not Graduate,No,1400000,2900000,12,490,600000,1600000,5500000,1300000,Rejected,9000000,2.07,0.32,Low,Poor,Medium Risk,Not Eligible
2549,Ashley Jones,Female,Divorced,2,Graduate,Yes,1800000,5500000,6,448,2900000,300000,5600000,1300000,Rejected,10100000,3.06,0.54,Low,Poor,Medium Risk,Not Eligible
2550,David F. Martinez,Male,Widowed,0,Graduate,Yes,1000000,3100000,6,525,1900000,1700000,2800000,1400000,Rejected,7800000,3.1,0.4,Low,Poor,Medium Risk,Not Eligible
2551,Sarah Garcia,Female,Single,1,Graduate,No,7400000,19200000,20,415,2200000,4800000,29200000,7000000,Rejected,43200000,2.59,0.44,High,Poor,Medium Risk,Not Eligible
2552,Elizabeth Johnson,Female,Married,5,Graduate,No,2700000,10600000,16,496,800000,2900000,9700000,2400000,Rejected,15800000,3.93,0.67,Medium,Poor,Medium Risk,Not Eligible
2553,Anthony L. Jones,Male,Single,1,Not Graduate,Yes,3600000,13100000,8,543,2900000,100000,9900000,2700000,Rejected,15600000,3.64,0.84,Medium,Poor,Medium Risk,Not Eligible
2554,Sandra Wilson,Female,Married,5,Graduate,No,7000000,18400000,12,520,4700000,11900000,17000000,3800000,Rejected,37400000,2.63,0.49,High,Poor,Medium Risk,Not Eligible
2555,Margaret Lopez,Female,Married,4,Not Graduate,Yes,5000000,18000000,14,307,5300000,5600000,12800000,3300000,Rejected,27000000,3.6,0.67,Medium,Poor,Medium Risk,Not Eligible
2556,Paul Miller,Male,Married,2,Graduate,No,1800000,5700000,14,502,1400000,1100000,4400000,1300000,Rejected,8200000,3.17,0.7,Low,Poor,Medium Risk,Not Eligible
2557,Kenneth R. Lopez,Male,Divorced,2,Graduate,Yes,4700000,12000000,6,505,3400000,3800000,18000000,2300000,Rejected,27500000,2.55,0.44,Medium,Poor,Medium Risk,Not Eligible
2558,Nancy Martinez,Female,Single,2,Not Graduate,Yes,6700000,23100000,4,304,14400000,7100000,24300000,10000000,Approved,55800000,3.45,0.41,High,Poor,Medium Risk,Not Eligible
2559,Andrew Anderson,Male,Married,5,Not Graduate,No,5800000,17500000,10,719,5800000,1900000,12400000,3100000,Approved,23200000,3.02,0.75,High,Good,Low Risk,Eligible
2560,Patricia Miller,Female,Married,0,Graduate,Yes,5900000,22700000,18,855,13400000,6300000,14500000,4000000,Approved,38200000,3.85,0.59,High,Excellent,Low Risk,Eligible
2561,Anthony Taylor,Male,Divorced,4,Not Graduate,No,6000000,15800000,18,593,6800000,4800000,13200000,6400000,Approved,31200000,2.63,0.51,High,Fair,Medium Risk,Eligible
2562,Joseph F. Gonzalez,Male,Single,1,Not Graduate,Yes,700000,1400000,10,523,700000,1100000,1600000,900000,Rejected,4300000,2.0,0.33,Low,Poor,Medium Risk,Not Eligible
2563,Anthony G. Jackson,Male,Single,0,Not Graduate,Yes,3700000,13100000,14,385,10600000,6800000,9200000,4900000,Rejected,31500000,3.54,0.42,Medium,Poor,Medium Risk,Not Eligible
2564,Margaret E. Davis,Female,Married,0,Graduate,Yes,7100000,19300000,6,783,3900000,4800000,21800000,5000000,Approved,35500000,2.72,0.54,High,Excellent,Low Risk,Eligible
2565,Lisa T. Martin,Female,Married,5,Graduate,Yes,1100000,3900000,2,538,400000,1300000,4300000,1600000,Approved,7600000,3.55,0.51,Low,Poor,Medium Risk,Not Eligible
2566,William Williams,Male,Single,3,Not Graduate,Yes,9500000,20100000,2,506,16800000,800000,32700000,11000000,Rejected,61300000,2.12,0.33,Very High,Poor,Medium Risk,Not Eligible
2567,Daniel Williams,Male,Divorced,4,Not Graduate,Yes,2200000,8600000,2,461,1400000,3000000,4700000,2100000,Approved,11200000,3.91,0.77,Low,Poor,Medium Risk,Not Eligible
2568,David Miller,Male,Single,4,Not Graduate,Yes,5500000,20000000,8,666,3800000,4700000,18000000,7900000,Approved,34400000,3.64,0.58,High,Good,Medium Risk,Eligible
2569,Donna Anderson,Female,Married,3,Not Graduate,Yes,4400000,16300000,20,561,5500000,8000000,12000000,4000000,Approved,29500000,3.7,0.55,Medium,Fair,Medium Risk,Eligible
2570,Karen F. Brown,Female,Divorced,5,Not Graduate,No,5000000,10800000,10,345,12300000,5000000,14100000,6300000,Rejected,37700000,2.16,0.29,Medium,Poor,Medium Risk,Not Eligible
2571,Richard Wilson,Male,Divorced,4,Not Graduate,Yes,6100000,12500000,14,862,11300000,1500000,21900000,6800000,Approved,41500000,2.05,0.3,High,Excellent,Low Risk,Eligible
2572,Barbara P. Moore,Female,Married,3,Not Graduate,No,8100000,22300000,10,686,20400000,8700000,19200000,6200000,Approved,54500000,2.75,0.41,Very High,Good,Medium Risk,Eligible
2573,Jessica E. Brown,Female,Divorced,4,Graduate,Yes,7000000,19600000,8,708,17600000,2600000,24300000,4500000,Approved,49000000,2.8,0.4,High,Good,Low Risk,Eligible
2574,Robert P. Jones,Male,Single,4,Not Graduate,No,5600000,14800000,20,656,9600000,9200000,11600000,6500000,Approved,36900000,2.64,0.4,High,Good,Medium Risk,Eligible
2575,James L. Jackson,Male,Divorced,4,Graduate,No,1800000,7000000,14,743,2600000,1000000,4500000,1500000,Approved,9600000,3.89,0.73,Low,Good,Low Risk,Eligible
2576,Donald V. Smith,Male,Married,2,Graduate,No,3600000,12100000,14,408,10100000,4200000,13000000,5400000,Rejected,32700000,3.36,0.37,Medium,Poor,Medium Risk,Not Eligible
2577,Jennifer Lopez,Female,Single,5,Graduate,No,600000,1300000,14,408,1000000,300000,1600000,900000,Rejected,3800000,2.17,0.34,Low,Poor,Medium Risk,Not Eligible
2578,Betty Jones,Female,Divorced,1,Graduate,Yes,4900000,16500000,12,439,7500000,1400000,10300000,7200000,Rejected,26400000,3.37,0.62,Medium,Poor,Medium Risk,Not Eligible
2579,Daniel Z. Martinez,Male,Single,3,Graduate,Yes,3000000,7100000,6,415,2000000,5700000,9500000,2500000,Rejected,19700000,2.37,0.36,Medium,Poor,Medium Risk,Not Eligible
2580,Mary N. Martin,Female,Widowed,0,Not Graduate,Yes,3800000,10600000,12,490,3300000,6500000,14400000,3100000,Rejected,27300000,2.79,0.39,Medium,Poor,Medium Risk,Not Eligible
2581,Sarah Q. Miller,Female,Divorced,1,Graduate,Yes,7600000,30000000,16,884,13300000,3600000,17200000,10800000,Approved,44900000,3.95,0.67,Very High,Excellent,Low Risk,Eligible
2582,Steven B. Hernandez,Male,Married,4,Graduate,No,7800000,25400000,18,425,3000000,14000000,30500000,7200000,Rejected,54700000,3.26,0.46,Very High,Poor,Medium Risk,Not Eligible
2583,Sarah K. Anderson,Female,Single,0,Graduate,No,6800000,21700000,20,730,17500000,1300000,18600000,3600000,Approved,41000000,3.19,0.53,High,Good,Low Risk,Eligible
2584,Jennifer E. Hernandez,Female,Divorced,4,Graduate,Yes,5900000,17300000,20,657,1500000,5600000,13000000,4100000,Approved,24200000,2.93,0.71,High,Good,Medium Risk,Eligible
2585,Joshua Smith,Male,Single,2,Not Graduate,No,4900000,16800000,10,480,2200000,8900000,12600000,2700000,Rejected,26400000,3.43,0.64,Medium,Poor,Medium Risk,Not Eligible
2586,Betty Gonzalez,Female,Married,3,Not Graduate,Yes,1100000,3100000,16,356,1300000,100000,3000000,1600000,Rejected,6000000,2.82,0.52,Low,Poor,Medium Risk,Not Eligible
2587,Lisa Z. Lopez,Female,Married,1,Not Graduate,Yes,9800000,36000000,12,629,28000000,4100000,29800000,11200000,Approved,73100000,3.67,0.49,Very High,Fair,Medium Risk,Eligible
2588,Elizabeth R. Lopez,Female,Single,1,Graduate,Yes,1200000,4700000,2,667,1100000,300000,4200000,800000,Approved,6400000,3.92,0.73,Low,Good,Medium Risk,Eligible
2589,Sarah V. Williams,Female,Single,0,Not Graduate,No,4700000,11500000,18,559,7500000,0,18700000,2600000,Approved,28800000,2.45,0.4,Medium,Fair,Medium Risk,Eligible
2590,Kimberley Brown,Female,Single,4,Graduate,No,6700000,16000000,4,791,0,13000000,20700000,5200000,Approved,38900000,2.39,0.41,High,Excellent,Low Risk,Eligible
2591,Thomas Williams,Male,Single,0,Not Graduate,Yes,3700000,11300000,6,538,6200000,400000,10400000,5400000,Rejected,22400000,3.05,0.5,Medium,Poor,Medium Risk,Not Eligible
2592,Michael Williams,Male,Single,2,Graduate,No,7400000,16000000,20,358,16700000,5500000,26800000,4300000,Rejected,53300000,2.16,0.3,High,Poor,Medium Risk,Not Eligible
2593,Michelle Williams,Female,Married,2,Not Graduate,No,3300000,11700000,14,439,4000000,6300000,8300000,1700000,Rejected,20300000,3.55,0.58,Medium,Poor,Medium Risk,Not Eligible
2594,Lisa B. Brown,Female,Married,2,Graduate,Yes,4800000,15300000,12,503,3300000,4000000,12000000,4300000,Rejected,23600000,3.19,0.65,Medium,Poor,Medium Risk,Not Eligible
2595,Michael Garcia,Male,Divorced,4,Graduate,Yes,4600000,11900000,6,810,11200000,8200000,17500000,5200000,Approved,42100000,2.59,0.28,Medium,Excellent,Low Risk,Eligible
2596,Mark Davis,Male,Married,1,Graduate,Yes,8000000,30600000,14,302,12700000,13100000,23900000,6800000,Rejected,56500000,3.82,0.54,Very High,Poor,Medium Risk,Not Eligible
2597,Lisa Taylor,Female,Married,0,Not Graduate,No,4100000,8800000,18,300,10900000,6400000,8600000,3500000,Rejected,29400000,2.15,0.3,Medium,Poor,Medium Risk,Not Eligible
2598,Michelle Garcia,Female,Married,4,Not Graduate,No,2600000,7200000,16,612,1300000,1000000,5800000,1400000,Approved,9500000,2.77,0.76,Medium,Fair,Medium Risk,Eligible
2599,Donald C. Garcia,Male,Single,3,Not Graduate,No,1300000,5000000,6,686,2700000,2000000,4100000,900000,Approved,9700000,3.85,0.52,Low,Good,Medium Risk,Eligible
2600,Charles S. Jones,Male,Widowed,0,Graduate,Yes,2300000,4900000,12,409,3300000,2400000,4700000,3200000,Rejected,13600000,2.13,0.36,Low,Poor,Medium Risk,Not Eligible
2601,Michael Miller,Male,Single,5,Graduate,No,300000,900000,6,492,800000,300000,700000,400000,Rejected,2200000,3.0,0.41,Low,Poor,Medium Risk,Not Eligible
2602,Richard S. Gonzalez,Male,Single,0,Graduate,Yes,7000000,21700000,20,498,6600000,5500000,14700000,3900000,Rejected,30700000,3.1,0.71,High,Poor,Medium Risk,Not Eligible
2603,Kimberley Martinez,Female,Single,3,Not Graduate,Yes,4400000,10900000,18,611,8600000,6300000,8800000,3000000,Approved,26700000,2.48,0.41,Medium,Fair,Medium Risk,Eligible
2604,Jessica Taylor,Female,Divorced,5,Not Graduate,Yes,5100000,11800000,6,776,7600000,400000,10500000,4400000,Approved,22900000,2.31,0.52,High,Excellent,Low Risk,Eligible
2605,Karen Garcia,Female,Single,1,Not Graduate,No,5900000,13000000,6,779,10800000,11600000,13100000,6600000,Approved,42100000,2.2,0.31,High,Excellent,Low Risk,Eligible
2606,Patricia N. Martin,Female,Single,3,Graduate,Yes,7800000,27200000,16,560,3600000,8100000,21800000,8600000,Approved,42100000,3.49,0.65,Very High,Fair,Medium Risk,Eligible
2607,Mary Williams,Female,Married,4,Graduate,Yes,2200000,5100000,6,308,3200000,2600000,6600000,3100000,Rejected,15500000,2.32,0.33,Low,Poor,Medium Risk,Not Eligible
2608,Michelle X. Williams,Female,Married,4,Not Graduate,No,5400000,12600000,18,786,300000,2500000,21000000,6600000,Approved,30400000,2.33,0.41,High,Excellent,Low Risk,Eligible
2609,Nancy Thomas,Female,Single,1,Not Graduate,No,7400000,29100000,8,597,12100000,4800000,16300000,7000000,Approved,40200000,3.93,0.72,High,Fair,Medium Risk,Eligible
2610,Lisa G. Moore,Female,Single,4,Graduate,No,5800000,12000000,12,811,9400000,8800000,14200000,3100000,Approved,35500000,2.07,0.34,High,Excellent,Low Risk,Eligible
2611,Robert Lopez,Male,Divorced,1,Graduate,Yes,5800000,13000000,12,862,11300000,8400000,12000000,3900000,Approved,35600000,2.24,0.37,High,Excellent,Low Risk,Eligible
2612,Betty O. Anderson,Female,Married,3,Not Graduate,Yes,4800000,14200000,12,369,3200000,200000,14000000,3000000,Rejected,20400000,2.96,0.7,Medium,Poor,Medium Risk,Not Eligible
2613,Anthony E. Wilson,Male,Married,1,Not Graduate,Yes,7400000,23900000,4,687,20800000,10900000,26100000,5600000,Approved,63400000,3.23,0.38,High,Good,Medium Risk,Eligible
2614,Elizabeth Gonzalez,Female,Married,0,Not Graduate,Yes,9600000,19600000,12,500,21500000,700000,37600000,10900000,Rejected,70700000,2.04,0.28,Very High,Poor,Medium Risk,Not Eligible
2615,David G. Jackson,Male,Single,2,Not Graduate,Yes,200000,500000,6,746,400000,0,500000,0,Approved,900000,2.5,0.56,Low,Good,Low Risk,Eligible
2616,Ashley Jones,Female,Single,4,Not Graduate,No,700000,2100000,14,619,1900000,700000,2400000,1000000,Approved,6000000,3.0,0.35,Low,Fair,Medium Risk,Eligible
2617,Betty Garcia,Female,Divorced,2,Not Graduate,No,7600000,16700000,20,692,9900000,9600000,25100000,7400000,Approved,52000000,2.2,0.32,Very High,Good,Medium Risk,Eligible
2618,Jessica Miller,Female,Married,1,Not Graduate,Yes,1400000,3300000,18,321,900000,1500000,3000000,700000,Rejected,6100000,2.36,0.54,Low,Poor,Medium Risk,Not Eligible
2619,Sandra Garcia,Female,Married,2,Not Graduate,Yes,3800000,15000000,14,730,10800000,2900000,10700000,3600000,Approved,28000000,3.95,0.54,Medium,Good,Low Risk,Eligible
2620,Linda W. Williams,Female,Married,3,Not Graduate,No,2700000,10800000,6,480,4400000,0,10300000,3500000,Rejected,18200000,4.0,0.59,Medium,Poor,Medium Risk,Not Eligible
2621,Elizabeth P. Davis,Female,Married,2,Not Graduate,Yes,5000000,10700000,2,753,12600000,9000000,11500000,5700000,Approved,38800000,2.14,0.28,Medium,Excellent,Low Risk,Eligible
2622,Ashley U. Smith,Female,Single,4,Graduate,Yes,9000000,28900000,6,637,11300000,1200000,33000000,4800000,Approved,50300000,3.21,0.57,Very High,Fair,Medium Risk,Eligible
2623,Michelle T. Wilson,Female,Single,3,Graduate,No,3700000,9000000,6,483,9300000,400000,9900000,3600000,Rejected,23200000,2.43,0.39,Medium,Poor,Medium Risk,Not Eligible
2624,Lisa E. Lopez,Female,Single,4,Not Graduate,Yes,300000,1100000,4,315,700000,100000,900000,100000,Approved,1800000,3.67,0.61,Low,Poor,Medium Risk,Not Eligible
2625,Jennifer Smith,Female,Married,4,Graduate,No,1800000,4100000,8,777,2200000,2500000,3600000,1900000,Approved,10200000,2.28,0.4,Low,Excellent,Low Risk,Eligible
2626,Daniel K. Davis,Male,Married,2,Graduate,No,7900000,17700000,4,402,20900000,11800000,25600000,8400000,Rejected,66700000,2.24,0.27,Very High,Poor,Medium Risk,Not Eligible
2627,Sarah Moore,Female,Married,4,Graduate,Yes,2100000,7700000,8,493,4300000,400000,4400000,1300000,Rejected,10400000,3.67,0.74,Low,Poor,Medium Risk,Not Eligible
2628,David S. Hernandez,Male,Widowed,0,Graduate,Yes,900000,3100000,4,355,1700000,100000,3000000,500000,Approved,5300000,3.44,0.58,Low,Poor,Medium Risk,Not Eligible
2629,Joshua Martin,Male,Married,3,Graduate,No,9900000,23600000,18,557,18300000,8600000,23000000,9100000,Approved,59000000,2.38,0.4,Very High,Fair,Medium Risk,Eligible
2630,Donna K. Thomas,Female,Married,0,Not Graduate,Yes,5600000,20000000,20,606,7100000,500000,20000000,7600000,Approved,35200000,3.57,0.57,High,Fair,Medium Risk,Eligible
2631,Anthony C. Jones,Male,Married,1,Not Graduate,Yes,6000000,12200000,16,743,8800000,2600000,20600000,2900000,Approved,34900000,2.03,0.35,High,Good,Low Risk,Eligible
2632,Michelle Rodriguez,Female,Single,5,Not Graduate,No,5700000,18400000,4,579,12800000,4000000,17200000,4900000,Approved,38900000,3.23,0.47,High,Fair,Medium Risk,Eligible
2633,Charles Jones,Male,Married,0,Graduate,Yes,9000000,33100000,20,734,2800000,5900000,25300000,10300000,Approved,44300000,3.68,0.75,Very High,Good,Low Risk,Eligible
2634,Jessica K. Davis,Female,Single,0,Graduate,No,7300000,16100000,2,490,7600000,1400000,21800000,10700000,Rejected,41500000,2.21,0.39,High,Poor,Medium Risk,Not Eligible
2635,Emily K. Jones,Female,Married,5,Graduate,No,5300000,20500000,16,802,11200000,7100000,21100000,4100000,Approved,43500000,3.87,0.47,High,Excellent,Low Risk,Eligible
2636,Michelle Moore,Female,Married,1,Not Graduate,Yes,3500000,7400000,16,867,500000,6600000,9500000,2100000,Approved,18700000,2.11,0.4,Medium,Excellent,Low Risk,Eligible
2637,Kenneth Martin,Male,Married,0,Not Graduate,No,1000000,2200000,12,302,2200000,400000,3700000,1400000,Rejected,7700000,2.2,0.29,Low,Poor,Medium Risk,Not Eligible
2638,Paul Taylor,Male,Married,0,Not Graduate,No,5100000,19900000,12,867,1800000,7100000,18300000,5700000,Approved,32900000,3.9,0.6,High,Excellent,Low Risk,Eligible
2639,Mary Martinez,Female,Single,0,Graduate,Yes,2900000,9900000,8,312,1800000,4500000,11200000,3700000,Rejected,21200000,3.41,0.47,Medium,Poor,Medium Risk,Not Eligible
2640,James Wilson,Male,Married,3,Not Graduate,No,7600000,19100000,14,762,14800000,15000000,23500000,7300000,Approved,60600000,2.51,0.32,Very High,Excellent,Low Risk,Eligible
2641,Donald T. Gonzalez,Male,Married,5,Not Graduate,Yes,6000000,14700000,18,462,15400000,9700000,13800000,3500000,Rejected,42400000,2.45,0.35,High,Poor,Medium Risk,Not Eligible
2642,Linda Rodriguez,Female,Single,1,Graduate,No,6300000,18200000,18,849,4300000,5800000,15500000,5200000,Approved,30800000,2.89,0.59,High,Excellent,Low Risk,Eligible
2643,Karen K. Garcia,Female,Divorced,3,Not Graduate,No,1900000,7400000,18,592,2300000,3000000,6000000,1800000,Approved,13100000,3.89,0.56,Low,Fair,Medium Risk,Eligible
2644,Robert L. Hernandez,Male,Single,4,Graduate,No,600000,1400000,4,507,200000,300000,1700000,400000,Rejected,2600000,2.33,0.54,Low,Poor,Medium Risk,Not Eligible
2645,Emily U. Smith,Female,Single,2,Not Graduate,Yes,4100000,11400000,14,505,8100000,7500000,10100000,5500000,Rejected,31200000,2.78,0.37,Medium,Poor,Medium Risk,Not Eligible
2646,Daniel B. Martin,Male,Married,0,Not Graduate,Yes,800000,3200000,8,467,900000,400000,3100000,800000,Rejected,5200000,4.0,0.62,Low,Poor,Medium Risk,Not Eligible
2647,Donna Jackson,Female,Married,2,Not Graduate,No,6600000,22900000,16,543,2500000,11000000,26300000,8500000,Rejected,48300000,3.47,0.47,High,Poor,Medium Risk,Not Eligible
2648,Steven E. Williams,Male,Single,4,Graduate,Yes,300000,1100000,12,674,600000,0,800000,200000,Approved,1600000,3.67,0.69,Low,Good,Medium Risk,Eligible
2649,Thomas L. Williams,Male,Single,3,Graduate,No,6100000,13500000,2,717,15700000,4200000,16100000,3400000,Approved,39400000,2.21,0.34,High,Good,Low Risk,Eligible
2650,Lisa Williams,Female,Married,5,Not Graduate,Yes,4800000,17000000,10,666,6800000,5400000,12400000,2900000,Approved,27500000,3.54,0.62,Medium,Good,Medium Risk,Eligible
2651,Betty C. Jones,Female,Married,4,Not Graduate,No,4500000,17300000,18,830,200000,4200000,12000000,2500000,Approved,18900000,3.84,0.92,Medium,Excellent,Low Risk,Eligible
2652,Barbara I. Brown,Female,Single,2,Graduate,No,3800000,9400000,16,383,8300000,500000,9200000,2300000,Rejected,20300000,2.47,0.46,Medium,Poor,Medium Risk,Not Eligible
2653,Andrew Smith,Male,Married,2,Graduate,Yes,7000000,18900000,8,584,13000000,13600000,20600000,5000000,Approved,52200000,2.7,0.36,High,Fair,Medium Risk,Eligible
2654,Steven Johnson,Male,Married,2,Not Graduate,No,4400000,14200000,18,799,6300000,7800000,10800000,2400000,Approved,27300000,3.23,0.52,Medium,Excellent,Low Risk,Eligible
2655,David Taylor,Male,Single,5,Graduate,No,5300000,19400000,6,510,14700000,7000000,13600000,3700000,Rejected,39000000,3.66,0.5,High,Poor,Medium Risk,Not Eligible
2656,Mary P. Taylor,Female,Single,0,Not Graduate,Yes,2600000,5900000,6,572,5800000,3100000,7300000,3800000,Approved,20000000,2.27,0.3,Medium,Fair,Medium Risk,Eligible
2657,Emily Williams,Female,Married,3,Not Graduate,No,3300000,13100000,2,554,6000000,2500000,6700000,3800000,Approved,19000000,3.97,0.69,Medium,Fair,Medium Risk,Eligible
2658,Thomas Jackson,Male,Single,1,Not Graduate,Yes,1200000,4800000,6,344,2900000,1700000,3200000,1300000,Rejected,9100000,4.0,0.53,Low,Poor,Medium Risk,Not Eligible
2659,Joshua F. Lopez,Male,Single,3,Graduate,No,4300000,8600000,8,881,9100000,5200000,15000000,5500000,Approved,34800000,2.0,0.25,Medium,Excellent,Low Risk,Eligible
2660,Andrew X. Smith,Male,Married,0,Not Graduate,Yes,8400000,27200000,10,514,2500000,6400000,20100000,7200000,Rejected,36200000,3.24,0.75,Very High,Poor,Medium Risk,Not Eligible
2661,Emily F. Lopez,Female,Married,0,Graduate,No,600000,1800000,18,796,1000000,700000,1200000,500000,Approved,3400000,3.0,0.53,Low,Excellent,Low Risk,Eligible
2662,Lisa Miller,Female,Single,2,Graduate,Yes,4700000,16200000,12,802,2300000,5400000,14800000,6700000,Approved,29200000,3.45,0.55,Medium,Excellent,Low Risk,Eligible
2663,Christopher Anderson,Male,Married,3,Graduate,No,4200000,12500000,20,375,1300000,5100000,10900000,2400000,Rejected,19700000,2.98,0.63,Medium,Poor,Medium Risk,Not Eligible
2664,Susan Garcia,Female,Single,2,Graduate,No,4300000,14700000,2,871,4100000,7300000,13900000,4400000,Approved,29700000,3.42,0.49,Medium,Excellent,Low Risk,Eligible
2665,Joseph X. Miller,Male,Married,0,Not Graduate,No,800000,2900000,2,439,100000,900000,2700000,1200000,Approved,4900000,3.62,0.59,Low,Poor,Medium Risk,Not Eligible
2666,Joshua Martinez,Male,Single,0,Not Graduate,Yes,9300000,32000000,8,438,24800000,6400000,34900000,12400000,Rejected,78500000,3.44,0.41,Very High,Poor,Medium Risk,Not Eligible
2667,Joshua Rodriguez,Male,Single,5,Not Graduate,No,6200000,13700000,2,468,3300000,12300000,13900000,5500000,Rejected,35000000,2.21,0.39,High,Poor,Medium Risk,Not Eligible
2668,Joseph G. Garcia,Male,Married,3,Graduate,Yes,3500000,10200000,12,645,10400000,5700000,10000000,2400000,Approved,28500000,2.91,0.36,Medium,Fair,Medium Risk,Eligible
2669,Lisa T. Anderson,Female,Married,2,Graduate,Yes,3600000,9200000,18,700,4400000,1800000,10700000,3500000,Approved,20400000,2.56,0.45,Medium,Good,Low Risk,Eligible
2670,Ashley Z. Moore,Female,Widowed,5,Graduate,Yes,9500000,36700000,16,348,3500000,2200000,31600000,11400000,Rejected,48700000,3.86,0.75,Very High,Poor,Medium Risk,Not Eligible
2671,Michael Martin,Male,Single,5,Graduate,Yes,600000,1400000,10,877,1400000,400000,2000000,700000,Approved,4500000,2.33,0.31,Low,Excellent,Low Risk,Eligible
2672,Kenneth I. Johnson,Male,Divorced,0,Not Graduate,Yes,3800000,14900000,6,899,7800000,600000,12400000,2800000,Approved,23600000,3.92,0.63,Medium,Excellent,Low Risk,Eligible
2673,Margaret F. Gonzalez,Female,Single,3,Graduate,Yes,1400000,3500000,12,610,1200000,600000,3800000,1400000,Approved,7000000,2.5,0.5,Low,Fair,Medium Risk,Eligible
2674,Susan X. Miller,Female,Divorced,1,Not Graduate,No,6300000,23900000,4,742,1500000,7100000,21800000,4300000,Approved,34700000,3.79,0.69,High,Good,Low Risk,Eligible
2675,Charles J. Wilson,Male,Married,1,Not Graduate,Yes,2800000,6600000,18,801,4000000,4900000,7100000,3700000,Approved,19700000,2.36,0.34,Medium,Excellent,Low Risk,Eligible
2676,Christopher Jones,Male,Divorced,4,Graduate,Yes,5400000,17100000,2,533,13800000,5100000,12200000,4700000,Approved,35800000,3.17,0.48,High,Poor,Medium Risk,Not Eligible
2677,William P. Smith,Male,Single,3,Not Graduate,Yes,6300000,23900000,16,656,12700000,9300000,15200000,5100000,Approved,42300000,3.79,0.57,High,Good,Medium Risk,Eligible
2678,Michael Davis,Male,Divorced,3,Graduate,Yes,3900000,14300000,18,785,10900000,7600000,13900000,4900000,Approved,37300000,3.67,0.38,Medium,Excellent,Low Risk,Eligible
2679,Sarah P. Smith,Female,Single,2,Graduate,Yes,4200000,15700000,2,332,7000000,700000,13300000,3000000,Approved,24000000,3.74,0.65,Medium,Poor,Medium Risk,Not Eligible
2680,Joseph Williams,Male,Single,0,Graduate,No,3100000,8100000,18,768,400000,1600000,11600000,2400000,Approved,16000000,2.61,0.51,Medium,Excellent,Low Risk,Eligible
2681,Steven N. Wilson,Male,Single,1,Graduate,No,3400000,8600000,6,640,7700000,1000000,7800000,4400000,Approved,20900000,2.53,0.41,Medium,Fair,Medium Risk,Eligible
2682,Joshua Y. Johnson,Male,Divorced,4,Not Graduate,No,1500000,3100000,6,885,100000,2800000,3800000,1900000,Approved,8600000,2.07,0.36,Low,Excellent,Low Risk,Eligible
2683,Ashley A. Miller,Female,Married,3,Not Graduate,Yes,900000,2000000,18,772,2300000,700000,3500000,800000,Approved,7300000,2.22,0.27,Low,Excellent,Low Risk,Eligible
2684,Thomas U. Anderson,Male,Single,4,Graduate,Yes,7800000,25600000,4,665,1000000,2300000,27300000,8200000,Approved,38800000,3.28,0.66,Very High,Good,Medium Risk,Eligible
2685,Emily W. Thomas,Female,Married,1,Not Graduate,Yes,3500000,10500000,20,454,8300000,4000000,7600000,2100000,Rejected,22000000,3.0,0.48,Medium,Poor,Medium Risk,Not Eligible
2686,Christopher Lopez,Male,Single,1,Not Graduate,No,8400000,32500000,14,698,20600000,5900000,17300000,12200000,Approved,56000000,3.87,0.58,Very High,Good,Medium Risk,Eligible
2687,Emily Garcia,Female,Divorced,4,Not Graduate,Yes,6400000,21300000,20,332,3600000,9100000,16200000,8000000,Rejected,36900000,3.33,0.58,High,Poor,Medium Risk,Not Eligible
2688,Daniel Lopez,Male,Married,1,Not Graduate,No,9600000,28300000,6,536,18700000,9300000,27300000,6000000,Rejected,61300000,2.95,0.46,Very High,Poor,Medium Risk,Not Eligible
2689,Margaret E. Lopez,Female,Married,5,Not Graduate,Yes,2100000,6500000,10,796,2400000,2800000,7300000,2700000,Approved,15200000,3.1,0.43,Low,Excellent,Low Risk,Eligible
2690,Emily Wilson,Female,Married,2,Not Graduate,Yes,6000000,19900000,8,486,12100000,8100000,20100000,6600000,Rejected,46900000,3.32,0.42,High,Poor,Medium Risk,Not Eligible
2691,Elizabeth U. Hernandez,Female,Married,0,Not Graduate,Yes,8300000,16800000,18,422,8000000,10600000,23300000,11400000,Rejected,53300000,2.02,0.32,Very High,Poor,Medium Risk,Not Eligible
2692,Robert U. Hernandez,Male,Single,1,Not Graduate,Yes,5300000,18500000,6,501,6700000,8600000,16600000,4300000,Rejected,36200000,3.49,0.51,High,Poor,Medium Risk,Not Eligible
2693,Emily S. Garcia,Female,Single,1,Not Graduate,Yes,9700000,23500000,4,666,15100000,9400000,23300000,8000000,Approved,55800000,2.42,0.42,Very High,Good,Medium Risk,Eligible
2694,Anthony D. Williams,Male,Widowed,3,Not Graduate,Yes,8200000,16500000,18,371,19000000,1200000,18500000,8200000,Rejected,46900000,2.01,0.35,Very High,Poor,Medium Risk,Not Eligible
2695,Paul I. Brown,Male,Divorced,5,Graduate,No,3400000,6900000,14,312,1800000,400000,10300000,3800000,Rejected,16300000,2.03,0.42,Medium,Poor,Medium Risk,Not Eligible
2696,Thomas Hernandez,Male,Single,5,Graduate,No,2800000,11000000,12,753,3900000,4600000,10700000,2400000,Approved,21600000,3.93,0.51,Medium,Excellent,Low Risk,Eligible
2697,Emily M. Gonzalez,Female,Single,0,Not Graduate,Yes,2400000,5200000,16,740,6300000,1000000,7500000,2900000,Approved,17700000,2.17,0.29,Low,Good,Low Risk,Eligible
2698,Sandra Brown,Female,Married,1,Graduate,No,8200000,24000000,4,366,10900000,15200000,25200000,10400000,Rejected,61700000,2.93,0.39,Very High,Poor,Medium Risk,Not Eligible
2699,Joseph Q. Smith,Male,Married,4,Not Graduate,No,4200000,11100000,8,526,11600000,200000,16800000,4900000,Rejected,33500000,2.64,0.33,Medium,Poor,Medium Risk,Not Eligible
2700,Elizabeth J. Williams,Female,Single,4,Graduate,Yes,5500000,14800000,10,354,16000000,3400000,21200000,7700000,Rejected,48300000,2.69,0.31,High,Poor,Medium Risk,Not Eligible
2701,Karen D. Miller,Female,Divorced,5,Not Graduate,Yes,2900000,6300000,6,719,7900000,1600000,8000000,1600000,Approved,19100000,2.17,0.33,Medium,Good,Low Risk,Eligible
2702,James Smith,Male,Single,5,Not Graduate,No,6300000,20100000,12,774,15600000,11800000,16200000,5800000,Approved,49400000,3.19,0.41,High,Excellent,Low Risk,Eligible
2703,Michael Williams,Male,Divorced,5,Not Graduate,Yes,9700000,29100000,18,732,4700000,7400000,35600000,12400000,Approved,60100000,3.0,0.48,Very High,Good,Low Risk,Eligible
2704,Nancy Gonzalez,Female,Married,1,Not Graduate,No,6500000,16000000,6,862,2000000,0,24000000,9700000,Approved,35700000,2.46,0.45,High,Excellent,Low Risk,Eligible
2705,Betty Lopez,Female,Married,5,Not Graduate,No,4900000,10800000,18,613,6800000,800000,14500000,5300000,Approved,27400000,2.2,0.39,Medium,Fair,Medium Risk,Eligible
2706,Michelle Jackson,Female,Married,5,Graduate,Yes,6900000,16500000,6,447,4100000,400000,14100000,6600000,Rejected,25200000,2.39,0.65,High,Poor,Medium Risk,Not Eligible
2707,Steven Hernandez,Male,Single,4,Not Graduate,Yes,1100000,3000000,4,730,300000,600000,3600000,1100000,Approved,5600000,2.73,0.54,Low,Good,Low Risk,Eligible
2708,Betty N. Moore,Female,Married,2,Not Graduate,Yes,7800000,29600000,14,568,0,8600000,27000000,7200000,Approved,42800000,3.79,0.69,Very High,Fair,Medium Risk,Eligible
2709,Ashley Smith,Female,Widowed,2,Graduate,Yes,8200000,23600000,6,495,23000000,10600000,27200000,6100000,Rejected,66900000,2.88,0.35,Very High,Poor,Medium Risk,Not Eligible
2710,Steven C. Rodriguez,Male,Single,5,Not Graduate,Yes,6700000,23600000,14,854,3000000,3300000,19400000,7500000,Approved,33200000,3.52,0.71,High,Excellent,Low Risk,Eligible
2711,Donald H. Gonzalez,Male,Married,3,Graduate,Yes,7400000,15200000,10,548,16700000,12800000,19300000,4800000,Rejected,53600000,2.05,0.28,High,Poor,Medium Risk,Not Eligible
2712,Patricia Hernandez,Female,Married,1,Not Graduate,No,1200000,2700000,14,779,600000,2200000,2400000,600000,Approved,5800000,2.25,0.47,Low,Excellent,Low Risk,Eligible
2713,Susan Martin,Female,Single,0,Not Graduate,No,9500000,24800000,2,564,17400000,16000000,19600000,12000000,Approved,65000000,2.61,0.38,Very High,Fair,Medium Risk,Eligible
2714,Joshua O. Smith,Male,Single,5,Not Graduate,Yes,4000000,8200000,2,571,3500000,7700000,9500000,4400000,Approved,25100000,2.05,0.33,Medium,Fair,Medium Risk,Eligible
2715,Donald M. Rodriguez,Male,Married,0,Not Graduate,Yes,8600000,32600000,8,778,21500000,14100000,33600000,11000000,Approved,80200000,3.79,0.41,Very High,Excellent,Low Risk,Eligible
2716,Charles Jackson,Male,Married,4,Graduate,Yes,9100000,28400000,12,808,25800000,11800000,19300000,9700000,Approved,66600000,3.12,0.43,Very High,Excellent,Low Risk,Eligible
2717,Donald B. Martinez,Male,Single,0,Not Graduate,Yes,7100000,18600000,20,770,19200000,13100000,23100000,5100000,Approved,60500000,2.62,0.31,High,Excellent,Low Risk,Eligible
2718,Sandra C. Brown,Female,Single,0,Not Graduate,No,9000000,28400000,4,612,0,7200000,26900000,13200000,Approved,47300000,3.16,0.6,Very High,Fair,Medium Risk,Eligible
2719,Jessica Smith,Female,Married,3,Graduate,Yes,1400000,2700000,14,819,1200000,1500000,4000000,1300000,Approved,8000000,1.93,0.34,Low,Excellent,Low Risk,Eligible
2720,Anthony Johnson,Male,Single,1,Graduate,No,8800000,20200000,6,627,24200000,16100000,17600000,11900000,Approved,69800000,2.3,0.29,Very High,Fair,Medium Risk,Eligible
2721,Jessica D. Anderson,Female,Single,3,Not Graduate,Yes,5400000,14700000,4,359,12300000,9900000,15100000,6100000,Rejected,43400000,2.72,0.34,High,Poor,Medium Risk,Not Eligible
2722,David O. Martin,Male,Married,1,Graduate,No,6100000,19100000,6,341,5700000,5900000,12400000,6300000,Rejected,30300000,3.13,0.63,High,Poor,Medium Risk,Not Eligible
2723,Mary L. Taylor,Female,Married,1,Graduate,No,1000000,3600000,4,570,1000000,1300000,3700000,1000000,Approved,7000000,3.6,0.51,Low,Fair,Medium Risk,Eligible
2724,Mark Thomas,Male,Married,3,Graduate,Yes,7700000,18100000,20,736,7800000,14500000,29100000,10000000,Approved,61400000,2.35,0.29,Very High,Good,Low Risk,Eligible
2725,Jennifer Williams,Female,Divorced,1,Graduate,Yes,6100000,12900000,2,302,8900000,7500000,15600000,7200000,Rejected,39200000,2.11,0.33,High,Poor,Medium Risk,Not Eligible
2726,Ashley H. Gonzalez,Female,Divorced,2,Not Graduate,Yes,7700000,21000000,12,420,16100000,4300000,27400000,10500000,Rejected,58300000,2.73,0.36,Very High,Poor,Medium Risk,Not Eligible
2727,William Smith,Male,Married,4,Graduate,Yes,4700000,12000000,2,416,5800000,8200000,13000000,6800000,Rejected,33800000,2.55,0.36,Medium,Poor,Medium Risk,Not Eligible
2728,Donald Moore,Male,Single,2,Graduate,Yes,9100000,34800000,20,836,21300000,10900000,30600000,9900000,Approved,72700000,3.82,0.48,Very High,Excellent,Low Risk,Eligible
2729,Richard Jackson,Male,Married,0,Graduate,Yes,5800000,12700000,12,528,8400000,7300000,19600000,7600000,Rejected,42900000,2.19,0.3,High,Poor,Medium Risk,Not Eligible
2730,Joseph Jones,Male,Married,4,Not Graduate,No,8500000,24900000,2,405,1900000,400000,21700000,11400000,Rejected,35400000,2.93,0.7,Very High,Poor,Medium Risk,Not Eligible
2731,Mary Lopez,Female,Married,2,Graduate,Yes,9900000,33400000,14,783,16600000,16100000,21000000,9500000,Approved,63200000,3.37,0.53,Very High,Excellent,Low Risk,Eligible
2732,Paul A. Rodriguez,Male,Single,4,Not Graduate,Yes,2000000,4000000,10,636,2100000,0,4000000,1700000,Approved,7800000,2.0,0.51,Low,Fair,Medium Risk,Eligible
2733,Daniel Z. Davis,Male,Single,1,Not Graduate,Yes,5000000,16800000,6,711,6300000,7600000,16000000,3200000,Approved,33100000,3.36,0.51,Medium,Good,Low Risk,Eligible
2734,Ashley Thomas,Female,Single,1,Graduate,Yes,3200000,11800000,16,848,5500000,3200000,7500000,2300000,Approved,18500000,3.69,0.64,Medium,Excellent,Low Risk,Eligible
2735,David E. Jones,Male,Divorced,1,Not Graduate,Yes,8000000,27800000,8,804,7900000,1600000,27100000,11800000,Approved,48400000,3.48,0.57,Very High,Excellent,Low Risk,Eligible
2736,Steven C. Taylor,Male,Married,0,Not Graduate,Yes,1200000,2800000,14,892,3200000,100000,3300000,1700000,Approved,8300000,2.33,0.34,Low,Excellent,Low Risk,Eligible
2737,Mark I. Lopez,Male,Married,2,Not Graduate,Yes,5800000,22800000,14,696,12100000,200000,20800000,4800000,Approved,37900000,3.93,0.6,High,Good,Medium Risk,Eligible
2738,Patricia A. Hernandez,Female,Single,1,Graduate,No,2500000,7600000,20,888,7400000,4200000,6400000,1900000,Approved,19900000,3.04,0.38,Low,Excellent,Low Risk,Eligible
2739,Betty H. Anderson,Female,Married,1,Not Graduate,Yes,600000,1400000,10,699,400000,500000,1300000,800000,Approved,3000000,2.33,0.47,Low,Good,Medium Risk,Eligible
2740,Steven Q. Martin,Male,Divorced,5,Graduate,No,4900000,13000000,10,865,13300000,3700000,14700000,6500000,Approved,38200000,2.65,0.34,Medium,Excellent,Low Risk,Eligible
2741,Thomas P. Martin,Male,Married,2,Graduate,Yes,9400000,37300000,14,383,7800000,15900000,27100000,7700000,Rejected,58500000,3.97,0.64,Very High,Poor,Medium Risk,Not Eligible
2742,Michelle Smith,Female,Married,2,Graduate,No,5300000,19300000,16,368,14700000,400000,11600000,3700000,Rejected,30400000,3.64,0.63,High,Poor,Medium Risk,Not Eligible
2743,Robert Lopez,Male,Single,5,Not Graduate,No,5100000,15800000,4,607,6000000,7700000,12600000,7000000,Approved,33300000,3.1,0.47,High,Fair,Medium Risk,Eligible
2744,Karen J. Moore,Female,Divorced,4,Not Graduate,Yes,2900000,8900000,18,827,400000,3400000,11200000,1600000,Approved,16600000,3.07,0.54,Medium,Excellent,Low Risk,Eligible
2745,Kimberley Thomas,Female,Divorced,1,Graduate,No,9100000,34000000,12,672,8600000,1600000,32700000,8800000,Approved,51700000,3.74,0.66,Very High,Good,Medium Risk,Eligible
2746,Steven Hernandez,Male,Married,3,Not Graduate,Yes,8800000,26700000,12,708,16000000,15300000,26900000,9600000,Approved,67800000,3.03,0.39,Very High,Good,Low Risk,Eligible
2747,Emily C. Taylor,Female,Single,4,Not Graduate,No,2600000,8800000,10,682,4500000,4700000,10300000,1600000,Approved,21100000,3.38,0.42,Medium,Good,Medium Risk,Eligible
2748,Sarah H. Martinez,Female,Single,1,Graduate,Yes,9700000,25500000,18,741,21900000,6200000,34800000,4900000,Approved,67800000,2.63,0.38,Very High,Good,Low Risk,Eligible
2749,Jessica Jackson,Female,Widowed,5,Not Graduate,Yes,600000,1200000,8,343,100000,700000,1600000,600000,Rejected,3000000,2.0,0.4,Low,Poor,Medium Risk,Not Eligible
2750,Daniel I. Taylor,Male,Single,0,Graduate,Yes,4100000,11100000,16,785,6800000,5300000,8500000,4800000,Approved,25400000,2.71,0.44,Medium,Excellent,Low Risk,Eligible
2751,Susan E. Martin,Female,Married,1,Not Graduate,Yes,8000000,28000000,20,830,22400000,12600000,25600000,10600000,Approved,71200000,3.5,0.39,Very High,Excellent,Low Risk,Eligible
2752,Susan R. Lopez,Female,Single,2,Graduate,No,8800000,26700000,16,696,12900000,15300000,20300000,10900000,Approved,59400000,3.03,0.45,Very High,Good,Medium Risk,Eligible
2753,Donna Taylor,Female,Married,1,Graduate,No,200000,300000,12,697,600000,300000,700000,100000,Approved,1700000,1.5,0.18,Low,Good,Medium Risk,Eligible
2754,Jessica U. Miller,Female,Married,0,Graduate,Yes,3800000,11700000,2,351,100000,6700000,12500000,3100000,Approved,22400000,3.08,0.52,Medium,Poor,Medium Risk,Not Eligible
2755,Steven Lopez,Male,Married,3,Graduate,No,6800000,21800000,10,556,16400000,9300000,19100000,5400000,Approved,50200000,3.21,0.43,High,Fair,Medium Risk,Eligible
2756,Donna E. Anderson,Female,Single,0,Graduate,No,8600000,31800000,2,895,22600000,15900000,19600000,5100000,Approved,63200000,3.7,0.5,Very High,Excellent,Low Risk,Eligible
2757,Charles R. Brown,Male,Widowed,2,Graduate,Yes,2800000,8400000,10,534,8300000,4800000,10600000,1500000,Rejected,25200000,3.0,0.33,Medium,Poor,Medium Risk,Not Eligible
2758,Michael I. Miller,Male,Divorced,0,Graduate,No,8000000,29800000,12,736,600000,15700000,30800000,8400000,Approved,55500000,3.72,0.54,Very High,Good,Low Risk,Eligible
2759,Emily Q. Jackson,Female,Married,2,Graduate,Yes,2300000,5500000,16,629,4600000,2900000,7000000,1900000,Approved,16400000,2.39,0.34,Low,Fair,Medium Risk,Eligible
2760,Charles U. Johnson,Male,Widowed,4,Graduate,Yes,7600000,16200000,20,657,1900000,9300000,28500000,5500000,Approved,45200000,2.13,0.36,Very High,Good,Medium Risk,Eligible
2761,Steven Wilson,Male,Single,2,Graduate,No,2900000,11300000,12,839,700000,5100000,8100000,2600000,Approved,16500000,3.9,0.68,Medium,Excellent,Low Risk,Eligible
2762,William B. Lopez,Male,Single,4,Not Graduate,No,7900000,25700000,18,589,4300000,300000,25300000,9800000,Approved,39700000,3.25,0.65,Very High,Fair,Medium Risk,Eligible
2763,Charles I. Brown,Male,Single,2,Not Graduate,No,1900000,4500000,6,805,2200000,3100000,4800000,2300000,Approved,12400000,2.37,0.36,Low,Excellent,Low Risk,Eligible
2764,Mark Miller,Male,Married,3,Not Graduate,Yes,4600000,13600000,20,729,1300000,8900000,17200000,5900000,Approved,33300000,2.96,0.41,Medium,Good,Low Risk,Eligible
2765,James Brown,Male,Married,1,Not Graduate,No,2600000,7700000,6,399,3700000,4300000,8900000,3500000,Rejected,20400000,2.96,0.38,Medium,Poor,Medium Risk,Not Eligible
2766,Karen Wilson,Female,Single,2,Not Graduate,No,2700000,6700000,8,413,7600000,800000,9200000,2300000,Rejected,19900000,2.48,0.34,Medium,Poor,Medium Risk,Not Eligible
2767,Emily E. Lopez,Female,Single,5,Graduate,Yes,6300000,13200000,16,321,6700000,4000000,15200000,7100000,Rejected,33000000,2.1,0.4,High,Poor,Medium Risk,Not Eligible
2768,Jessica M. Garcia,Female,Single,0,Graduate,Yes,2600000,7500000,2,853,4200000,3900000,9600000,1400000,Approved,19100000,2.88,0.39,Medium,Excellent,Low Risk,Eligible
2769,Richard T. Williams,Male,Widowed,4,Not Graduate,Yes,7700000,23400000,6,400,3900000,3400000,20800000,10700000,Rejected,38800000,3.04,0.6,Very High,Poor,Medium Risk,Not Eligible
2770,Ashley Brown,Female,Married,0,Graduate,Yes,7400000,16300000,16,630,11200000,13200000,28400000,5300000,Approved,58100000,2.2,0.28,High,Fair,Medium Risk,Eligible
2771,Thomas F. Anderson,Male,Divorced,3,Graduate,Yes,7300000,21600000,20,557,1900000,3800000,26400000,9300000,Approved,41400000,2.96,0.52,High,Fair,Medium Risk,Eligible
2772,Linda Smith,Female,Single,1,Graduate,No,2900000,7600000,2,358,800000,700000,10100000,2100000,Rejected,13700000,2.62,0.55,Medium,Poor,Medium Risk,Not Eligible
2773,Margaret Miller,Female,Married,3,Graduate,Yes,6600000,16000000,10,510,1200000,4800000,13300000,6300000,Rejected,25600000,2.42,0.62,High,Poor,Medium Risk,Not Eligible
2774,Margaret Anderson,Female,Divorced,2,Graduate,Yes,2700000,9600000,14,554,5800000,200000,10200000,1900000,Approved,18100000,3.56,0.53,Medium,Fair,Medium Risk,Eligible
2775,Mary G. Moore,Female,Divorced,3,Graduate,Yes,8300000,27700000,4,596,20500000,15400000,21400000,7400000,Approved,64700000,3.34,0.43,Very High,Fair,Medium Risk,Eligible
2776,Sandra Taylor,Female,Single,0,Graduate,No,4900000,18500000,8,659,8800000,1700000,14700000,4900000,Approved,30100000,3.78,0.61,Medium,Good,Medium Risk,Eligible
2777,Margaret Martin,Female,Single,4,Graduate,Yes,7900000,30700000,10,322,10600000,13200000,30300000,6300000,Rejected,60400000,3.89,0.51,Very High,Poor,Medium Risk,Not Eligible
2778,Kenneth Gonzalez,Male,Married,5,Graduate,Yes,8800000,21300000,14,852,8000000,6400000,28500000,9900000,Approved,52800000,2.42,0.4,Very High,Excellent,Low Risk,Eligible
2779,Daniel Lopez,Male,Single,5,Not Graduate,No,4000000,14100000,18,653,5800000,4100000,9400000,5400000,Approved,24700000,3.52,0.57,Medium,Good,Medium Risk,Eligible
2780,Jessica P. Gonzalez,Female,Widowed,4,Graduate,Yes,3900000,9200000,12,737,2800000,2300000,12300000,5200000,Approved,22600000,2.36,0.41,Medium,Good,Low Risk,Eligible
2781,Michael A. Anderson,Male,Single,3,Graduate,Yes,7700000,18900000,2,583,9300000,3000000,16700000,9300000,Approved,38300000,2.45,0.49,Very High,Fair,Medium Risk,Eligible
2782,Nancy Gonzalez,Female,Married,1,Graduate,Yes,3800000,10000000,16,873,5100000,2800000,10300000,4000000,Approved,22200000,2.63,0.45,Medium,Excellent,Low Risk,Eligible
2783,Sandra Williams,Female,Single,5,Graduate,No,8000000,27000000,20,595,4500000,5200000,24800000,10400000,Approved,44900000,3.38,0.6,Very High,Fair,Medium Risk,Eligible
2784,Nancy Rodriguez,Female,Single,5,Graduate,Yes,3400000,11300000,20,871,6500000,3900000,9700000,2400000,Approved,22500000,3.32,0.5,Medium,Excellent,Low Risk,Eligible
2785,Robert Gonzalez,Male,Married,5,Graduate,Yes,5500000,18800000,12,603,3300000,700000,21000000,5000000,Approved,30000000,3.42,0.63,High,Fair,Medium Risk,Eligible
2786,Richard R. Williams,Male,Single,0,Not Graduate,No,7700000,29300000,14,801,6200000,11800000,23400000,4700000,Approved,46100000,3.81,0.64,Very High,Excellent,Low Risk,Eligible
2787,Paul Rodriguez,Male,Single,5,Graduate,No,4000000,9400000,4,723,200000,0,12100000,2000000,Approved,14300000,2.35,0.66,Medium,Good,Low Risk,Eligible
2788,Sarah Garcia,Female,Single,5,Not Graduate,Yes,5900000,22600000,18,630,2300000,4200000,16500000,6800000,Approved,29800000,3.83,0.76,High,Fair,Medium Risk,Eligible
2789,Thomas S. Williams,Male,Married,0,Not Graduate,Yes,2600000,9900000,20,368,3600000,1500000,5200000,2000000,Rejected,12300000,3.81,0.8,Medium,Poor,Medium Risk,Not Eligible
2790,Christopher Moore,Male,Married,3,Graduate,No,6600000,22200000,12,759,8900000,2200000,18700000,8500000,Approved,38300000,3.36,0.58,High,Excellent,Low Risk,Eligible
2791,Thomas G. Smith,Male,Married,0,Not Graduate,Yes,1000000,3000000,18,382,2200000,700000,3500000,900000,Rejected,7300000,3.0,0.41,Low,Poor,Medium Risk,Not Eligible
2792,Michael Brown,Male,Married,4,Not Graduate,Yes,800000,2800000,16,645,900000,1400000,2300000,600000,Approved,5200000,3.5,0.54,Low,Fair,Medium Risk,Eligible
2793,Donald X. Moore,Male,Single,0,Graduate,No,3200000,6300000,6,878,6700000,5200000,8100000,3600000,Approved,23600000,1.97,0.27,Medium,Excellent,Low Risk,Eligible
2794,Thomas Smith,Male,Single,4,Graduate,No,8400000,23400000,12,350,18700000,9100000,27500000,6700000,Rejected,62000000,2.79,0.38,Very High,Poor,Medium Risk,Not Eligible
2795,Kimberley B. Smith,Female,Single,3,Graduate,Yes,5800000,17600000,6,720,4900000,4200000,18800000,6600000,Approved,34500000,3.03,0.51,High,Good,Low Risk,Eligible
2796,Robert Thomas,Male,Single,0,Not Graduate,Yes,7300000,28100000,10,673,13700000,1200000,16300000,8900000,Approved,40100000,3.85,0.7,High,Good,Medium Risk,Eligible
2797,Donna Rodriguez,Female,Married,1,Graduate,No,3900000,8000000,6,448,100000,1900000,9800000,4000000,Rejected,15800000,2.05,0.51,Medium,Poor,Medium Risk,Not Eligible
2798,Thomas Y. Garcia,Male,Single,2,Not Graduate,Yes,4600000,16000000,4,720,0,4000000,12300000,4200000,Approved,20500000,3.48,0.78,Medium,Good,Low Risk,Eligible
2799,Elizabeth Smith,Female,Married,0,Graduate,No,3600000,12300000,2,300,5200000,3000000,14300000,5400000,Approved,27900000,3.42,0.44,Medium,Poor,Medium Risk,Not Eligible
2800,Betty M. Moore,Female,Divorced,4,Graduate,No,7500000,28700000,20,520,4600000,3500000,15200000,5700000,Rejected,29000000,3.83,0.99,High,Poor,Medium Risk,Not Eligible
2801,Kimberley S. Lopez,Female,Married,1,Graduate,No,5200000,15000000,12,794,3200000,7200000,16500000,5100000,Approved,32000000,2.88,0.47,High,Excellent,Low Risk,Eligible
2802,Sarah F. Taylor,Female,Married,3,Graduate,Yes,4400000,10000000,8,875,5900000,5200000,11700000,4100000,Approved,26900000,2.27,0.37,Medium,Excellent,Low Risk,Eligible
2803,Elizabeth Johnson,Female,Married,1,Not Graduate,Yes,5100000,12900000,14,533,6700000,6700000,14400000,3900000,Rejected,31700000,2.53,0.41,High,Poor,Medium Risk,Not Eligible
2804,Karen N. Brown,Female,Single,0,Graduate,No,6000000,23600000,6,776,13800000,2700000,23400000,8800000,Approved,48700000,3.93,0.48,High,Excellent,Low Risk,Eligible
2805,Nancy Smith,Female,Single,2,Graduate,No,3800000,11400000,6,706,1000000,4000000,12100000,2800000,Approved,19900000,3.0,0.57,Medium,Good,Low Risk,Eligible
2806,Joseph Y. Wilson,Male,Single,3,Graduate,No,2800000,10900000,2,710,600000,2400000,5600000,3600000,Approved,12200000,3.89,0.89,Medium,Good,Low Risk,Eligible
2807,Christopher Gonzalez,Male,Single,5,Graduate,Yes,6500000,18300000,4,333,8100000,400000,21700000,7000000,Rejected,37200000,2.82,0.49,High,Poor,Medium Risk,Not Eligible
2808,Donald Rodriguez,Male,Married,2,Not Graduate,Yes,1600000,6400000,4,787,1000000,300000,5500000,1100000,Approved,7900000,4.0,0.81,Low,Excellent,Low Risk,Eligible
2809,Nancy Miller,Female,Married,4,Graduate,No,5500000,18600000,12,569,13500000,6200000,19700000,7300000,Approved,46700000,3.38,0.4,High,Fair,Medium Risk,Eligible
2810,Thomas D. Jones,Male,Single,0,Graduate,Yes,9600000,20100000,16,427,7200000,2300000,34500000,7400000,Rejected,51400000,2.09,0.39,Very High,Poor,Medium Risk,Not Eligible
2811,Matthew U. Anderson,Male,Divorced,0,Graduate,No,7000000,27800000,16,640,11500000,3700000,16000000,8200000,Approved,39400000,3.97,0.71,High,Fair,Medium Risk,Eligible
2812,Kenneth Martinez,Male,Married,2,Not Graduate,No,4000000,8100000,16,312,3500000,2100000,15100000,3100000,Rejected,23800000,2.02,0.34,Medium,Poor,Medium Risk,Not Eligible
2813,Patricia Thomas,Female,Single,1,Not Graduate,Yes,8100000,30900000,12,464,13600000,9800000,17900000,7500000,Rejected,48800000,3.81,0.63,Very High,Poor,Medium Risk,Not Eligible
2814,Kimberley Garcia,Female,Single,2,Not Graduate,Yes,6600000,22800000,8,490,6100000,10000000,18000000,6400000,Rejected,40500000,3.45,0.56,High,Poor,Medium Risk,Not Eligible
2815,Patricia U. Smith,Female,Married,5,Graduate,No,4100000,10200000,12,431,6200000,2200000,13700000,4300000,Rejected,26400000,2.49,0.39,Medium,Poor,Medium Risk,Not Eligible
2816,Donald Gonzalez,Male,Married,1,Graduate,No,6600000,24800000,4,500,8600000,4100000,16700000,6100000,Approved,35500000,3.76,0.7,High,Poor,Medium Risk,Not Eligible
2817,Michelle Hernandez,Female,Single,4,Graduate,No,5100000,12200000,14,511,2700000,6000000,18300000,3400000,Rejected,30400000,2.39,0.4,High,Poor,Medium Risk,Not Eligible
2818,Donald Thomas,Male,Married,4,Graduate,No,8200000,25200000,18,691,5800000,8900000,28500000,10500000,Approved,53700000,3.07,0.47,Very High,Good,Medium Risk,Eligible
2819,David Gonzalez,Male,Married,1,Not Graduate,Yes,9500000,24400000,14,696,25500000,6700000,29500000,6300000,Approved,68000000,2.57,0.36,Very High,Good,Medium Risk,Eligible
2820,Elizabeth G. Jones,Female,Single,0,Not Graduate,Yes,7600000,27600000,2,437,10000000,11200000,27600000,6800000,Approved,55600000,3.63,0.5,Very High,Poor,Medium Risk,Not Eligible
2821,Sarah Gonzalez,Female,Single,2,Not Graduate,Yes,8400000,20800000,12,335,6700000,12300000,18500000,10100000,Rejected,47600000,2.48,0.44,Very High,Poor,Medium Risk,Not Eligible
2822,David Miller,Male,Single,4,Graduate,No,7600000,25100000,4,671,4600000,13200000,27400000,4300000,Approved,49500000,3.3,0.51,Very High,Good,Medium Risk,Eligible
2823,Mark G. Moore,Male,Single,4,Not Graduate,Yes,1400000,3700000,12,621,3100000,900000,5100000,1800000,Approved,10900000,2.64,0.34,Low,Fair,Medium Risk,Eligible
2824,Richard Johnson,Male,Married,4,Not Graduate,Yes,2700000,6800000,10,455,4700000,2600000,7400000,2700000,Rejected,17400000,2.52,0.39,Medium,Poor,Medium Risk,Not Eligible
2825,Thomas F. Anderson,Male,Divorced,1,Graduate,Yes,200000,500000,10,856,500000,200000,500000,200000,Approved,1400000,2.5,0.36,Low,Excellent,Low Risk,Eligible
2826,Linda Z. Williams,Female,Divorced,3,Graduate,No,600000,2100000,16,892,700000,400000,2400000,500000,Approved,4000000,3.5,0.52,Low,Excellent,Low Risk,Eligible
2827,Ashley R. Rodriguez,Female,Divorced,4,Graduate,No,5200000,12900000,16,819,3400000,4100000,16800000,7500000,Approved,31800000,2.48,0.41,High,Excellent,Low Risk,Eligible
2828,Lisa Taylor,Female,Married,0,Not Graduate,Yes,5100000,11600000,10,308,8700000,1300000,10700000,7000000,Rejected,27700000,2.27,0.42,High,Poor,Medium Risk,Not Eligible
2829,Michelle Davis,Female,Single,4,Graduate,Yes,9200000,18600000,2,889,26900000,4200000,33300000,9700000,Approved,74100000,2.02,0.25,Very High,Excellent,Low Risk,Eligible
2830,Sarah J. Hernandez,Female,Married,5,Not Graduate,No,6500000,23200000,18,713,6700000,1400000,13400000,7200000,Approved,28700000,3.57,0.81,High,Good,Low Risk,Eligible
2831,Patricia Jackson,Female,Divorced,0,Graduate,No,8500000,21000000,6,665,3600000,9600000,27500000,11300000,Approved,52000000,2.47,0.4,Very High,Good,Medium Risk,Eligible
2832,David Moore,Male,Married,4,Not Graduate,No,2000000,6000000,12,837,1300000,1900000,6300000,2300000,Approved,11800000,3.0,0.51,Low,Excellent,Low Risk,Eligible
2833,Donald W. Jones,Male,Married,4,Not Graduate,Yes,7500000,18000000,20,395,200000,12800000,23500000,9700000,Rejected,46200000,2.4,0.39,High,Poor,Medium Risk,Not Eligible
2834,Sandra Gonzalez,Female,Single,0,Graduate,Yes,7500000,28900000,10,632,21700000,10700000,24700000,9900000,Approved,67000000,3.85,0.43,High,Fair,Medium Risk,Eligible
2835,Thomas V. Garcia,Male,Single,2,Not Graduate,No,2000000,4300000,16,497,5100000,200000,5700000,2800000,Rejected,13800000,2.15,0.31,Low,Poor,Medium Risk,Not Eligible
2836,Patricia Wilson,Female,Married,3,Graduate,Yes,1400000,2700000,14,694,3800000,200000,3600000,1700000,Approved,9300000,1.93,0.29,Low,Good,Medium Risk,Eligible
2837,Ashley Smith,Female,Single,1,Not Graduate,Yes,1700000,5600000,2,882,3100000,2600000,6700000,1600000,Approved,14000000,3.29,0.4,Low,Excellent,Low Risk,Eligible
2838,Jessica P. Thomas,Female,Divorced,2,Graduate,Yes,5300000,14900000,6,504,10600000,2100000,17000000,3200000,Rejected,32900000,2.81,0.45,High,Poor,Medium Risk,Not Eligible
2839,Donna Miller,Female,Married,4,Not Graduate,No,8900000,30100000,2,747,20600000,12900000,20700000,10300000,Approved,64500000,3.38,0.47,Very High,Good,Low Risk,Eligible
2840,Jessica K. Martin,Female,Single,3,Graduate,No,9700000,35300000,4,462,11500000,9500000,33700000,7200000,Approved,61900000,3.64,0.57,Very High,Poor,Medium Risk,Not Eligible
2841,Donna D. Gonzalez,Female,Single,5,Graduate,No,9000000,25900000,4,538,11100000,11100000,31300000,8100000,Rejected,61600000,2.88,0.42,Very High,Poor,Medium Risk,Not Eligible
2842,David Moore,Male,Divorced,2,Not Graduate,Yes,8500000,30900000,6,664,5700000,9900000,19800000,7400000,Approved,42800000,3.64,0.72,Very High,Good,Medium Risk,Eligible
2843,Robert Smith,Male,Single,1,Not Graduate,No,3500000,10900000,4,524,8800000,6200000,13600000,2800000,Approved,31400000,3.11,0.35,Medium,Poor,Medium Risk,Not Eligible
2844,Nancy C. Lopez,Female,Single,1,Not Graduate,No,500000,1400000,6,464,1100000,0,1900000,500000,Rejected,3500000,2.8,0.4,Low,Poor,Medium Risk,Not Eligible
2845,Lisa Brown,Female,Married,3,Graduate,No,8900000,19100000,6,807,2300000,16500000,29900000,10400000,Approved,59100000,2.15,0.32,Very High,Excellent,Low Risk,Eligible
2846,Kenneth G. Smith,Male,Married,2,Not Graduate,Yes,7800000,27200000,18,622,6000000,6000000,26400000,4300000,Approved,42700000,3.49,0.64,Very High,Fair,Medium Risk,Eligible
2847,Ashley Brown,Female,Single,5,Not Graduate,Yes,9800000,27800000,6,827,2400000,14900000,32800000,9500000,Approved,59600000,2.84,0.47,Very High,Excellent,Low Risk,Eligible
2848,Kenneth Martinez,Male,Married,0,Graduate,No,5200000,19000000,14,687,11900000,500000,19400000,4400000,Approved,36200000,3.65,0.52,High,Good,Medium Risk,Eligible
2849,Barbara Taylor,Female,Married,4,Graduate,No,7400000,19400000,16,835,16400000,14200000,23500000,6500000,Approved,60600000,2.62,0.32,High,Excellent,Low Risk,Eligible
2850,Patricia V. Gonzalez,Female,Single,3,Graduate,Yes,1200000,3300000,6,772,700000,900000,2900000,1400000,Approved,5900000,2.75,0.56,Low,Excellent,Low Risk,Eligible
2851,Margaret J. Lopez,Female,Single,1,Not Graduate,Yes,1000000,3200000,2,710,100000,200000,3300000,900000,Approved,4500000,3.2,0.71,Low,Good,Low Risk,Eligible
2852,Sandra J. Davis,Female,Married,3,Graduate,Yes,9500000,32500000,14,581,2800000,14300000,36000000,4700000,Approved,57800000,3.42,0.56,Very High,Fair,Medium Risk,Eligible
2853,Thomas Anderson,Male,Single,3,Not Graduate,No,4500000,11700000,18,775,8700000,2800000,12700000,4500000,Approved,28700000,2.6,0.41,Medium,Excellent,Low Risk,Eligible
2854,Robert E. Jackson,Male,Single,2,Graduate,No,4900000,16000000,12,710,8700000,7100000,10000000,5700000,Approved,31500000,3.27,0.51,Medium,Good,Low Risk,Eligible
2855,Elizabeth J. Jones,Female,Married,3,Not Graduate,Yes,700000,2500000,8,321,1900000,1200000,1700000,400000,Rejected,5200000,3.57,0.48,Low,Poor,Medium Risk,Not Eligible
2856,Donna N. Davis,Female,Married,0,Graduate,No,9400000,28300000,20,761,22500000,14800000,30800000,10100000,Approved,78200000,3.01,0.36,Very High,Excellent,Low Risk,Eligible
2857,Susan L. Thomas,Female,Single,3,Not Graduate,Yes,8300000,31400000,6,674,1000000,1600000,17200000,6100000,Rejected,25900000,3.78,1.21,Very High,Good,Medium Risk,Eligible
2858,Matthew Williams,Male,Married,4,Graduate,Yes,5600000,13000000,4,899,10500000,9100000,11400000,6400000,Approved,37400000,2.32,0.35,High,Excellent,Low Risk,Eligible
2859,Betty O. Garcia,Female,Married,5,Not Graduate,Yes,4400000,12300000,8,567,2400000,500000,12900000,6300000,Approved,22100000,2.8,0.56,Medium,Fair,Medium Risk,Eligible
2860,Lisa Anderson,Female,Single,3,Graduate,No,2100000,5400000,8,771,5200000,3700000,6200000,1000000,Approved,16100000,2.57,0.34,Low,Excellent,Low Risk,Eligible
2861,Lisa F. Jackson,Female,Single,1,Not Graduate,Yes,4400000,10600000,4,360,6600000,7700000,15100000,5000000,Rejected,34400000,2.41,0.31,Medium,Poor,Medium Risk,Not Eligible
2862,Charles Wilson,Male,Divorced,0,Not Graduate,No,6300000,19600000,6,425,15900000,10400000,13300000,5900000,Rejected,45500000,3.11,0.43,High,Poor,Medium Risk,Not Eligible
2863,Elizabeth H. Johnson,Female,Married,4,Graduate,No,9900000,30000000,18,496,10400000,8000000,29300000,13800000,Rejected,61500000,3.03,0.49,Very High,Poor,Medium Risk,Not Eligible
2864,Sarah N. Miller,Female,Single,3,Not Graduate,No,700000,1600000,20,705,600000,900000,2300000,700000,Approved,4500000,2.29,0.36,Low,Good,Low Risk,Eligible
2865,Matthew L. Hernandez,Male,Single,4,Not Graduate,No,3600000,12400000,14,427,10400000,2400000,9100000,2600000,Rejected,24500000,3.44,0.51,Medium,Poor,Medium Risk,Not Eligible
2866,Steven Taylor,Male,Single,1,Not Graduate,Yes,5600000,21000000,2,552,3200000,6300000,22100000,6100000,Approved,37700000,3.75,0.56,High,Fair,Medium Risk,Eligible
2867,Kimberley S. Gonzalez,Female,Married,3,Not Graduate,Yes,1000000,3700000,8,725,3000000,1300000,4000000,1300000,Approved,9600000,3.7,0.39,Low,Good,Low Risk,Eligible
2868,Mark Johnson,Male,Married,5,Graduate,Yes,6400000,15600000,8,553,14200000,2900000,20400000,8000000,Approved,45500000,2.44,0.34,High,Fair,Medium Risk,Eligible
2869,Emily Anderson,Female,Single,0,Not Graduate,No,8900000,19100000,2,725,8300000,15000000,19000000,8800000,Approved,51100000,2.15,0.37,Very High,Good,Low Risk,Eligible
2870,Donna Williams,Female,Divorced,4,Graduate,No,9900000,26100000,2,481,14500000,5000000,23600000,9300000,Rejected,52400000,2.64,0.5,Very High,Poor,Medium Risk,Not Eligible
2871,Michelle Jackson,Female,Single,2,Graduate,Yes,4000000,8600000,4,847,10200000,2700000,14300000,2400000,Approved,29600000,2.15,0.29,Medium,Excellent,Low Risk,Eligible
2872,Donald Rodriguez,Male,Married,0,Not Graduate,Yes,7300000,25700000,10,666,14000000,3100000,29000000,6000000,Approved,52100000,3.52,0.49,High,Good,Medium Risk,Eligible
2873,Thomas Jackson,Male,Single,1,Not Graduate,No,8100000,25400000,6,477,4500000,13200000,23200000,4400000,Rejected,45300000,3.14,0.56,Very High,Poor,Medium Risk,Not Eligible
2874,Robert O. Davis,Male,Single,4,Graduate,Yes,6800000,22100000,4,446,3700000,4600000,18900000,9200000,Approved,36400000,3.25,0.61,High,Poor,Medium Risk,Not Eligible
2875,Mark Z. Johnson,Male,Married,0,Not Graduate,Yes,2600000,8200000,8,630,6000000,4900000,7500000,2000000,Approved,20400000,3.15,0.4,Medium,Fair,Medium Risk,Eligible
2876,Mary X. Taylor,Female,Married,5,Not Graduate,Yes,300000,1100000,20,613,600000,400000,700000,200000,Approved,1900000,3.67,0.58,Low,Fair,Medium Risk,Eligible
2877,Michelle Johnson,Female,Married,2,Graduate,Yes,2400000,7500000,4,851,3100000,700000,5600000,2400000,Approved,11800000,3.12,0.64,Low,Excellent,Low Risk,Eligible
2878,Linda M. Davis,Female,Married,0,Not Graduate,No,6000000,20600000,12,339,3400000,10700000,17200000,8200000,Rejected,39500000,3.43,0.52,High,Poor,Medium Risk,Not Eligible
2879,Barbara A. Moore,Female,Married,4,Graduate,Yes,3800000,11100000,16,857,11300000,7400000,11700000,4700000,Approved,35100000,2.92,0.32,Medium,Excellent,Low Risk,Eligible
2880,Daniel A. Davis,Male,Single,0,Graduate,Yes,7000000,22100000,14,467,10000000,6400000,26100000,5800000,Rejected,48300000,3.16,0.46,High,Poor,Medium Risk,Not Eligible
2881,Barbara N. Martinez,Female,Single,0,Graduate,Yes,5400000,12900000,16,355,11200000,3100000,18200000,7400000,Rejected,39900000,2.39,0.32,High,Poor,Medium Risk,Not Eligible
2882,Susan Garcia,Female,Married,1,Not Graduate,No,6400000,16400000,6,428,12400000,10900000,23900000,8900000,Rejected,56100000,2.56,0.29,High,Poor,Medium Risk,Not Eligible
2883,Karen U. Moore,Female,Single,5,Not Graduate,Yes,7000000,24000000,14,450,10300000,5700000,21100000,4700000,Rejected,41800000,3.43,0.57,High,Poor,Medium Risk,Not Eligible
2884,William C. Smith,Male,Married,2,Not Graduate,Yes,2100000,4600000,4,348,5400000,0,7400000,1400000,Rejected,14200000,2.19,0.32,Low,Poor,Medium Risk,Not Eligible
2885,Barbara K. Brown,Female,Single,4,Not Graduate,Yes,4400000,15000000,12,459,5700000,800000,11400000,2400000,Rejected,20300000,3.41,0.74,Medium,Poor,Medium Risk,Not Eligible
2886,Kimberley Brown,Female,Married,0,Not Graduate,No,8000000,31000000,8,847,4900000,9500000,29600000,5700000,Approved,49700000,3.88,0.62,Very High,Excellent,Low Risk,Eligible
2887,Matthew Williams,Male,Single,2,Not Graduate,Yes,3900000,8300000,18,523,800000,300000,9900000,2300000,Rejected,13300000,2.13,0.62,Medium,Poor,Medium Risk,Not Eligible
2888,Andrew T. Rodriguez,Male,Married,0,Graduate,No,4700000,15200000,10,786,11100000,8000000,9600000,3200000,Approved,31900000,3.23,0.48,Medium,Excellent,Low Risk,Eligible
2889,Michael Garcia,Male,Single,0,Graduate,No,6800000,21200000,14,300,0,8700000,16500000,10000000,Rejected,35200000,3.12,0.6,High,Poor,Medium Risk,Not Eligible
2890,Steven Lopez,Male,Divorced,0,Not Graduate,Yes,1800000,6500000,12,728,3500000,0,6100000,1900000,Approved,11500000,3.61,0.57,Low,Good,Low Risk,Eligible
2891,Linda M. Taylor,Female,Single,3,Not Graduate,Yes,8600000,32000000,4,497,11400000,3300000,18600000,4900000,Approved,38200000,3.72,0.84,Very High,Poor,Medium Risk,Not Eligible
2892,Kenneth X. Thomas,Male,Married,1,Not Graduate,Yes,3600000,13700000,10,548,9900000,2400000,8900000,4100000,Rejected,25300000,3.81,0.54,Medium,Poor,Medium Risk,Not Eligible
2893,Steven M. Moore,Male,Single,1,Graduate,Yes,6800000,22900000,6,576,500000,11100000,13800000,5600000,Approved,31000000,3.37,0.74,High,Fair,Medium Risk,Eligible
2894,Susan Johnson,Female,Single,3,Graduate,Yes,1100000,4100000,20,863,800000,1100000,3700000,600000,Approved,6200000,3.73,0.66,Low,Excellent,Low Risk,Eligible
2895,Mary N. Lopez,Female,Married,4,Graduate,Yes,4000000,8400000,8,717,7400000,4900000,11900000,4000000,Approved,28200000,2.1,0.3,Medium,Good,Low Risk,Eligible
2896,Daniel Anderson,Male,Married,1,Graduate,No,2500000,5900000,12,668,7400000,600000,6300000,3700000,Approved,18000000,2.36,0.33,Low,Good,Medium Risk,Eligible
2897,Joshua Jones,Male,Married,2,Graduate,No,5400000,17400000,10,335,5900000,1400000,18100000,4300000,Rejected,29700000,3.22,0.59,High,Poor,Medium Risk,Not Eligible
2898,Linda Z. Martin,Female,Married,5,Not Graduate,No,6600000,13600000,4,861,11700000,8400000,14600000,5400000,Approved,40100000,2.06,0.34,High,Excellent,Low Risk,Eligible
2899,Jessica N. Martinez,Female,Single,4,Not Graduate,No,6000000,14900000,2,321,6900000,7700000,18000000,6500000,Rejected,39100000,2.48,0.38,High,Poor,Medium Risk,Not Eligible
2900,Robert E. Martinez,Male,Married,0,Graduate,Yes,2200000,8300000,10,585,3600000,1700000,4300000,1900000,Approved,11500000,3.77,0.72,Low,Fair,Medium Risk,Eligible
2901,Elizabeth Rodriguez,Female,Married,1,Graduate,No,8800000,18500000,10,704,14400000,3200000,26600000,11300000,Approved,55500000,2.1,0.33,Very High,Good,Low Risk,Eligible
2902,Paul Lopez,Male,Single,0,Not Graduate,Yes,4000000,10300000,4,819,11100000,1200000,15200000,2600000,Approved,30100000,2.58,0.34,Medium,Excellent,Low Risk,Eligible
2903,Sandra Smith,Female,Single,4,Not Graduate,Yes,3600000,12400000,18,494,5300000,100000,10200000,1900000,Rejected,17500000,3.44,0.71,Medium,Poor,Medium Risk,Not Eligible
2904,Michael T. Jones,Male,Married,5,Graduate,Yes,8100000,22500000,2,808,4800000,6100000,16900000,6000000,Approved,33800000,2.78,0.67,Very High,Excellent,Low Risk,Eligible
2905,Matthew Brown,Male,Single,3,Not Graduate,Yes,5200000,11000000,12,830,8900000,5100000,16000000,7600000,Approved,37600000,2.12,0.29,High,Excellent,Low Risk,Eligible
2906,Lisa Brown,Female,Single,5,Graduate,No,1100000,2800000,14,473,100000,500000,4200000,700000,Rejected,5500000,2.55,0.51,Low,Poor,Medium Risk,Not Eligible
2907,Thomas Johnson,Male,Married,2,Graduate,No,7500000,29800000,4,392,5500000,2200000,20800000,4000000,Approved,32500000,3.97,0.92,High,Poor,Medium Risk,Not Eligible
2908,Andrew R. Jackson,Male,Single,5,Not Graduate,No,7700000,20300000,12,806,21300000,13300000,18900000,9600000,Approved,63100000,2.64,0.32,Very High,Excellent,Low Risk,Eligible
2909,Linda B. Gonzalez,Female,Single,0,Not Graduate,No,5700000,21400000,8,340,3200000,1900000,17200000,3800000,Rejected,26100000,3.75,0.82,High,Poor,Medium Risk,Not Eligible
2910,Jennifer Hernandez,Female,Single,3,Graduate,Yes,5000000,13900000,8,555,12300000,6700000,18100000,4800000,Approved,41900000,2.78,0.33,Medium,Fair,Medium Risk,Eligible
2911,William Jackson,Male,Divorced,5,Not Graduate,No,500000,1200000,16,499,600000,600000,1500000,200000,Rejected,2900000,2.4,0.41,Low,Poor,Medium Risk,Not Eligible
2912,Steven Lopez,Male,Single,3,Graduate,No,8900000,21300000,10,467,18700000,2600000,31800000,8800000,Rejected,61900000,2.39,0.34,Very High,Poor,Medium Risk,Not Eligible
2913,Joshua H. Moore,Male,Single,1,Not Graduate,No,1700000,6600000,4,797,2800000,1900000,6100000,1300000,Approved,12100000,3.88,0.55,Low,Excellent,Low Risk,Eligible
2914,Richard D. Jackson,Male,Married,4,Not Graduate,Yes,500000,1300000,18,762,1400000,0,1600000,300000,Approved,3300000,2.6,0.39,Low,Excellent,Low Risk,Eligible
2915,Steven E. Miller,Male,Single,3,Not Graduate,Yes,9900000,36500000,16,562,17300000,18500000,22300000,9800000,Approved,67900000,3.69,0.54,Very High,Fair,Medium Risk,Eligible
2916,Mark I. Smith,Male,Married,1,Graduate,No,8400000,21800000,2,492,4000000,11000000,18200000,6600000,Rejected,39800000,2.6,0.55,Very High,Poor,Medium Risk,Not Eligible
2917,Steven Moore,Male,Married,3,Not Graduate,Yes,500000,1700000,4,824,500000,600000,1400000,400000,Approved,2900000,3.4,0.59,Low,Excellent,Low Risk,Eligible
2918,Susan Taylor,Female,Single,2,Graduate,No,1700000,5700000,10,602,4900000,2700000,4500000,1800000,Approved,13900000,3.35,0.41,Low,Fair,Medium Risk,Eligible
2919,Donna Martinez,Female,Married,1,Not Graduate,Yes,6500000,18300000,10,722,11900000,8600000,19200000,4500000,Approved,44200000,2.82,0.41,High,Good,Low Risk,Eligible
2920,Mark P. Rodriguez,Male,Single,1,Not Graduate,No,8900000,28400000,6,709,21600000,5500000,26200000,7900000,Approved,61200000,3.19,0.46,Very High,Good,Low Risk,Eligible
2921,Anthony Jackson,Male,Single,1,Not Graduate,No,400000,1400000,4,302,200000,100000,1500000,500000,Approved,2300000,3.5,0.61,Low,Poor,Medium Risk,Not Eligible
2922,Joshua S. Garcia,Male,Single,3,Not Graduate,No,5700000,12300000,6,364,7900000,11000000,20000000,5500000,Rejected,44400000,2.16,0.28,High,Poor,Medium Risk,Not Eligible
2923,David Johnson,Male,Single,0,Not Graduate,Yes,9600000,23800000,12,389,25200000,15800000,27000000,8300000,Rejected,76300000,2.48,0.31,Very High,Poor,Medium Risk,Not Eligible
2924,Michael Gonzalez,Male,Single,0,Graduate,Yes,8500000,20000000,16,786,13300000,7400000,17700000,8900000,Approved,47300000,2.35,0.42,Very High,Excellent,Low Risk,Eligible
2925,Joshua W. Smith,Male,Single,0,Graduate,No,4000000,11500000,8,434,4500000,2800000,8400000,5900000,Rejected,21600000,2.88,0.53,Medium,Poor,Medium Risk,Not Eligible
2926,Mark Brown,Male,Married,2,Not Graduate,Yes,6300000,18100000,6,671,7900000,8200000,13200000,5400000,Approved,34700000,2.87,0.52,High,Good,Medium Risk,Eligible
2927,William Lopez,Male,Married,3,Graduate,Yes,4000000,14700000,8,376,3000000,6200000,8900000,4200000,Rejected,22300000,3.68,0.66,Medium,Poor,Medium Risk,Not Eligible
2928,Margaret E. Miller,Female,Single,4,Graduate,No,9400000,32200000,6,898,27600000,11800000,19500000,8600000,Approved,67500000,3.43,0.48,Very High,Excellent,Low Risk,Eligible
2929,Susan Davis,Female,Divorced,5,Graduate,Yes,4100000,15500000,10,836,10500000,1100000,15200000,3600000,Approved,30400000,3.78,0.51,Medium,Excellent,Low Risk,Eligible
2930,Patricia Rodriguez,Female,Married,4,Graduate,Yes,1100000,4400000,6,515,1000000,700000,4300000,1500000,Rejected,7500000,4.0,0.59,Low,Poor,Medium Risk,Not Eligible
2931,Robert G. Anderson,Male,Married,3,Not Graduate,No,8700000,24800000,20,360,25300000,8700000,31100000,4300000,Rejected,69400000,2.85,0.36,Very High,Poor,Medium Risk,Not Eligible
2932,Elizabeth Martinez,Female,Married,4,Graduate,Yes,4900000,12800000,2,691,200000,4900000,14700000,7000000,Approved,26800000,2.61,0.48,Medium,Good,Medium Risk,Eligible
2933,Steven Taylor,Male,Married,1,Not Graduate,Yes,2800000,9100000,14,510,2400000,4200000,10400000,3000000,Rejected,20000000,3.25,0.46,Medium,Poor,Medium Risk,Not Eligible
2934,Jessica Anderson,Female,Divorced,0,Graduate,No,9600000,23200000,18,389,1000000,17600000,22200000,8800000,Rejected,49600000,2.42,0.47,Very High,Poor,Medium Risk,Not Eligible
2935,Betty Rodriguez,Female,Single,3,Graduate,Yes,6900000,19000000,14,348,4200000,3700000,19400000,4900000,Rejected,32200000,2.75,0.59,High,Poor,Medium Risk,Not Eligible
2936,James M. Davis,Male,Single,2,Not Graduate,Yes,2300000,8100000,2,504,1800000,3100000,4600000,3100000,Approved,12600000,3.52,0.64,Low,Poor,Medium Risk,Not Eligible
2937,William Q. Rodriguez,Male,Single,2,Not Graduate,No,6800000,21300000,20,658,7800000,7000000,25900000,9600000,Approved,50300000,3.13,0.42,High,Good,Medium Risk,Eligible
2938,Charles X. Taylor,Male,Married,1,Not Graduate,Yes,2200000,5400000,16,641,5900000,0,4800000,1200000,Approved,11900000,2.45,0.45,Low,Fair,Medium Risk,Eligible
2939,Joshua Brown,Male,Single,2,Not Graduate,No,5900000,19800000,20,327,7800000,1500000,19700000,8500000,Rejected,37500000,3.36,0.53,High,Poor,Medium Risk,Not Eligible
2940,Andrew Q. Martin,Male,Divorced,1,Graduate,Yes,7000000,20300000,18,726,11600000,13100000,17100000,9000000,Approved,50800000,2.9,0.4,High,Good,Low Risk,Eligible
2941,Kimberley Smith,Female,Single,1,Graduate,Yes,9600000,34100000,20,828,26100000,19000000,20800000,12400000,Approved,78300000,3.55,0.44,Very High,Excellent,Low Risk,Eligible
2942,Donna Hernandez,Female,Single,0,Graduate,No,6500000,14500000,12,755,9000000,11900000,20800000,3400000,Approved,45100000,2.23,0.32,High,Excellent,Low Risk,Eligible
2943,Christopher Wilson,Male,Married,2,Not Graduate,Yes,3800000,7600000,20,788,1700000,5200000,9200000,5600000,Approved,21700000,2.0,0.35,Medium,Excellent,Low Risk,Eligible
2944,Anthony L. Martin,Male,Single,2,Graduate,No,9400000,25100000,20,832,19400000,2100000,22300000,5900000,Approved,49700000,2.67,0.51,Very High,Excellent,Low Risk,Eligible
2945,Michelle K. Miller,Female,Single,0,Not Graduate,No,2100000,8200000,4,554,3900000,3800000,5900000,1700000,Approved,15300000,3.9,0.54,Low,Fair,Medium Risk,Eligible
2946,Nancy R. Thomas,Female,Single,1,Not Graduate,Yes,8500000,26200000,8,811,22800000,6400000,32500000,12700000,Approved,74400000,3.08,0.35,Very High,Excellent,Low Risk,Eligible
2947,Mark Moore,Male,Single,5,Graduate,Yes,3800000,12000000,2,649,6200000,5300000,10300000,4200000,Approved,26000000,3.16,0.46,Medium,Fair,Medium Risk,Eligible
2948,Thomas G. Wilson,Male,Married,1,Not Graduate,Yes,3400000,9700000,20,830,3500000,6400000,10300000,4800000,Approved,25000000,2.85,0.39,Medium,Excellent,Low Risk,Eligible
2949,William Moore,Male,Single,1,Graduate,Yes,5600000,11700000,6,707,4500000,800000,19000000,3900000,Approved,28200000,2.09,0.41,High,Good,Low Risk,Eligible
2950,Joseph Lopez,Male,Single,0,Graduate,Yes,8500000,33700000,10,483,18800000,8900000,29000000,12200000,Rejected,68900000,3.96,0.49,Very High,Poor,Medium Risk,Not Eligible
2951,Linda O. Rodriguez,Female,Divorced,4,Not Graduate,Yes,2100000,5500000,18,349,100000,0,6600000,2000000,Rejected,8700000,2.62,0.63,Low,Poor,Medium Risk,Not Eligible
2952,Daniel C. Davis,Male,Married,4,Graduate,No,400000,1500000,4,846,300000,0,1600000,600000,Approved,2500000,3.75,0.6,Low,Excellent,Low Risk,Eligible
2953,Robert R. Thomas,Male,Single,4,Not Graduate,No,7900000,31500000,20,386,14300000,3800000,23800000,7500000,Rejected,49400000,3.99,0.64,Very High,Poor,Medium Risk,Not Eligible
2954,Steven K. Miller,Male,Single,5,Not Graduate,No,6900000,19200000,12,408,10000000,5000000,24900000,9000000,Rejected,48900000,2.78,0.39,High,Poor,Medium Risk,Not Eligible
2955,Joshua Rodriguez,Male,Married,0,Not Graduate,Yes,1800000,3900000,2,764,2200000,700000,3500000,1200000,Approved,7600000,2.17,0.51,Low,Excellent,Low Risk,Eligible
2956,Margaret A. Moore,Female,Married,0,Graduate,Yes,1200000,3200000,18,473,2100000,600000,2400000,1200000,Rejected,6300000,2.67,0.51,Low,Poor,Medium Risk,Not Eligible
2957,Charles Miller,Male,Single,3,Not Graduate,No,3600000,9800000,12,654,600000,1300000,7500000,2200000,Approved,11600000,2.72,0.84,Medium,Good,Medium Risk,Eligible
2958,Richard G. Miller,Male,Single,1,Graduate,No,7200000,22800000,2,551,15000000,8700000,21300000,9500000,Approved,54500000,3.17,0.42,High,Fair,Medium Risk,Eligible
2959,Patricia Anderson,Female,Single,5,Graduate,No,9400000,21800000,6,850,13300000,11700000,24800000,6800000,Approved,56600000,2.32,0.39,Very High,Excellent,Low Risk,Eligible
2960,Joseph Y. Lopez,Male,Single,5,Graduate,No,9000000,24200000,4,646,12400000,5500000,18100000,11900000,Approved,47900000,2.69,0.51,Very High,Fair,Medium Risk,Eligible
2961,Elizabeth F. Williams,Female,Married,1,Not Graduate,Yes,1000000,2100000,8,793,2900000,1300000,2200000,1400000,Approved,7800000,2.1,0.27,Low,Excellent,Low Risk,Eligible
2962,Richard Lopez,Male,Single,3,Not Graduate,No,5600000,19900000,16,551,14000000,4200000,16100000,4500000,Approved,38800000,3.55,0.51,High,Fair,Medium Risk,Eligible
2963,Linda G. Williams,Female,Single,1,Graduate,No,900000,2600000,4,346,400000,700000,2900000,900000,Rejected,4900000,2.89,0.53,Low,Poor,Medium Risk,Not Eligible
2964,Linda Wilson,Female,Married,5,Not Graduate,Yes,9000000,19100000,14,540,11300000,800000,18300000,4900000,Rejected,35300000,2.12,0.54,Very High,Poor,Medium Risk,Not Eligible
2965,Kimberley Q. Moore,Female,Divorced,2,Not Graduate,No,3100000,9000000,20,892,5000000,5600000,7100000,4000000,Approved,21700000,2.9,0.41,Medium,Excellent,Low Risk,Eligible
2966,Margaret T. Garcia,Female,Married,1,Not Graduate,Yes,8000000,20700000,6,570,1000000,11700000,23200000,11300000,Approved,47200000,2.59,0.44,Very High,Fair,Medium Risk,Eligible
2967,Donald Wilson,Male,Married,4,Not Graduate,Yes,3500000,11300000,16,874,1400000,3800000,10100000,3700000,Approved,19000000,3.23,0.59,Medium,Excellent,Low Risk,Eligible
2968,Sarah Hernandez,Female,Single,4,Graduate,No,3900000,12600000,8,553,8200000,2500000,12300000,4500000,Approved,27500000,3.23,0.46,Medium,Fair,Medium Risk,Eligible
2969,Joseph Gonzalez,Male,Married,2,Graduate,No,9700000,34500000,10,649,10600000,7600000,24800000,5900000,Approved,48900000,3.56,0.71,Very High,Fair,Medium Risk,Eligible
2970,Jennifer Jackson,Female,Married,4,Graduate,No,4500000,15800000,14,439,8900000,6900000,15200000,4400000,Rejected,35400000,3.51,0.45,Medium,Poor,Medium Risk,Not Eligible
2971,Thomas D. Moore,Male,Married,5,Not Graduate,No,6800000,24800000,8,621,13000000,13500000,23300000,4800000,Approved,54600000,3.65,0.45,High,Fair,Medium Risk,Eligible
2972,Donna Jones,Female,Single,2,Not Graduate,No,6300000,18600000,14,872,9900000,11900000,16100000,7500000,Approved,45400000,2.95,0.41,High,Excellent,Low Risk,Eligible
2973,David Q. Davis,Male,Divorced,2,Graduate,No,4900000,18500000,8,492,12900000,5000000,10200000,5800000,Rejected,33900000,3.78,0.55,Medium,Poor,Medium Risk,Not Eligible
2974,Thomas K. Moore,Male,Married,0,Graduate,No,4800000,18600000,6,618,12300000,5900000,16800000,4000000,Approved,39000000,3.88,0.48,Medium,Fair,Medium Risk,Eligible
2975,Charles Rodriguez,Male,Single,5,Graduate,No,7500000,15800000,18,458,7800000,6500000,22400000,8400000,Rejected,45100000,2.11,0.35,High,Poor,Medium Risk,Not Eligible
2976,Robert Wilson,Male,Married,5,Not Graduate,No,5200000,13900000,4,422,7800000,4500000,12000000,7000000,Rejected,31300000,2.67,0.44,High,Poor,Medium Risk,Not Eligible
2977,Thomas T. Williams,Male,Married,3,Not Graduate,Yes,9400000,30900000,20,873,22800000,17700000,19300000,9000000,Approved,68800000,3.29,0.45,Very High,Excellent,Low Risk,Eligible
2978,Emily K. Williams,Female,Married,5,Not Graduate,No,3200000,10000000,14,610,2900000,3800000,8600000,3500000,Approved,18800000,3.12,0.53,Medium,Fair,Medium Risk,Eligible
2979,Lisa Smith,Female,Single,1,Not Graduate,Yes,3600000,13200000,20,546,8900000,3600000,13900000,2900000,Rejected,29300000,3.67,0.45,Medium,Poor,Medium Risk,Not Eligible
2980,James Smith,Male,Single,1,Not Graduate,Yes,3400000,7200000,8,741,4300000,6600000,11500000,3900000,Approved,26300000,2.12,0.27,Medium,Good,Low Risk,Eligible
2981,Michael Miller,Male,Married,3,Graduate,No,2100000,8200000,6,754,900000,2900000,4900000,1000000,Approved,9700000,3.9,0.85,Low,Excellent,Low Risk,Eligible
2982,Emily Lopez,Female,Married,1,Graduate,No,7200000,15100000,8,379,2600000,8300000,21700000,8200000,Rejected,40800000,2.1,0.37,High,Poor,Medium Risk,Not Eligible
2983,David Lopez,Male,Married,5,Graduate,No,4500000,16900000,18,455,2700000,2500000,10700000,5600000,Rejected,21500000,3.76,0.79,Medium,Poor,Medium Risk,Not Eligible
2984,Karen Rodriguez,Female,Married,0,Graduate,Yes,2600000,9000000,20,615,6800000,0,8400000,3400000,Approved,18600000,3.46,0.48,Medium,Fair,Medium Risk,Eligible
2985,Kenneth J. Jackson,Male,Married,4,Graduate,Yes,6400000,21700000,10,384,16500000,8200000,15100000,5700000,Rejected,45500000,3.39,0.48,High,Poor,Medium Risk,Not Eligible
2986,David J. Garcia,Male,Married,0,Graduate,No,6400000,25100000,16,628,16100000,2900000,18100000,6400000,Approved,43500000,3.92,0.58,High,Fair,Medium Risk,Eligible
2987,Daniel Gonzalez,Male,Married,3,Graduate,No,3100000,11200000,16,865,3600000,4600000,6600000,4200000,Approved,19000000,3.61,0.59,Medium,Excellent,Low Risk,Eligible
2988,Mary A. Johnson,Female,Married,2,Graduate,No,1800000,5300000,2,679,1000000,1400000,5800000,900000,Approved,9100000,2.94,0.58,Low,Good,Medium Risk,Eligible
2989,Anthony C. Lopez,Male,Single,1,Graduate,Yes,9300000,19000000,14,689,24000000,11500000,35100000,9000000,Approved,79600000,2.04,0.24,Very High,Good,Medium Risk,Eligible
2990,Kimberley Jones,Female,Married,5,Not Graduate,Yes,6500000,13800000,10,636,13000000,5500000,19400000,8100000,Approved,46000000,2.12,0.3,High,Fair,Medium Risk,Eligible
2991,Mark Q. Jones,Male,Single,1,Not Graduate,No,3100000,6600000,20,837,4000000,4200000,12300000,4300000,Approved,24800000,2.13,0.27,Medium,Excellent,Low Risk,Eligible
2992,Nancy Johnson,Female,Married,3,Not Graduate,No,2300000,8500000,12,557,3600000,1400000,6200000,1300000,Approved,12500000,3.7,0.68,Low,Fair,Medium Risk,Eligible
2993,Patricia U. Moore,Female,Married,2,Graduate,No,500000,1700000,10,324,300000,300000,1800000,700000,Rejected,3100000,3.4,0.55,Low,Poor,Medium Risk,Not Eligible
2994,Susan Davis,Female,Divorced,0,Not Graduate,Yes,3700000,9300000,14,531,8300000,1000000,8900000,1900000,Rejected,20100000,2.51,0.46,Medium,Poor,Medium Risk,Not Eligible
2995,Michelle A. Lopez,Female,Married,4,Not Graduate,Yes,8600000,21400000,14,476,6200000,2700000,28000000,12800000,Rejected,49700000,2.49,0.43,Very High,Poor,Medium Risk,Not Eligible
2996,David Williams,Male,Married,4,Graduate,No,2600000,8500000,4,775,600000,3800000,10400000,2600000,Approved,17400000,3.27,0.49,Medium,Excellent,Low Risk,Eligible
2997,Anthony D. Rodriguez,Male,Divorced,1,Not Graduate,Yes,7100000,18000000,20,477,6600000,13200000,19300000,9300000,Rejected,48400000,2.54,0.37,High,Poor,Medium Risk,Not Eligible
2998,Charles U. Rodriguez,Male,Single,4,Not Graduate,Yes,7000000,19800000,16,682,9300000,5300000,14500000,7300000,Approved,36400000,2.83,0.54,High,Good,Medium Risk,Eligible
2999,Ashley M. Davis,Female,Married,5,Not Graduate,No,8300000,17700000,12,334,19600000,13200000,22500000,9800000,Rejected,65100000,2.13,0.27,Very High,Poor,Medium Risk,Not Eligible
3000,Paul Williams,Male,Single,3,Graduate,Yes,6800000,23900000,12,565,18800000,2800000,18800000,6700000,Approved,47100000,3.51,0.51,High,Fair,Medium Risk,Eligible
3001,David J. Gonzalez,Male,Married,1,Not Graduate,Yes,9900000,25700000,2,340,15600000,18800000,29500000,11800000,Rejected,75700000,2.6,0.34,Very High,Poor,Medium Risk,Not Eligible
3002,Sandra Martinez,Female,Single,2,Graduate,No,5100000,11000000,14,322,7900000,2900000,10700000,5900000,Rejected,27400000,2.16,0.4,High,Poor,Medium Risk,Not Eligible
3003,Elizabeth Q. Lopez,Female,Married,4,Graduate,Yes,3500000,10700000,8,883,200000,2300000,8400000,2000000,Approved,12900000,3.06,0.83,Medium,Excellent,Low Risk,Eligible
3004,Christopher Rodriguez,Male,Divorced,3,Graduate,Yes,4300000,12800000,16,346,3300000,1100000,11900000,3800000,Rejected,20100000,2.98,0.64,Medium,Poor,Medium Risk,Not Eligible
3005,Karen Gonzalez,Female,Divorced,0,Graduate,Yes,5300000,20200000,2,861,500000,800000,16500000,6200000,Approved,24000000,3.81,0.84,High,Excellent,Low Risk,Eligible
3006,Karen Johnson,Female,Married,5,Graduate,Yes,6400000,21900000,12,699,15700000,500000,17200000,3800000,Approved,37200000,3.42,0.59,High,Good,Medium Risk,Eligible
3007,Lisa J. Moore,Female,Single,0,Graduate,No,9300000,27200000,8,629,4500000,14300000,26900000,5000000,Approved,50700000,2.92,0.54,Very High,Fair,Medium Risk,Eligible
3008,Michael Thomas,Male,Married,3,Graduate,No,1100000,3100000,14,359,1500000,1000000,4000000,1000000,Rejected,7500000,2.82,0.41,Low,Poor,Medium Risk,Not Eligible
3009,Karen Q. Taylor,Female,Married,2,Not Graduate,No,7100000,27000000,10,430,20700000,8300000,24500000,4200000,Rejected,57700000,3.8,0.47,High,Poor,Medium Risk,Not Eligible
3010,Thomas Brown,Male,Married,4,Not Graduate,No,1100000,3300000,18,417,1400000,1000000,4200000,700000,Rejected,7300000,3.0,0.45,Low,Poor,Medium Risk,Not Eligible
3011,Charles E. Hernandez,Male,Married,2,Graduate,No,1900000,5200000,6,896,4300000,100000,6200000,2400000,Approved,13000000,2.74,0.4,Low,Excellent,Low Risk,Eligible
3012,Daniel Johnson,Male,Married,0,Not Graduate,No,1300000,3900000,16,690,3600000,1700000,4700000,800000,Approved,10800000,3.0,0.36,Low,Good,Medium Risk,Eligible
3013,Jessica G. Miller,Female,Widowed,5,Graduate,No,7500000,22800000,16,347,15100000,1200000,16100000,10700000,Rejected,43100000,3.04,0.53,High,Poor,Medium Risk,Not Eligible
3014,Susan Taylor,Female,Single,4,Not Graduate,No,2400000,7000000,4,539,2300000,0,9600000,2900000,Rejected,14800000,2.92,0.47,Low,Poor,Medium Risk,Not Eligible
3015,Anthony Z. Davis,Male,Single,4,Graduate,Yes,2500000,8000000,8,464,4000000,3000000,9000000,3000000,Rejected,19000000,3.2,0.42,Low,Poor,Medium Risk,Not Eligible
3016,Kenneth X. Anderson,Male,Divorced,4,Graduate,No,7500000,16200000,4,310,10800000,14300000,14900000,5800000,Rejected,45800000,2.16,0.35,High,Poor,Medium Risk,Not Eligible
3017,Andrew G. Johnson,Male,Single,3,Not Graduate,No,9300000,36600000,6,431,22000000,14600000,32900000,8800000,Rejected,78300000,3.94,0.47,Very High,Poor,Medium Risk,Not Eligible
3018,Joseph Thomas,Male,Married,5,Not Graduate,No,3300000,10000000,12,489,2000000,500000,7200000,2800000,Rejected,12500000,3.03,0.8,Medium,Poor,Medium Risk,Not Eligible
3019,Jessica B. Johnson,Female,Married,4,Not Graduate,Yes,5700000,13900000,12,775,1600000,3100000,15900000,7100000,Approved,27700000,2.44,0.5,High,Excellent,Low Risk,Eligible
3020,Kenneth Taylor,Male,Widowed,4,Not Graduate,No,300000,600000,6,365,0,400000,600000,200000,Rejected,1200000,2.0,0.5,Low,Poor,Medium Risk,Not Eligible
3021,Linda N. Anderson,Female,Married,2,Not Graduate,Yes,1200000,4500000,10,555,100000,1100000,2700000,1400000,Approved,5300000,3.75,0.85,Low,Fair,Medium Risk,Eligible
3022,James Garcia,Male,Single,4,Graduate,Yes,8200000,29600000,10,457,6700000,6700000,21400000,11000000,Rejected,45800000,3.61,0.65,Very High,Poor,Medium Risk,Not Eligible
3023,Joshua Brown,Male,Married,3,Not Graduate,No,5500000,12400000,8,580,800000,900000,19300000,7300000,Approved,28300000,2.25,0.44,High,Fair,Medium Risk,Eligible
3024,Kenneth H. Taylor,Male,Married,4,Not Graduate,No,1800000,7200000,20,496,3000000,1100000,7200000,2000000,Rejected,13300000,4.0,0.54,Low,Poor,Medium Risk,Not Eligible
3025,Ashley Thomas,Female,Single,0,Not Graduate,No,3500000,11400000,16,837,3700000,2100000,10000000,2700000,Approved,18500000,3.26,0.62,Medium,Excellent,Low Risk,Eligible
3026,Mark V. Smith,Male,Single,4,Not Graduate,Yes,6000000,13200000,6,455,7300000,5900000,16500000,7100000,Rejected,36800000,2.2,0.36,High,Poor,Medium Risk,Not Eligible
3027,Michelle Lopez,Female,Single,0,Graduate,Yes,2700000,9700000,20,551,1300000,1300000,7100000,1600000,Approved,11300000,3.59,0.86,Medium,Fair,Medium Risk,Eligible
3028,Michelle Q. Williams,Female,Married,4,Not Graduate,Yes,5900000,20700000,10,825,11700000,7900000,21000000,8500000,Approved,49100000,3.51,0.42,High,Excellent,Low Risk,Eligible
3029,Linda Moore,Female,Single,1,Not Graduate,Yes,2100000,4200000,18,554,3400000,800000,6400000,1500000,Approved,12100000,2.0,0.35,Low,Fair,Medium Risk,Eligible
3030,Lisa Y. Smith,Female,Widowed,0,Not Graduate,Yes,2000000,5200000,18,400,1900000,1500000,5000000,1500000,Rejected,9900000,2.6,0.53,Low,Poor,Medium Risk,Not Eligible
3031,Richard T. Garcia,Male,Married,5,Not Graduate,No,9000000,34300000,10,853,22500000,11900000,32200000,10100000,Approved,76700000,3.81,0.45,Very High,Excellent,Low Risk,Eligible
3032,Michael Davis,Male,Single,1,Not Graduate,Yes,7600000,18800000,14,403,20900000,4700000,24700000,10000000,Rejected,60300000,2.47,0.31,Very High,Poor,Medium Risk,Not Eligible
3033,Jennifer Williams,Female,Single,3,Graduate,No,500000,1500000,6,392,1400000,200000,1800000,600000,Rejected,4000000,3.0,0.38,Low,Poor,Medium Risk,Not Eligible
3034,Elizabeth X. Taylor,Female,Single,1,Graduate,No,6300000,19000000,20,673,14600000,8100000,16000000,4200000,Approved,42900000,3.02,0.44,High,Good,Medium Risk,Eligible
3035,Mary Hernandez,Female,Divorced,0,Graduate,Yes,3100000,7100000,10,498,3800000,1100000,12200000,4300000,Rejected,21400000,2.29,0.33,Medium,Poor,Medium Risk,Not Eligible
3036,Sandra D. Johnson,Female,Single,1,Not Graduate,No,1100000,2600000,6,858,1800000,1900000,2700000,600000,Approved,7000000,2.36,0.37,Low,Excellent,Low Risk,Eligible
3037,Mark G. Smith,Male,Divorced,4,Graduate,Yes,3900000,14300000,20,477,1000000,4600000,9100000,2900000,Rejected,17600000,3.67,0.81,Medium,Poor,Medium Risk,Not Eligible
3038,Paul Miller,Male,Single,4,Not Graduate,Yes,8700000,28200000,12,548,11800000,9900000,19800000,8500000,Rejected,50000000,3.24,0.56,Very High,Poor,Medium Risk,Not Eligible
3039,James Gonzalez,Male,Married,4,Not Graduate,Yes,6400000,23900000,6,300,16200000,11600000,24900000,7000000,Rejected,59700000,3.73,0.4,High,Poor,Medium Risk,Not Eligible
3040,Susan Y. Brown,Female,Single,2,Graduate,Yes,200000,800000,12,483,100000,200000,600000,300000,Rejected,1200000,4.0,0.67,Low,Poor,Medium Risk,Not Eligible
3041,Nancy Q. Johnson,Female,Married,1,Graduate,No,2400000,5800000,20,384,1700000,2500000,8400000,3100000,Rejected,15700000,2.42,0.37,Low,Poor,Medium Risk,Not Eligible
3042,Donna Brown,Female,Married,3,Not Graduate,No,8900000,35200000,10,894,17100000,5600000,27700000,9800000,Approved,60200000,3.96,0.58,Very High,Excellent,Low Risk,Eligible
3043,Emily Q. Jones,Female,Married,3,Not Graduate,No,6100000,14800000,10,492,6700000,3500000,17900000,6100000,Rejected,34200000,2.43,0.43,High,Poor,Medium Risk,Not Eligible
3044,Patricia Brown,Female,Divorced,5,Not Graduate,Yes,7600000,25700000,4,607,12900000,13600000,29100000,4900000,Approved,60500000,3.38,0.42,Very High,Fair,Medium Risk,Eligible
3045,Paul K. Anderson,Male,Single,3,Not Graduate,No,900000,2400000,16,701,700000,0,2000000,400000,Approved,3100000,2.67,0.77,Low,Good,Low Risk,Eligible
3046,Emily Taylor,Female,Single,2,Not Graduate,Yes,7100000,19700000,20,890,13900000,3900000,22200000,4000000,Approved,44000000,2.77,0.45,High,Excellent,Low Risk,Eligible
3047,Matthew B. Martin,Male,Single,2,Not Graduate,Yes,5000000,14600000,10,808,4400000,3500000,17300000,3100000,Approved,28300000,2.92,0.52,Medium,Excellent,Low Risk,Eligible
3048,Margaret B. Smith,Female,Married,4,Graduate,Yes,2000000,7400000,20,596,600000,2300000,4900000,2500000,Approved,10300000,3.7,0.72,Low,Fair,Medium Risk,Eligible
3049,Christopher A. Martinez,Male,Married,4,Graduate,Yes,2600000,6200000,14,421,2500000,2200000,8900000,3400000,Rejected,17000000,2.38,0.36,Medium,Poor,Medium Risk,Not Eligible
3050,Sarah M. Jackson,Female,Married,2,Graduate,Yes,7000000,14900000,20,495,9900000,8800000,14000000,10200000,Rejected,42900000,2.13,0.35,High,Poor,Medium Risk,Not Eligible
3051,Michelle Y. Jackson,Female,Married,3,Graduate,No,3900000,9800000,6,604,10900000,7300000,7700000,3300000,Approved,29200000,2.51,0.34,Medium,Fair,Medium Risk,Eligible
3052,Jennifer Taylor,Female,Married,3,Graduate,No,8400000,32600000,4,509,22700000,12600000,32400000,8700000,Approved,76400000,3.88,0.43,Very High,Poor,Medium Risk,Not Eligible
3053,Donna S. Gonzalez,Female,Single,0,Graduate,Yes,200000,600000,8,852,500000,0,400000,200000,Approved,1100000,3.0,0.55,Low,Excellent,Low Risk,Eligible
3054,Donna Brown,Female,Married,2,Not Graduate,Yes,1900000,6700000,16,893,5600000,3600000,6300000,1600000,Approved,17100000,3.53,0.39,Low,Excellent,Low Risk,Eligible
3055,Donna G. Martin,Female,Divorced,2,Not Graduate,Yes,9200000,33000000,14,874,3900000,9700000,31200000,6600000,Approved,51400000,3.59,0.64,Very High,Excellent,Low Risk,Eligible
3056,William Z. Garcia,Male,Married,3,Not Graduate,Yes,300000,500000,6,386,800000,200000,1200000,100000,Rejected,2300000,1.67,0.22,Low,Poor,Medium Risk,Not Eligible
3057,Elizabeth Wilson,Female,Married,5,Graduate,No,6300000,18100000,4,590,5400000,10900000,22400000,8600000,Approved,47300000,2.87,0.38,High,Fair,Medium Risk,Eligible
3058,Mark R. Martin,Male,Married,2,Not Graduate,No,6100000,23500000,14,510,9000000,9500000,12400000,3400000,Rejected,34300000,3.85,0.69,High,Poor,Medium Risk,Not Eligible
3059,Linda A. Anderson,Female,Married,3,Graduate,Yes,7800000,25600000,6,523,13600000,7100000,20800000,9200000,Rejected,50700000,3.28,0.5,Very High,Poor,Medium Risk,Not Eligible
3060,Joseph X. Martinez,Male,Single,0,Graduate,Yes,2000000,6700000,8,461,4900000,2200000,7200000,2600000,Rejected,16900000,3.35,0.4,Low,Poor,Medium Risk,Not Eligible
3061,Daniel U. Martin,Male,Single,4,Not Graduate,No,1900000,5600000,2,832,2700000,3300000,7100000,2400000,Approved,15500000,2.95,0.36,Low,Excellent,Low Risk,Eligible
3062,Andrew J. Smith,Male,Married,2,Not Graduate,Yes,3300000,9600000,18,896,9900000,900000,12100000,4900000,Approved,27800000,2.91,0.35,Medium,Excellent,Low Risk,Eligible
3063,Sandra W. Brown,Female,Married,0,Not Graduate,Yes,9500000,26000000,2,732,22500000,15600000,20400000,9300000,Approved,67800000,2.74,0.38,Very High,Good,Low Risk,Eligible
3064,Lisa Z. Smith,Female,Single,0,Graduate,Yes,3500000,13900000,16,301,10300000,100000,8700000,2700000,Rejected,21800000,3.97,0.64,Medium,Poor,Medium Risk,Not Eligible
3065,Emily Jones,Female,Single,5,Graduate,No,4400000,15800000,4,701,4100000,6300000,17100000,4100000,Approved,31600000,3.59,0.5,Medium,Good,Low Risk,Eligible
3066,Donna Gonzalez,Female,Married,2,Not Graduate,No,2000000,4000000,14,502,4900000,1500000,5400000,1300000,Rejected,13100000,2.0,0.31,Low,Poor,Medium Risk,Not Eligible
3067,James Moore,Male,Married,3,Not Graduate,No,9200000,19500000,12,742,18300000,9900000,19500000,13700000,Approved,61400000,2.12,0.32,Very High,Good,Low Risk,Eligible
3068,Joseph Taylor,Male,Single,1,Not Graduate,No,2200000,5000000,2,755,1100000,2500000,6700000,3200000,Approved,13500000,2.27,0.37,Low,Excellent,Low Risk,Eligible
3069,Charles M. Miller,Male,Married,1,Not Graduate,No,1900000,7100000,2,834,3900000,2300000,5800000,1400000,Approved,13400000,3.74,0.53,Low,Excellent,Low Risk,Eligible
3070,Joshua I. Martinez,Male,Married,5,Graduate,Yes,8700000,18400000,12,394,18800000,3200000,24600000,12000000,Rejected,58600000,2.11,0.31,Very High,Poor,Medium Risk,Not Eligible
3071,James Garcia,Male,Single,3,Graduate,Yes,9700000,19700000,4,663,16700000,2200000,36200000,5200000,Approved,60300000,2.03,0.33,Very High,Good,Medium Risk,Eligible
3072,Paul M. Wilson,Male,Single,3,Graduate,No,9400000,20300000,10,649,19600000,6700000,36100000,10000000,Approved,72400000,2.16,0.28,Very High,Fair,Medium Risk,Eligible
3073,William C. Gonzalez,Male,Single,4,Not Graduate,Yes,8000000,23200000,14,738,10900000,12100000,19900000,5400000,Approved,48300000,2.9,0.48,Very High,Good,Low Risk,Eligible
3074,Kenneth A. Hernandez,Male,Single,5,Not Graduate,No,1000000,2000000,4,524,2700000,1800000,2200000,700000,Rejected,7400000,2.0,0.27,Low,Poor,Medium Risk,Not Eligible
3075,Anthony Taylor,Male,Married,5,Not Graduate,No,5300000,14600000,16,855,4200000,1600000,11200000,7400000,Approved,24400000,2.75,0.6,High,Excellent,Low Risk,Eligible
3076,Christopher Martin,Male,Married,3,Graduate,Yes,1400000,5400000,20,304,1700000,1300000,2900000,800000,Rejected,6700000,3.86,0.81,Low,Poor,Medium Risk,Not Eligible
3077,Donald U. Wilson,Male,Married,2,Graduate,Yes,1600000,3800000,12,532,3200000,1400000,5400000,1100000,Rejected,11100000,2.38,0.34,Low,Poor,Medium Risk,Not Eligible
3078,Sandra Jones,Female,Single,3,Graduate,Yes,3400000,8500000,6,584,4200000,4700000,6800000,3700000,Approved,19400000,2.5,0.44,Medium,Fair,Medium Risk,Eligible
3079,Sarah O. Smith,Female,Married,3,Graduate,No,7800000,28700000,4,447,7200000,9500000,20100000,11300000,Approved,48100000,3.68,0.6,Very High,Poor,Medium Risk,Not Eligible
3080,Betty Garcia,Female,Divorced,4,Not Graduate,No,7100000,19900000,14,852,4700000,3200000,19700000,7600000,Approved,35200000,2.8,0.57,High,Excellent,Low Risk,Eligible
3081,Anthony T. Wilson,Male,Single,1,Not Graduate,Yes,6000000,13100000,2,368,9900000,2200000,13700000,4900000,Rejected,30700000,2.18,0.43,High,Poor,Medium Risk,Not Eligible
3082,Andrew P. Williams,Male,Married,3,Not Graduate,Yes,8200000,28900000,10,447,4400000,14700000,29400000,6800000,Rejected,55300000,3.52,0.52,Very High,Poor,Medium Risk,Not Eligible
3083,Betty S. Johnson,Female,Married,4,Graduate,No,3900000,11400000,20,867,3800000,1100000,13600000,3200000,Approved,21700000,2.92,0.53,Medium,Excellent,Low Risk,Eligible
3084,Charles Smith,Male,Married,5,Not Graduate,Yes,8400000,17600000,12,397,13400000,14500000,24500000,7900000,Rejected,60300000,2.1,0.29,Very High,Poor,Medium Risk,Not Eligible
3085,Jennifer Miller,Female,Married,4,Graduate,No,9700000,19400000,20,798,6400000,13700000,20300000,12800000,Approved,53200000,2.0,0.36,Very High,Excellent,Low Risk,Eligible
3086,David Hernandez,Male,Divorced,1,Not Graduate,Yes,8300000,26300000,20,530,22800000,11000000,33200000,8000000,Rejected,75000000,3.17,0.35,Very High,Poor,Medium Risk,Not Eligible
3087,Matthew Gonzalez,Male,Married,4,Graduate,No,2500000,9900000,16,356,5500000,2600000,6100000,2300000,Rejected,16500000,3.96,0.6,Low,Poor,Medium Risk,Not Eligible
3088,Donald Smith,Male,Widowed,3,Graduate,No,6100000,24000000,18,718,4100000,3400000,16600000,6800000,Approved,30900000,3.93,0.78,High,Good,Low Risk,Eligible
3089,William A. Williams,Male,Single,3,Not Graduate,No,5000000,13000000,10,459,2900000,3400000,18200000,7200000,Rejected,31700000,2.6,0.41,Medium,Poor,Medium Risk,Not Eligible
3090,Mark V. Davis,Male,Single,3,Not Graduate,No,9500000,22200000,8,571,4400000,8600000,24400000,10500000,Approved,47900000,2.34,0.46,Very High,Fair,Medium Risk,Eligible
3091,Ashley L. Moore,Female,Single,2,Graduate,No,5700000,20500000,8,412,5800000,4300000,21200000,4900000,Rejected,36200000,3.6,0.57,High,Poor,Medium Risk,Not Eligible
3092,Joseph Anderson,Male,Married,1,Graduate,Yes,5000000,12500000,20,604,4100000,100000,12200000,7400000,Approved,23800000,2.5,0.53,Medium,Fair,Medium Risk,Eligible
3093,Karen X. Rodriguez,Female,Widowed,4,Not Graduate,Yes,8600000,20600000,16,449,10800000,10600000,28700000,5400000,Rejected,55500000,2.4,0.37,Very High,Poor,Medium Risk,Not Eligible
3094,Patricia J. Jones,Female,Married,5,Not Graduate,No,1400000,5300000,12,778,1600000,700000,4400000,700000,Approved,7400000,3.79,0.72,Low,Excellent,Low Risk,Eligible
3095,Mark Rodriguez,Male,Single,3,Graduate,No,5900000,21200000,16,476,11700000,4800000,14800000,7700000,Rejected,39000000,3.59,0.54,High,Poor,Medium Risk,Not Eligible
3096,Susan M. Rodriguez,Female,Married,4,Graduate,Yes,4100000,10400000,12,727,11900000,5900000,16400000,4400000,Approved,38600000,2.54,0.27,Medium,Good,Low Risk,Eligible
3097,David P. Anderson,Male,Married,3,Graduate,No,7400000,18500000,8,818,10400000,8800000,28000000,8400000,Approved,55600000,2.5,0.33,High,Excellent,Low Risk,Eligible
3098,Richard Williams,Male,Single,1,Graduate,Yes,7100000,19300000,16,738,7200000,0,24300000,3600000,Approved,35100000,2.72,0.55,High,Good,Low Risk,Eligible
3099,Steven F. Jackson,Male,Single,5,Graduate,Yes,5300000,18200000,16,546,14600000,7900000,13400000,4000000,Rejected,39900000,3.43,0.46,High,Poor,Medium Risk,Not Eligible
3100,Charles N. Taylor,Male,Single,2,Not Graduate,No,6600000,14100000,2,471,10800000,11400000,20700000,6000000,Rejected,48900000,2.14,0.29,High,Poor,Medium Risk,Not Eligible
3101,Ashley Martin,Female,Married,3,Not Graduate,No,2800000,10600000,4,860,5200000,4700000,6700000,2900000,Approved,19500000,3.79,0.54,Medium,Excellent,Low Risk,Eligible
3102,Andrew Q. Davis,Male,Single,1,Not Graduate,Yes,1600000,4400000,4,364,2500000,700000,4300000,2400000,Rejected,9900000,2.75,0.44,Low,Poor,Medium Risk,Not Eligible
3103,Sandra Smith,Female,Married,0,Graduate,Yes,8500000,25300000,20,557,13000000,5100000,23900000,7100000,Approved,49100000,2.98,0.52,Very High,Fair,Medium Risk,Eligible
3104,Mary S. Thomas,Female,Married,1,Not Graduate,Yes,5200000,20700000,12,612,2200000,2600000,16500000,3200000,Approved,24500000,3.98,0.84,High,Fair,Medium Risk,Eligible
3105,Betty Brown,Female,Married,2,Not Graduate,Yes,6400000,19300000,6,414,7200000,1800000,19100000,3900000,Rejected,32000000,3.02,0.6,High,Poor,Medium Risk,Not Eligible
3106,Ashley Q. Davis,Female,Married,5,Graduate,No,1300000,2900000,4,372,1700000,100000,2800000,600000,Rejected,5200000,2.23,0.56,Low,Poor,Medium Risk,Not Eligible
3107,James M. Lopez,Male,Married,0,Graduate,No,5600000,11600000,12,466,15000000,7400000,21800000,7500000,Rejected,51700000,2.07,0.22,High,Poor,Medium Risk,Not Eligible
3108,Richard Garcia,Male,Single,3,Graduate,Yes,9000000,19800000,20,348,8600000,9200000,25300000,6000000,Rejected,49100000,2.2,0.4,Very High,Poor,Medium Risk,Not Eligible
3109,Michael V. Gonzalez,Male,Single,1,Not Graduate,Yes,7800000,17200000,4,597,3700000,12700000,17400000,8500000,Approved,42300000,2.21,0.41,Very High,Fair,Medium Risk,Eligible
3110,Emily V. Anderson,Female,Single,4,Not Graduate,Yes,4000000,11000000,8,791,500000,4700000,10300000,3000000,Approved,18500000,2.75,0.59,Medium,Excellent,Low Risk,Eligible
3111,Michael F. Taylor,Male,Single,0,Graduate,Yes,700000,1800000,12,400,1500000,1100000,2200000,300000,Rejected,5100000,2.57,0.35,Low,Poor,Medium Risk,Not Eligible
3112,Daniel Jackson,Male,Married,5,Graduate,Yes,7300000,18700000,16,813,6600000,8200000,20000000,5800000,Approved,40600000,2.56,0.46,High,Excellent,Low Risk,Eligible
3113,Andrew V. Jackson,Male,Single,0,Not Graduate,Yes,5200000,15400000,4,675,15300000,8800000,12800000,2900000,Approved,39800000,2.96,0.39,High,Good,Medium Risk,Eligible
3114,Michelle Z. Martin,Female,Married,1,Not Graduate,No,6200000,18200000,18,324,3100000,12000000,19200000,3400000,Rejected,37700000,2.94,0.48,High,Poor,Medium Risk,Not Eligible
3115,Richard B. Jones,Male,Divorced,4,Graduate,No,1100000,3600000,8,693,2400000,1300000,3800000,1500000,Approved,9000000,3.27,0.4,Low,Good,Medium Risk,Eligible
3116,Kenneth R. Davis,Male,Married,1,Not Graduate,Yes,5600000,13700000,8,491,10100000,3700000,18500000,4200000,Rejected,36500000,2.45,0.38,High,Poor,Medium Risk,Not Eligible
3117,Kimberley J. Martinez,Female,Divorced,5,Graduate,Yes,3400000,9800000,8,559,3500000,2900000,8300000,2200000,Approved,16900000,2.88,0.58,Medium,Fair,Medium Risk,Eligible
3118,Michelle C. Taylor,Female,Married,4,Graduate,No,1500000,4900000,16,392,1800000,1100000,3000000,2000000,Rejected,7900000,3.27,0.62,Low,Poor,Medium Risk,Not Eligible
3119,Nancy Q. Anderson,Female,Married,2,Not Graduate,No,5800000,18600000,18,532,10900000,900000,12300000,6700000,Rejected,30800000,3.21,0.6,High,Poor,Medium Risk,Not Eligible
3120,Donald Williams,Male,Single,4,Not Graduate,No,9800000,29400000,8,592,29100000,16700000,35900000,9000000,Approved,90700000,3.0,0.32,Very High,Fair,Medium Risk,Eligible
3121,Margaret Gonzalez,Female,Married,5,Not Graduate,No,8300000,23100000,4,459,5500000,14300000,28400000,5500000,Rejected,53700000,2.78,0.43,Very High,Poor,Medium Risk,Not Eligible
3122,James Martin,Male,Single,4,Graduate,Yes,500000,1200000,4,627,0,500000,1800000,700000,Approved,3000000,2.4,0.4,Low,Fair,Medium Risk,Eligible
3123,Kenneth V. Williams,Male,Widowed,4,Graduate,No,1900000,6100000,2,462,2100000,3300000,5400000,2500000,Approved,13300000,3.21,0.46,Low,Poor,Medium Risk,Not Eligible
3124,Michelle Moore,Female,Married,1,Not Graduate,Yes,9700000,24700000,14,600,13600000,14000000,35500000,6700000,Approved,69800000,2.55,0.35,Very High,Fair,Medium Risk,Eligible
3125,Kimberley E. Thomas,Female,Married,5,Not Graduate,No,1800000,6200000,18,366,3500000,2400000,6300000,1300000,Rejected,13500000,3.44,0.46,Low,Poor,Medium Risk,Not Eligible
3126,Daniel P. Taylor,Male,Widowed,0,Graduate,Yes,3300000,9700000,14,356,9800000,4800000,9400000,1900000,Rejected,25900000,2.94,0.37,Medium,Poor,Medium Risk,Not Eligible
3127,Andrew A. Hernandez,Male,Single,5,Graduate,No,900000,2300000,16,590,1200000,1500000,2100000,900000,Approved,5700000,2.56,0.4,Low,Fair,Medium Risk,Eligible
3128,Thomas Lopez,Male,Single,5,Graduate,Yes,8200000,28900000,4,485,16500000,3000000,19400000,6800000,Approved,45700000,3.52,0.63,Very High,Poor,Medium Risk,Not Eligible
3129,Matthew Gonzalez,Male,Married,1,Not Graduate,Yes,500000,1700000,18,617,400000,100000,1400000,500000,Approved,2400000,3.4,0.71,Low,Fair,Medium Risk,Eligible
3130,Donna Johnson,Female,Single,5,Graduate,Yes,1000000,2600000,8,664,900000,1200000,3500000,900000,Approved,6500000,2.6,0.4,Low,Good,Medium Risk,Eligible
3131,Emily K. Garcia,Female,Divorced,3,Not Graduate,No,7100000,27900000,8,583,8900000,7600000,19600000,6300000,Approved,42400000,3.93,0.66,High,Fair,Medium Risk,Eligible
3132,Sarah M. Garcia,Female,Married,1,Graduate,Yes,200000,400000,18,859,300000,100000,400000,200000,Approved,1000000,2.0,0.4,Low,Excellent,Low Risk,Eligible
3133,Susan Jones,Female,Married,2,Graduate,No,3100000,7300000,14,504,3200000,0,7200000,1500000,Rejected,11900000,2.35,0.61,Medium,Poor,Medium Risk,Not Eligible
3134,Barbara E. Davis,Female,Married,4,Graduate,No,700000,2300000,16,688,1500000,300000,1900000,400000,Approved,4100000,3.29,0.56,Low,Good,Medium Risk,Eligible
3135,Betty G. Davis,Female,Married,3,Not Graduate,No,1800000,5700000,2,422,4800000,0,3700000,2300000,Approved,10800000,3.17,0.53,Low,Poor,Medium Risk,Not Eligible
3136,Daniel Gonzalez,Male,Single,3,Not Graduate,Yes,8400000,27000000,8,746,15000000,8400000,27000000,12500000,Approved,62900000,3.21,0.43,Very High,Good,Low Risk,Eligible
3137,Barbara X. Moore,Female,Widowed,3,Graduate,No,7400000,17500000,20,317,17700000,14000000,27000000,9500000,Rejected,68200000,2.36,0.26,High,Poor,Medium Risk,Not Eligible
3138,Barbara Hernandez,Female,Widowed,2,Not Graduate,Yes,6700000,20200000,6,701,8800000,12200000,13900000,8200000,Approved,43100000,3.01,0.47,High,Good,Low Risk,Eligible
3139,Anthony Jackson,Male,Married,1,Graduate,Yes,1700000,6000000,16,754,3900000,1500000,6400000,1800000,Approved,13600000,3.53,0.44,Low,Excellent,Low Risk,Eligible
3140,Kimberley L. Martin,Female,Single,3,Not Graduate,Yes,300000,600000,10,515,300000,200000,1000000,200000,Rejected,1700000,2.0,0.35,Low,Poor,Medium Risk,Not Eligible
3141,Andrew Gonzalez,Male,Single,1,Graduate,Yes,3800000,8800000,12,670,5200000,4700000,12200000,3800000,Approved,25900000,2.32,0.34,Medium,Good,Medium Risk,Eligible
3142,Kimberley R. Rodriguez,Female,Single,5,Graduate,Yes,1300000,4000000,8,407,3800000,1300000,3500000,1100000,Rejected,9700000,3.08,0.41,Low,Poor,Medium Risk,Not Eligible
3143,Ashley H. Martinez,Female,Single,5,Not Graduate,Yes,3100000,10900000,12,884,6100000,3700000,12300000,4100000,Approved,26200000,3.52,0.42,Medium,Excellent,Low Risk,Eligible
3144,Michelle Q. Brown,Female,Married,1,Graduate,Yes,200000,400000,20,882,400000,100000,300000,0,Approved,800000,2.0,0.5,Low,Excellent,Low Risk,Eligible
3145,William F. Thomas,Male,Single,2,Not Graduate,Yes,8100000,24700000,6,595,5500000,14300000,27300000,6500000,Approved,53600000,3.05,0.46,Very High,Fair,Medium Risk,Eligible
3146,Donna Davis,Female,Single,1,Not Graduate,Yes,8900000,22900000,4,757,8200000,11600000,17800000,7800000,Approved,45400000,2.57,0.5,Very High,Excellent,Low Risk,Eligible
3147,Susan Gonzalez,Female,Single,5,Graduate,Yes,4200000,8500000,4,386,8700000,4600000,10500000,6000000,Rejected,29800000,2.02,0.29,Medium,Poor,Medium Risk,Not Eligible
3148,Linda G. Hernandez,Female,Single,5,Not Graduate,Yes,4100000,11100000,18,756,1700000,3000000,10800000,3000000,Approved,18500000,2.71,0.6,Medium,Excellent,Low Risk,Eligible
3149,Matthew N. Martin,Male,Married,3,Not Graduate,No,8300000,25700000,12,453,24000000,14600000,20400000,5700000,Rejected,64700000,3.1,0.4,Very High,Poor,Medium Risk,Not Eligible
3150,Thomas Wilson,Male,Single,3,Not Graduate,No,7500000,25200000,8,316,1000000,800000,18300000,9000000,Rejected,29100000,3.36,0.87,High,Poor,Medium Risk,Not Eligible
3151,Kenneth E. Rodriguez,Male,Married,3,Graduate,No,2100000,7700000,6,703,700000,4000000,8200000,1300000,Approved,14200000,3.67,0.54,Low,Good,Low Risk,Eligible
3152,Christopher Williams,Male,Single,3,Graduate,No,1400000,3200000,8,753,2200000,2000000,3600000,2000000,Approved,9800000,2.29,0.33,Low,Excellent,Low Risk,Eligible
3153,Betty D. Martin,Female,Married,0,Not Graduate,No,6900000,23500000,2,621,7800000,7300000,23100000,9400000,Approved,47600000,3.41,0.49,High,Fair,Medium Risk,Eligible
3154,Emily E. Johnson,Female,Married,0,Graduate,Yes,2500000,9100000,10,852,5000000,4700000,7400000,1500000,Approved,18600000,3.64,0.49,Low,Excellent,Low Risk,Eligible
3155,Charles Lopez,Male,Married,3,Not Graduate,Yes,3800000,9400000,12,301,7800000,2800000,14900000,5000000,Rejected,30500000,2.47,0.31,Medium,Poor,Medium Risk,Not Eligible
3156,Betty K. Garcia,Female,Married,3,Not Graduate,Yes,7700000,29300000,10,359,6800000,6100000,21900000,4200000,Rejected,39000000,3.81,0.75,Very High,Poor,Medium Risk,Not Eligible
3157,Sandra Y. Johnson,Female,Married,1,Not Graduate,No,3200000,6600000,16,534,8800000,2600000,6500000,1800000,Rejected,19700000,2.06,0.34,Medium,Poor,Medium Risk,Not Eligible
3158,Margaret Moore,Female,Single,0,Not Graduate,Yes,8600000,20000000,10,704,25400000,10000000,30800000,10300000,Approved,76500000,2.33,0.26,Very High,Good,Low Risk,Eligible
3159,David Q. Thomas,Male,Single,3,Not Graduate,Yes,3800000,13700000,16,662,4800000,400000,12400000,5300000,Approved,22900000,3.61,0.6,Medium,Good,Medium Risk,Eligible
3160,Emily N. Hernandez,Female,Widowed,3,Graduate,No,8400000,31100000,18,599,20600000,14100000,20500000,8500000,Approved,63700000,3.7,0.49,Very High,Fair,Medium Risk,Eligible
3161,Michelle Martinez,Female,Single,1,Graduate,No,1600000,5400000,4,319,4200000,2200000,4200000,1600000,Approved,12200000,3.38,0.44,Low,Poor,Medium Risk,Not Eligible
3162,Michael A. Wilson,Male,Single,2,Not Graduate,No,7800000,19400000,16,549,18600000,13300000,24100000,6900000,Rejected,62900000,2.49,0.31,Very High,Poor,Medium Risk,Not Eligible
3163,Robert Johnson,Male,Single,1,Graduate,Yes,9400000,21000000,12,443,14100000,2700000,23200000,5600000,Rejected,45600000,2.23,0.46,Very High,Poor,Medium Risk,Not Eligible
3164,Joshua Davis,Male,Single,3,Not Graduate,Yes,9900000,26700000,10,550,22200000,15900000,36800000,6600000,Approved,81500000,2.7,0.33,Very High,Fair,Medium Risk,Eligible
3165,Daniel Hernandez,Male,Single,4,Not Graduate,No,2400000,8000000,18,393,0,200000,7600000,3000000,Rejected,10800000,3.33,0.74,Low,Poor,Medium Risk,Not Eligible
3166,Ashley U. Johnson,Female,Married,2,Graduate,Yes,7500000,15100000,8,488,19800000,0,28500000,6700000,Rejected,55000000,2.01,0.27,High,Poor,Medium Risk,Not Eligible
3167,William Martinez,Male,Divorced,5,Graduate,No,3300000,11800000,16,845,6000000,1500000,9200000,2600000,Approved,19300000,3.58,0.61,Medium,Excellent,Low Risk,Eligible
3168,Betty W. Jackson,Female,Married,2,Graduate,No,5500000,19000000,2,382,12500000,1000000,15200000,8100000,Approved,36800000,3.45,0.52,High,Poor,Medium Risk,Not Eligible
3169,Jessica Wilson,Female,Married,5,Not Graduate,No,2400000,7500000,12,357,2600000,2900000,6100000,1300000,Rejected,12900000,3.12,0.58,Low,Poor,Medium Risk,Not Eligible
3170,Karen Wilson,Female,Single,1,Not Graduate,Yes,8700000,27500000,16,815,8000000,13400000,23600000,5900000,Approved,50900000,3.16,0.54,Very High,Excellent,Low Risk,Eligible
3171,Kimberley J. Garcia,Female,Single,1,Not Graduate,No,9600000,26000000,16,368,18500000,16600000,29900000,8400000,Rejected,73400000,2.71,0.35,Very High,Poor,Medium Risk,Not Eligible
3172,Paul F. Miller,Male,Married,0,Graduate,No,8400000,19800000,16,674,500000,12200000,27400000,10700000,Approved,50800000,2.36,0.39,Very High,Good,Medium Risk,Eligible
3173,David E. Miller,Male,Single,5,Not Graduate,No,9200000,23900000,10,335,5800000,15300000,35400000,10700000,Rejected,67200000,2.6,0.36,Very High,Poor,Medium Risk,Not Eligible
3174,James B. Martinez,Male,Single,2,Graduate,Yes,4600000,12600000,2,355,6300000,6900000,14800000,6500000,Rejected,34500000,2.74,0.37,Medium,Poor,Medium Risk,Not Eligible
3175,Michael Taylor,Male,Single,5,Not Graduate,No,7600000,17500000,6,510,9100000,3500000,15700000,9800000,Rejected,38100000,2.3,0.46,Very High,Poor,Medium Risk,Not Eligible
3176,Joseph Moore,Male,Single,4,Graduate,No,8500000,17800000,4,698,6700000,4300000,28600000,8000000,Approved,47600000,2.09,0.37,Very High,Good,Medium Risk,Eligible
3177,Steven C. Gonzalez,Male,Married,4,Not Graduate,Yes,3100000,8200000,18,408,2900000,3800000,10800000,3100000,Rejected,20600000,2.65,0.4,Medium,Poor,Medium Risk,Not Eligible
3178,Richard Lopez,Male,Single,3,Graduate,Yes,4900000,13100000,18,401,5700000,4100000,16400000,3600000,Rejected,29800000,2.67,0.44,Medium,Poor,Medium Risk,Not Eligible
3179,Emily Rodriguez,Female,Single,5,Not Graduate,Yes,5800000,14000000,14,418,3900000,10400000,15100000,6800000,Rejected,36200000,2.41,0.39,High,Poor,Medium Risk,Not Eligible
3180,Daniel Q. Jones,Male,Married,0,Not Graduate,No,5700000,21300000,4,697,3000000,6800000,20000000,5500000,Approved,35300000,3.74,0.6,High,Good,Medium Risk,Eligible
3181,Betty Moore,Female,Single,4,Graduate,No,3200000,12200000,14,683,0,1100000,7500000,2900000,Rejected,11500000,3.81,1.06,Medium,Good,Medium Risk,Eligible
3182,Andrew D. Garcia,Male,Married,4,Not Graduate,Yes,8000000,31500000,16,763,14900000,8800000,17600000,8900000,Approved,50200000,3.94,0.63,Very High,Excellent,Low Risk,Eligible
3183,Michael G. Anderson,Male,Married,4,Not Graduate,No,5000000,11400000,6,336,1600000,4000000,15500000,2500000,Rejected,23600000,2.28,0.48,Medium,Poor,Medium Risk,Not Eligible
3184,Joshua A. Jackson,Male,Single,2,Not Graduate,Yes,2900000,8300000,10,693,7500000,1900000,9700000,4300000,Approved,23400000,2.86,0.35,Medium,Good,Medium Risk,Eligible
3185,David T. Jackson,Male,Single,2,Not Graduate,No,6400000,23900000,18,745,14800000,4000000,16300000,7000000,Approved,42100000,3.73,0.57,High,Good,Low Risk,Eligible
3186,Barbara Z. Brown,Female,Single,5,Graduate,No,6300000,22500000,18,629,300000,3900000,23100000,8000000,Approved,35300000,3.57,0.64,High,Fair,Medium Risk,Eligible
3187,Christopher E. Davis,Male,Single,0,Not Graduate,No,5900000,23300000,16,581,2200000,8100000,14900000,5800000,Approved,31000000,3.95,0.75,High,Fair,Medium Risk,Eligible
3188,Daniel H. Lopez,Male,Married,1,Graduate,No,8100000,29600000,4,672,8200000,5100000,21100000,5400000,Approved,39800000,3.65,0.74,Very High,Good,Medium Risk,Eligible
3189,Daniel I. Moore,Male,Married,5,Graduate,Yes,7100000,20100000,4,700,16900000,2900000,15600000,4500000,Approved,39900000,2.83,0.5,High,Good,Low Risk,Eligible
3190,Margaret Thomas,Female,Married,1,Not Graduate,No,1400000,4400000,14,787,1600000,1200000,4200000,800000,Approved,7800000,3.14,0.56,Low,Excellent,Low Risk,Eligible
3191,Jessica I. Smith,Female,Divorced,3,Graduate,Yes,2300000,8000000,8,300,4200000,3800000,7300000,1200000,Rejected,16500000,3.48,0.48,Low,Poor,Medium Risk,Not Eligible
3192,Michelle Brown,Female,Married,1,Graduate,No,7400000,16100000,4,655,22000000,12900000,25300000,4300000,Approved,64500000,2.18,0.25,High,Good,Medium Risk,Eligible
3193,Mary O. Garcia,Female,Single,0,Graduate,Yes,5300000,13300000,12,572,4200000,2500000,18000000,7100000,Approved,31800000,2.51,0.42,High,Fair,Medium Risk,Eligible
3194,Daniel T. Davis,Male,Married,5,Graduate,Yes,7700000,16400000,2,663,1100000,14800000,15800000,3900000,Approved,35600000,2.13,0.46,Very High,Good,Medium Risk,Eligible
3195,Linda Miller,Female,Divorced,0,Not Graduate,No,5000000,10700000,16,726,1600000,1100000,15700000,4800000,Approved,23200000,2.14,0.46,Medium,Good,Low Risk,Eligible
3196,Elizabeth Q. Jackson,Female,Single,5,Not Graduate,Yes,6000000,12300000,12,680,11400000,5300000,13800000,7300000,Approved,37800000,2.05,0.33,High,Good,Medium Risk,Eligible
3197,James Brown,Male,Single,0,Graduate,No,1400000,2700000,2,685,3400000,800000,5400000,1300000,Approved,10900000,1.93,0.25,Low,Good,Medium Risk,Eligible
3198,Andrew Miller,Male,Divorced,5,Not Graduate,Yes,9400000,23100000,6,762,12400000,10200000,22300000,6600000,Approved,51500000,2.46,0.45,Very High,Excellent,Low Risk,Eligible
3199,Emily V. Thomas,Female,Divorced,3,Not Graduate,No,5200000,17200000,18,768,9200000,5500000,11700000,3800000,Approved,30200000,3.31,0.57,High,Excellent,Low Risk,Eligible
3200,Nancy X. Miller,Female,Married,0,Graduate,No,3100000,11100000,8,504,3500000,4600000,11400000,1800000,Rejected,21300000,3.58,0.52,Medium,Poor,Medium Risk,Not Eligible
3201,Kimberley Lopez,Female,Married,3,Not Graduate,Yes,8400000,20500000,12,796,22900000,10500000,17600000,11200000,Approved,62200000,2.44,0.33,Very High,Excellent,Low Risk,Eligible
3202,Patricia Johnson,Female,Single,0,Not Graduate,No,1200000,2900000,18,348,400000,1200000,2900000,600000,Rejected,5100000,2.42,0.57,Low,Poor,Medium Risk,Not Eligible
3203,Jessica S. Gonzalez,Female,Divorced,5,Not Graduate,Yes,4800000,13100000,6,717,8300000,8900000,18300000,2800000,Approved,38300000,2.73,0.34,Medium,Good,Low Risk,Eligible
3204,Linda Anderson,Female,Married,5,Not Graduate,Yes,9200000,34200000,4,565,500000,13900000,23600000,12300000,Approved,50300000,3.72,0.68,Very High,Fair,Medium Risk,Eligible
3205,Joseph C. Jackson,Male,Single,2,Not Graduate,No,5300000,10900000,6,647,14600000,3500000,18700000,3200000,Approved,40000000,2.06,0.27,High,Fair,Medium Risk,Eligible
3206,Joshua X. Garcia,Male,Divorced,3,Graduate,No,4700000,10900000,2,626,9200000,2300000,14600000,5200000,Approved,31300000,2.32,0.35,Medium,Fair,Medium Risk,Eligible
3207,Mary Williams,Female,Married,0,Not Graduate,No,6500000,24700000,6,554,2700000,1100000,22700000,9600000,Approved,36100000,3.8,0.68,High,Fair,Medium Risk,Eligible
3208,Robert A. Martin,Male,Married,4,Graduate,Yes,3200000,11500000,20,864,8700000,5000000,12100000,4100000,Approved,29900000,3.59,0.38,Medium,Excellent,Low Risk,Eligible
3209,Jennifer P. Miller,Female,Single,4,Graduate,No,4600000,12500000,6,406,10800000,200000,14000000,6800000,Rejected,31800000,2.72,0.39,Medium,Poor,Medium Risk,Not Eligible
3210,David Gonzalez,Male,Single,5,Graduate,No,700000,1800000,10,650,1300000,100000,1500000,300000,Approved,3200000,2.57,0.56,Low,Good,Medium Risk,Eligible
3211,William Miller,Male,Divorced,5,Not Graduate,Yes,7600000,16500000,8,534,8900000,10300000,24900000,8300000,Rejected,52400000,2.17,0.31,Very High,Poor,Medium Risk,Not Eligible
3212,Sandra E. Anderson,Female,Single,4,Graduate,No,1200000,2600000,8,872,1600000,2100000,2700000,900000,Approved,7300000,2.17,0.36,Low,Excellent,Low Risk,Eligible
3213,William Brown,Male,Single,2,Graduate,No,5100000,16500000,12,845,12100000,9000000,11400000,5700000,Approved,38200000,3.24,0.43,High,Excellent,Low Risk,Eligible
3214,Robert B. Brown,Male,Married,1,Not Graduate,Yes,4300000,16300000,14,792,400000,400000,10200000,4000000,Rejected,15000000,3.79,1.09,Medium,Excellent,Low Risk,Eligible
3215,Kimberley G. Anderson,Female,Divorced,4,Graduate,No,300000,1200000,18,544,700000,100000,800000,100000,Rejected,1700000,4.0,0.71,Low,Poor,Medium Risk,Not Eligible
3216,Robert N. Martinez,Male,Single,2,Graduate,Yes,4000000,13000000,10,552,3700000,1600000,15600000,3400000,Approved,24300000,3.25,0.53,Medium,Fair,Medium Risk,Eligible
3217,Andrew O. Smith,Male,Married,5,Not Graduate,No,3900000,14900000,12,837,1100000,500000,14400000,3600000,Approved,19600000,3.82,0.76,Medium,Excellent,Low Risk,Eligible
3218,Kimberley Brown,Female,Married,0,Not Graduate,Yes,6900000,21300000,18,845,17400000,5600000,21400000,6600000,Approved,51000000,3.09,0.42,High,Excellent,Low Risk,Eligible
3219,William Williams,Male,Married,4,Not Graduate,Yes,7000000,24100000,10,677,18800000,6000000,21600000,6300000,Approved,52700000,3.44,0.46,High,Good,Medium Risk,Eligible
3220,Kimberley A. Jones,Female,Married,1,Graduate,No,6300000,18300000,20,430,13000000,1300000,23000000,9200000,Rejected,46500000,2.9,0.39,High,Poor,Medium Risk,Not Eligible
3221,Elizabeth M. Jones,Female,Single,3,Graduate,Yes,8900000,22500000,12,887,23300000,10800000,33500000,9500000,Approved,77100000,2.53,0.29,Very High,Excellent,Low Risk,Eligible
3222,Matthew Z. Lopez,Male,Single,0,Not Graduate,Yes,5700000,19400000,8,544,4300000,6400000,19900000,5800000,Rejected,36400000,3.4,0.53,High,Poor,Medium Risk,Not Eligible
3223,Joseph E. Jackson,Male,Married,4,Not Graduate,Yes,5200000,18300000,10,355,400000,3800000,10600000,3400000,Rejected,18200000,3.52,1.01,High,Poor,Medium Risk,Not Eligible
3224,Mary Brown,Female,Married,4,Graduate,No,7400000,17500000,4,540,8800000,7600000,17900000,3600000,Rejected,37900000,2.36,0.46,High,Poor,Medium Risk,Not Eligible
3225,Charles Miller,Male,Single,5,Graduate,No,6500000,16000000,14,444,1100000,7900000,23100000,7900000,Rejected,40000000,2.46,0.4,High,Poor,Medium Risk,Not Eligible
3226,Emily Lopez,Female,Married,3,Graduate,No,6200000,14900000,14,567,1200000,9100000,20800000,8800000,Approved,39900000,2.4,0.37,High,Fair,Medium Risk,Eligible
3227,Joseph Smith,Male,Single,5,Not Graduate,Yes,2400000,6500000,20,513,6400000,2100000,5200000,2600000,Rejected,16300000,2.71,0.4,Low,Poor,Medium Risk,Not Eligible
3228,James B. Jones,Male,Married,0,Not Graduate,No,2500000,7100000,10,590,4000000,800000,6100000,2600000,Approved,13500000,2.84,0.53,Low,Fair,Medium Risk,Eligible
3229,Michelle Garcia,Female,Married,2,Graduate,Yes,2700000,8500000,20,368,4900000,4500000,5900000,2100000,Rejected,17400000,3.15,0.49,Medium,Poor,Medium Risk,Not Eligible
3230,Patricia B. Garcia,Female,Married,5,Not Graduate,No,3000000,7600000,6,413,2300000,3500000,11400000,1700000,Rejected,18900000,2.53,0.4,Medium,Poor,Medium Risk,Not Eligible
3231,Mark A. Wilson,Male,Married,4,Graduate,Yes,6100000,13600000,4,401,10700000,2000000,20500000,3900000,Rejected,37100000,2.23,0.37,High,Poor,Medium Risk,Not Eligible
3232,David D. Martinez,Male,Single,3,Graduate,No,1500000,5400000,18,687,200000,400000,4500000,1700000,Approved,6800000,3.6,0.79,Low,Good,Medium Risk,Eligible
3233,Barbara Smith,Female,Married,2,Graduate,No,6500000,14100000,14,577,4600000,12000000,25100000,3900000,Approved,45600000,2.17,0.31,High,Fair,Medium Risk,Eligible
3234,Patricia Davis,Female,Single,4,Not Graduate,No,200000,700000,10,576,500000,100000,400000,300000,Approved,1300000,3.5,0.54,Low,Fair,Medium Risk,Eligible
3235,Betty Y. Thomas,Female,Married,1,Not Graduate,No,9900000,23400000,16,687,28200000,3700000,29600000,8200000,Approved,69700000,2.36,0.34,Very High,Good,Medium Risk,Eligible
3236,Sandra L. Martinez,Female,Married,4,Graduate,No,5500000,11600000,12,474,1800000,2400000,20100000,5600000,Rejected,29900000,2.11,0.39,High,Poor,Medium Risk,Not Eligible
3237,Nancy Martinez,Female,Single,4,Graduate,No,1200000,4400000,6,709,2800000,2300000,4100000,1700000,Approved,10900000,3.67,0.4,Low,Good,Low Risk,Eligible
3238,Charles E. Thomas,Male,Married,4,Graduate,Yes,6900000,20200000,18,438,9600000,6200000,26800000,5700000,Rejected,48300000,2.93,0.42,High,Poor,Medium Risk,Not Eligible
3239,Margaret Wilson,Female,Single,3,Graduate,Yes,8000000,25300000,4,306,22300000,7300000,24400000,6600000,Approved,60600000,3.16,0.42,Very High,Poor,Medium Risk,Not Eligible
3240,William Taylor,Male,Single,3,Not Graduate,Yes,4100000,13900000,20,383,1900000,2300000,15800000,3800000,Rejected,23800000,3.39,0.58,Medium,Poor,Medium Risk,Not Eligible
3241,Emily Davis,Female,Single,2,Graduate,No,1400000,4700000,20,563,400000,2300000,2800000,1400000,Approved,6900000,3.36,0.68,Low,Fair,Medium Risk,Eligible
3242,Steven Garcia,Male,Single,4,Not Graduate,Yes,1600000,3200000,20,371,1600000,2300000,4600000,1000000,Rejected,9500000,2.0,0.34,Low,Poor,Medium Risk,Not Eligible
3243,Paul V. Brown,Male,Single,1,Graduate,No,2100000,4200000,12,379,2700000,2100000,8100000,2500000,Rejected,15400000,2.0,0.27,Low,Poor,Medium Risk,Not Eligible
3244,David Jackson,Male,Married,1,Not Graduate,No,8800000,30200000,18,897,17100000,7900000,28700000,11100000,Approved,64800000,3.43,0.47,Very High,Excellent,Low Risk,Eligible
3245,Patricia Anderson,Female,Married,3,Not Graduate,Yes,7100000,25400000,10,725,20600000,5300000,16000000,8600000,Approved,50500000,3.58,0.5,High,Good,Low Risk,Eligible
3246,Margaret Brown,Female,Married,1,Not Graduate,No,8600000,31500000,16,678,19700000,13400000,22200000,5300000,Approved,60600000,3.66,0.52,Very High,Good,Medium Risk,Eligible
3247,Daniel J. Williams,Male,Single,2,Not Graduate,Yes,5400000,14800000,6,724,1000000,400000,13100000,5400000,Approved,19900000,2.74,0.74,High,Good,Low Risk,Eligible
3248,Ashley Martinez,Female,Married,3,Graduate,Yes,1000000,2500000,6,808,2900000,600000,2000000,500000,Approved,6000000,2.5,0.42,Low,Excellent,Low Risk,Eligible
3249,Joseph Smith,Male,Married,0,Graduate,No,5400000,18400000,8,625,12100000,3000000,13000000,4800000,Approved,32900000,3.41,0.56,High,Fair,Medium Risk,Eligible
3250,Emily O. Taylor,Female,Married,2,Graduate,No,4200000,16800000,4,771,6500000,4500000,10500000,5800000,Approved,27300000,4.0,0.62,Medium,Excellent,Low Risk,Eligible
3251,Michelle Rodriguez,Female,Single,2,Not Graduate,No,7500000,22400000,14,695,8100000,3900000,15300000,9400000,Approved,36700000,2.99,0.61,High,Good,Medium Risk,Eligible
3252,Daniel Z. Miller,Male,Divorced,4,Graduate,No,1200000,3300000,2,564,2200000,500000,4700000,1100000,Approved,8500000,2.75,0.39,Low,Fair,Medium Risk,Eligible
3253,Kenneth Gonzalez,Male,Married,4,Graduate,Yes,6300000,14500000,10,349,3800000,12300000,16500000,5700000,Rejected,38300000,2.3,0.38,High,Poor,Medium Risk,Not Eligible
3254,Sarah N. Wilson,Female,Married,4,Graduate,Yes,300000,900000,4,797,300000,400000,600000,400000,Approved,1700000,3.0,0.53,Low,Excellent,Low Risk,Eligible
3255,Matthew Jackson,Male,Single,3,Graduate,No,7400000,28800000,8,391,20000000,7900000,23600000,7200000,Rejected,58700000,3.89,0.49,High,Poor,Medium Risk,Not Eligible
3256,Steven Smith,Male,Widowed,5,Not Graduate,No,2200000,5400000,12,833,4900000,3300000,7000000,1600000,Approved,16800000,2.45,0.32,Low,Excellent,Low Risk,Eligible
3257,Sandra Wilson,Female,Widowed,5,Graduate,No,4000000,9100000,10,515,600000,6400000,9900000,5500000,Rejected,22400000,2.28,0.41,Medium,Poor,Medium Risk,Not Eligible
3258,Michael Brown,Male,Married,4,Graduate,Yes,2700000,10400000,16,671,6100000,3700000,5600000,4000000,Approved,19400000,3.85,0.54,Medium,Good,Medium Risk,Eligible
3259,Linda Rodriguez,Female,Married,0,Not Graduate,Yes,2000000,6900000,4,404,4900000,1600000,4200000,3000000,Approved,13700000,3.45,0.5,Low,Poor,Medium Risk,Not Eligible
3260,Donna R. Davis,Female,Single,4,Not Graduate,No,6400000,14800000,6,537,2300000,3700000,18600000,6500000,Rejected,31100000,2.31,0.48,High,Poor,Medium Risk,Not Eligible
3261,Donna Smith,Female,Married,5,Not Graduate,Yes,1400000,5100000,4,348,2100000,900000,4000000,1300000,Approved,8300000,3.64,0.61,Low,Poor,Medium Risk,Not Eligible
3262,Daniel Garcia,Male,Married,0,Not Graduate,Yes,2800000,6300000,12,647,4100000,0,8700000,2300000,Approved,15100000,2.25,0.42,Medium,Fair,Medium Risk,Eligible
3263,Joshua T. Martinez,Male,Married,2,Not Graduate,Yes,8200000,28700000,14,316,23300000,16100000,17700000,4300000,Rejected,61400000,3.5,0.47,Very High,Poor,Medium Risk,Not Eligible
3264,Michelle U. Taylor,Female,Single,3,Not Graduate,No,9000000,26700000,14,638,5300000,0,31300000,5200000,Approved,41800000,2.97,0.64,Very High,Fair,Medium Risk,Eligible
3265,Joseph V. Anderson,Male,Single,5,Not Graduate,Yes,800000,2100000,12,363,1200000,1000000,3100000,900000,Rejected,6200000,2.62,0.34,Low,Poor,Medium Risk,Not Eligible
3266,Betty J. Martin,Female,Single,4,Not Graduate,Yes,6100000,21200000,6,808,700000,7200000,22300000,6100000,Approved,36300000,3.48,0.58,High,Excellent,Low Risk,Eligible
3267,Linda Jones,Female,Single,4,Not Graduate,Yes,2400000,9400000,2,871,3700000,300000,7100000,3500000,Approved,14600000,3.92,0.64,Low,Excellent,Low Risk,Eligible
3268,Steven H. Thomas,Male,Single,4,Graduate,Yes,6000000,17000000,12,607,15300000,3200000,22100000,3900000,Approved,44500000,2.83,0.38,High,Fair,Medium Risk,Eligible
3269,Daniel Wilson,Male,Married,2,Not Graduate,Yes,7900000,22500000,6,571,8100000,5300000,17900000,8100000,Approved,39400000,2.85,0.57,Very High,Fair,Medium Risk,Eligible
3270,Donna T. Jackson,Female,Married,3,Graduate,Yes,9500000,25700000,18,446,16900000,13600000,29300000,10100000,Rejected,69900000,2.71,0.37,Very High,Poor,Medium Risk,Not Eligible
3271,Michael Rodriguez,Male,Married,3,Not Graduate,Yes,1800000,6400000,20,436,1500000,2900000,4400000,1300000,Rejected,10100000,3.56,0.63,Low,Poor,Medium Risk,Not Eligible
3272,James Miller,Male,Married,3,Not Graduate,Yes,5800000,14100000,12,738,11700000,4400000,15400000,8400000,Approved,39900000,2.43,0.35,High,Good,Low Risk,Eligible
3273,William Williams,Male,Married,3,Graduate,No,2800000,9400000,10,519,7000000,3500000,7700000,1500000,Rejected,19700000,3.36,0.48,Medium,Poor,Medium Risk,Not Eligible
3274,Charles R. Brown,Male,Divorced,3,Graduate,Yes,4000000,8300000,8,531,3700000,7400000,15200000,5900000,Rejected,32200000,2.08,0.26,Medium,Poor,Medium Risk,Not Eligible
3275,Thomas Y. Lopez,Male,Married,1,Not Graduate,No,1000000,3400000,18,578,2300000,400000,3100000,1200000,Approved,7000000,3.4,0.49,Low,Fair,Medium Risk,Eligible
3276,Elizabeth Brown,Female,Married,0,Graduate,No,9100000,21100000,20,578,5900000,6200000,33700000,5600000,Approved,51400000,2.32,0.41,Very High,Fair,Medium Risk,Eligible
3277,Andrew J. Taylor,Male,Divorced,0,Graduate,No,4600000,18100000,14,442,2800000,200000,15600000,3300000,Rejected,21900000,3.93,0.83,Medium,Poor,Medium Risk,Not Eligible
3278,Michael I. Moore,Male,Single,2,Not Graduate,No,7800000,16900000,6,751,17400000,6300000,20400000,11700000,Approved,55800000,2.17,0.3,Very High,Excellent,Low Risk,Eligible
3279,Richard Brown,Male,Divorced,4,Graduate,Yes,6600000,18800000,10,353,16500000,9500000,20000000,6200000,Rejected,52200000,2.85,0.36,High,Poor,Medium Risk,Not Eligible
3280,Kimberley H. Taylor,Female,Married,5,Not Graduate,No,9800000,26600000,12,664,5200000,2900000,22500000,14100000,Approved,44700000,2.71,0.6,Very High,Good,Medium Risk,Eligible
3281,Kimberley Lopez,Female,Single,1,Graduate,No,7400000,26600000,18,505,2200000,2400000,22400000,3900000,Rejected,30900000,3.59,0.86,High,Poor,Medium Risk,Not Eligible
3282,Robert Smith,Male,Single,3,Graduate,Yes,4300000,16600000,10,571,5700000,3700000,12800000,5800000,Approved,28000000,3.86,0.59,Medium,Fair,Medium Risk,Eligible
3283,Lisa F. Thomas,Female,Married,2,Not Graduate,Yes,9800000,34600000,16,754,12400000,14900000,34700000,6100000,Approved,68100000,3.53,0.51,Very High,Excellent,Low Risk,Eligible
3284,Donna Williams,Female,Married,5,Not Graduate,No,1100000,3900000,20,858,3200000,1200000,3800000,1100000,Approved,9300000,3.55,0.42,Low,Excellent,Low Risk,Eligible
3285,Richard V. Taylor,Male,Married,3,Graduate,Yes,8600000,21800000,20,641,5300000,8800000,24000000,9100000,Approved,47200000,2.53,0.46,Very High,Fair,Medium Risk,Eligible
3286,Barbara R. Martin,Female,Divorced,0,Not Graduate,Yes,9400000,35500000,16,592,9300000,11800000,30500000,5800000,Approved,57400000,3.78,0.62,Very High,Fair,Medium Risk,Eligible
3287,Donald V. Gonzalez,Male,Divorced,3,Graduate,Yes,5300000,20300000,14,432,15000000,0,17200000,5900000,Rejected,38100000,3.83,0.53,High,Poor,Medium Risk,Not Eligible
3288,Patricia Rodriguez,Female,Single,1,Not Graduate,Yes,8700000,33800000,18,558,18300000,11500000,31500000,5900000,Approved,67200000,3.89,0.5,Very High,Fair,Medium Risk,Eligible
3289,Charles N. Williams,Male,Single,3,Graduate,Yes,4800000,14200000,12,547,10400000,700000,9800000,2400000,Rejected,23300000,2.96,0.61,Medium,Poor,Medium Risk,Not Eligible
3290,Patricia U. Thomas,Female,Single,4,Not Graduate,No,4400000,9800000,18,732,2400000,2400000,15100000,4400000,Approved,24300000,2.23,0.4,Medium,Good,Low Risk,Eligible
3291,Karen K. Moore,Female,Married,1,Graduate,Yes,5400000,19300000,12,784,5000000,1800000,20300000,6500000,Approved,33600000,3.57,0.57,High,Excellent,Low Risk,Eligible
3292,Linda Z. Anderson,Female,Married,5,Not Graduate,Yes,8400000,31900000,10,605,18900000,10300000,22000000,9100000,Approved,60300000,3.8,0.53,Very High,Fair,Medium Risk,Eligible
3293,Barbara T. Martinez,Female,Divorced,1,Graduate,Yes,5400000,19500000,18,688,12100000,800000,17000000,3500000,Approved,33400000,3.61,0.58,High,Good,Medium Risk,Eligible
3294,Michelle Gonzalez,Female,Single,3,Not Graduate,Yes,9400000,32100000,10,617,22700000,5800000,29400000,11400000,Approved,69300000,3.41,0.46,Very High,Fair,Medium Risk,Eligible
3295,Michelle Wilson,Female,Married,0,Not Graduate,Yes,800000,2400000,4,518,500000,800000,2800000,500000,Approved,4600000,3.0,0.52,Low,Poor,Medium Risk,Not Eligible
3296,Elizabeth Williams,Female,Single,0,Not Graduate,No,3800000,14800000,10,390,5900000,5700000,9500000,4600000,Rejected,25700000,3.89,0.58,Medium,Poor,Medium Risk,Not Eligible
3297,Linda Gonzalez,Female,Widowed,4,Graduate,No,3100000,6300000,4,370,8600000,4100000,8800000,2800000,Rejected,24300000,2.03,0.26,Medium,Poor,Medium Risk,Not Eligible
3298,Donna N. Davis,Female,Single,3,Not Graduate,Yes,6000000,21300000,4,802,4700000,8900000,17300000,7600000,Approved,38500000,3.55,0.55,High,Excellent,Low Risk,Eligible
3299,James Z. Taylor,Male,Married,2,Not Graduate,Yes,6800000,15500000,12,338,9900000,1200000,21800000,8500000,Rejected,41400000,2.28,0.37,High,Poor,Medium Risk,Not Eligible
3300,Emily Q. Gonzalez,Female,Single,5,Not Graduate,No,5200000,11700000,6,658,8100000,5100000,11400000,5600000,Approved,30200000,2.25,0.39,High,Good,Medium Risk,Eligible
3301,Mark M. Jones,Male,Married,0,Not Graduate,No,1900000,6700000,12,595,3000000,3200000,4900000,1700000,Approved,12800000,3.53,0.52,Low,Fair,Medium Risk,Eligible
3302,Michelle Jackson,Female,Single,5,Graduate,Yes,3600000,8500000,20,594,4400000,6400000,7400000,4500000,Approved,22700000,2.36,0.37,Medium,Fair,Medium Risk,Eligible
3303,Michael Martinez,Male,Widowed,3,Graduate,Yes,1500000,4100000,14,611,600000,2000000,4800000,2100000,Approved,9500000,2.73,0.43,Low,Fair,Medium Risk,Eligible
3304,Joshua Davis,Male,Married,3,Not Graduate,No,2000000,5800000,8,799,3000000,3100000,5500000,1000000,Approved,12600000,2.9,0.46,Low,Excellent,Low Risk,Eligible
3305,Joseph Wilson,Male,Single,5,Graduate,No,9200000,18600000,20,497,1000000,300000,24200000,10700000,Rejected,36200000,2.02,0.51,Very High,Poor,Medium Risk,Not Eligible
3306,Mary Hernandez,Female,Single,0,Not Graduate,Yes,6100000,15900000,18,456,12900000,10800000,19100000,8800000,Rejected,51600000,2.61,0.31,High,Poor,Medium Risk,Not Eligible
3307,Lisa M. Moore,Female,Single,5,Not Graduate,No,300000,500000,8,396,400000,300000,1200000,200000,Rejected,2100000,1.67,0.24,Low,Poor,Medium Risk,Not Eligible
3308,Richard I. Lopez,Male,Married,1,Graduate,No,800000,2300000,10,770,900000,900000,2900000,1100000,Approved,5800000,2.88,0.4,Low,Excellent,Low Risk,Eligible
3309,Elizabeth Rodriguez,Female,Single,0,Not Graduate,No,3300000,9000000,16,797,3000000,6400000,10300000,3300000,Approved,23000000,2.73,0.39,Medium,Excellent,Low Risk,Eligible
3310,Patricia I. Miller,Female,Single,1,Not Graduate,No,5800000,18700000,20,586,14100000,3000000,15600000,6000000,Approved,38700000,3.22,0.48,High,Fair,Medium Risk,Eligible
3311,Betty Williams,Female,Married,5,Not Graduate,No,8500000,23400000,16,604,25100000,16500000,24500000,4800000,Approved,70900000,2.75,0.33,Very High,Fair,Medium Risk,Eligible
3312,Paul T. Jones,Male,Married,0,Not Graduate,Yes,4100000,12800000,8,799,3700000,700000,9400000,2700000,Approved,16500000,3.12,0.78,Medium,Excellent,Low Risk,Eligible
3313,Andrew X. Moore,Male,Single,2,Graduate,No,7800000,26400000,4,763,2200000,8400000,16600000,6700000,Approved,33900000,3.38,0.78,Very High,Excellent,Low Risk,Eligible
3314,Margaret Moore,Female,Single,0,Graduate,No,7500000,23000000,14,725,8900000,4800000,20200000,7100000,Approved,41000000,3.07,0.56,High,Good,Low Risk,Eligible
3315,Sarah D. Wilson,Female,Married,2,Graduate,No,2300000,8800000,18,336,1800000,800000,5200000,1500000,Rejected,9300000,3.83,0.95,Low,Poor,Medium Risk,Not Eligible
3316,Michelle U. Garcia,Female,Single,4,Graduate,Yes,600000,2300000,6,495,1700000,600000,2000000,300000,Rejected,4600000,3.83,0.5,Low,Poor,Medium Risk,Not Eligible
3317,Emily R. Wilson,Female,Married,1,Not Graduate,No,2900000,11500000,20,431,3600000,3800000,5900000,3100000,Rejected,16400000,3.97,0.7,Medium,Poor,Medium Risk,Not Eligible
3318,Joshua R. Gonzalez,Male,Married,5,Not Graduate,No,900000,2200000,2,415,600000,1700000,2900000,700000,Rejected,5900000,2.44,0.37,Low,Poor,Medium Risk,Not Eligible
3319,Donna C. Martinez,Female,Single,5,Graduate,Yes,9000000,20400000,6,451,5200000,11400000,28200000,9000000,Rejected,53800000,2.27,0.38,Very High,Poor,Medium Risk,Not Eligible
3320,Lisa Johnson,Female,Married,1,Not Graduate,No,4800000,14300000,4,489,12400000,7900000,17700000,3600000,Rejected,41600000,2.98,0.34,Medium,Poor,Medium Risk,Not Eligible
3321,Robert H. Thomas,Male,Married,1,Graduate,No,1600000,4600000,12,415,800000,600000,3900000,1500000,Rejected,6800000,2.88,0.68,Low,Poor,Medium Risk,Not Eligible
3322,Patricia Lopez,Female,Married,3,Not Graduate,No,2600000,8100000,12,425,7300000,1900000,6800000,2200000,Rejected,18200000,3.12,0.45,Medium,Poor,Medium Risk,Not Eligible
3323,Patricia R. Davis,Female,Married,4,Graduate,Yes,1800000,4600000,14,453,1700000,2400000,4700000,1600000,Rejected,10400000,2.56,0.44,Low,Poor,Medium Risk,Not Eligible
3324,Susan Wilson,Female,Married,5,Graduate,Yes,4400000,11800000,20,634,5900000,7300000,15200000,4300000,Approved,32700000,2.68,0.36,Medium,Fair,Medium Risk,Eligible
3325,William K. Taylor,Male,Single,2,Not Graduate,No,200000,300000,20,519,0,0,400000,300000,Rejected,700000,1.5,0.43,Low,Poor,Medium Risk,Not Eligible
3326,Anthony Thomas,Male,Single,4,Not Graduate,Yes,800000,2100000,6,353,700000,300000,2900000,1200000,Rejected,5100000,2.62,0.41,Low,Poor,Medium Risk,Not Eligible
3327,Elizabeth S. Martinez,Female,Single,3,Graduate,No,1500000,3200000,4,767,2000000,400000,3700000,1400000,Approved,7500000,2.13,0.43,Low,Excellent,Low Risk,Eligible
3328,Christopher V. Gonzalez,Male,Divorced,0,Not Graduate,Yes,7700000,16900000,14,473,22100000,4000000,29000000,6400000,Rejected,61500000,2.19,0.27,Very High,Poor,Medium Risk,Not Eligible
3329,Sandra Thomas,Female,Single,5,Graduate,Yes,7200000,21300000,2,801,9900000,1700000,20400000,7200000,Approved,39200000,2.96,0.54,High,Excellent,Low Risk,Eligible
3330,Sarah Garcia,Female,Married,4,Graduate,No,1000000,2300000,16,543,200000,100000,2000000,1000000,Rejected,3300000,2.3,0.7,Low,Poor,Medium Risk,Not Eligible
3331,Lisa P. Wilson,Female,Married,1,Graduate,No,6300000,17200000,12,714,10100000,4200000,24700000,8500000,Approved,47500000,2.73,0.36,High,Good,Low Risk,Eligible
3332,Emily Z. Smith,Female,Divorced,3,Graduate,No,1900000,4100000,12,830,4600000,1100000,5300000,2100000,Approved,13100000,2.16,0.31,Low,Excellent,Low Risk,Eligible
3333,Jessica Z. Miller,Female,Married,5,Graduate,No,4400000,15300000,4,401,200000,5400000,17500000,2400000,Approved,25500000,3.48,0.6,Medium,Poor,Medium Risk,Not Eligible
3334,Elizabeth L. Davis,Female,Single,0,Not Graduate,No,9100000,26400000,6,518,15800000,1100000,35300000,5700000,Rejected,57900000,2.9,0.46,Very High,Poor,Medium Risk,Not Eligible
3335,Betty F. Jones,Female,Married,2,Graduate,Yes,900000,2300000,20,367,0,1200000,3400000,1300000,Rejected,5900000,2.56,0.39,Low,Poor,Medium Risk,Not Eligible
3336,Karen Johnson,Female,Married,0,Graduate,Yes,4600000,12000000,12,493,4500000,700000,16200000,3600000,Rejected,25000000,2.61,0.48,Medium,Poor,Medium Risk,Not Eligible
3337,Jessica Johnson,Female,Divorced,2,Graduate,Yes,9400000,22700000,14,505,4000000,16900000,24700000,11500000,Rejected,57100000,2.41,0.4,Very High,Poor,Medium Risk,Not Eligible
3338,Barbara Garcia,Female,Single,5,Graduate,No,6900000,26500000,16,322,20500000,9800000,17100000,9400000,Rejected,56800000,3.84,0.47,High,Poor,Medium Risk,Not Eligible
3339,Donald P. Wilson,Male,Married,2,Graduate,No,300000,900000,8,735,800000,400000,500000,100000,Approved,1800000,3.0,0.5,Low,Good,Low Risk,Eligible
3340,Karen Gonzalez,Female,Single,5,Graduate,Yes,1900000,6700000,2,622,4200000,200000,3900000,1700000,Approved,10000000,3.53,0.67,Low,Fair,Medium Risk,Eligible
3341,Anthony Smith,Male,Single,4,Graduate,Yes,4400000,16400000,6,513,5400000,7500000,13100000,5700000,Rejected,31700000,3.73,0.52,Medium,Poor,Medium Risk,Not Eligible
3342,Michael Q. Lopez,Male,Married,4,Not Graduate,Yes,1200000,4100000,16,585,900000,900000,2300000,900000,Approved,5000000,3.42,0.82,Low,Fair,Medium Risk,Eligible
3343,Emily B. Taylor,Female,Single,1,Graduate,Yes,1000000,3000000,10,813,2900000,500000,3300000,800000,Approved,7500000,3.0,0.4,Low,Excellent,Low Risk,Eligible
3344,William M. Thomas,Male,Married,0,Graduate,No,3100000,10400000,18,622,1300000,5000000,7200000,1600000,Approved,15100000,3.35,0.69,Medium,Fair,Medium Risk,Eligible
3345,Emily Jones,Female,Single,1,Graduate,Yes,2100000,6300000,16,899,2400000,2200000,4400000,2200000,Approved,11200000,3.0,0.56,Low,Excellent,Low Risk,Eligible
3346,Margaret I. Smith,Female,Married,0,Not Graduate,No,2100000,4700000,2,459,4000000,1300000,8100000,1200000,Rejected,14600000,2.24,0.32,Low,Poor,Medium Risk,Not Eligible
3347,Sarah N. Garcia,Female,Single,4,Graduate,No,9400000,33300000,18,369,20600000,5600000,32200000,7200000,Rejected,65600000,3.54,0.51,Very High,Poor,Medium Risk,Not Eligible
3348,Richard Johnson,Male,Single,2,Not Graduate,No,9700000,37700000,6,601,300000,3100000,23800000,11800000,Approved,39000000,3.89,0.97,Very High,Fair,Medium Risk,Eligible
3349,Lisa Davis,Female,Married,4,Graduate,No,1400000,2700000,18,703,600000,1300000,5400000,900000,Approved,8200000,1.93,0.33,Low,Good,Low Risk,Eligible
3350,Emily Johnson,Female,Single,2,Not Graduate,No,4700000,14600000,20,597,8200000,6000000,14100000,6800000,Approved,35100000,3.11,0.42,Medium,Fair,Medium Risk,Eligible
3351,Matthew F. Rodriguez,Male,Single,3,Not Graduate,Yes,4100000,13300000,10,670,1900000,5500000,13200000,6100000,Approved,26700000,3.24,0.5,Medium,Good,Medium Risk,Eligible
3352,Andrew I. Davis,Male,Single,4,Not Graduate,Yes,1200000,2800000,6,366,3300000,300000,4200000,1400000,Rejected,9200000,2.33,0.3,Low,Poor,Medium Risk,Not Eligible
3353,Patricia N. Johnson,Female,Single,5,Not Graduate,No,7900000,27800000,16,857,23300000,12500000,17200000,10600000,Approved,63600000,3.52,0.44,Very High,Excellent,Low Risk,Eligible
3354,Karen Anderson,Female,Single,2,Not Graduate,No,6600000,15000000,16,401,13600000,6600000,23500000,3300000,Rejected,47000000,2.27,0.32,High,Poor,Medium Risk,Not Eligible
3355,Michael Brown,Male,Single,0,Not Graduate,No,2200000,8800000,4,437,1600000,2300000,8300000,2000000,Approved,14200000,4.0,0.62,Low,Poor,Medium Risk,Not Eligible
3356,Karen X. Moore,Female,Married,3,Not Graduate,No,5500000,17600000,8,882,5800000,7800000,20300000,3100000,Approved,37000000,3.2,0.48,High,Excellent,Low Risk,Eligible
3357,Michelle Williams,Female,Divorced,4,Graduate,No,5100000,15500000,8,392,6700000,8100000,13600000,6700000,Rejected,35100000,3.04,0.44,High,Poor,Medium Risk,Not Eligible
3358,Susan U. Davis,Female,Married,2,Not Graduate,Yes,3900000,7700000,10,421,9700000,7500000,14100000,2100000,Rejected,33400000,1.97,0.23,Medium,Poor,Medium Risk,Not Eligible
3359,Steven Garcia,Male,Divorced,5,Graduate,No,200000,400000,6,722,300000,300000,400000,100000,Approved,1100000,2.0,0.36,Low,Good,Low Risk,Eligible
3360,Barbara L. Williams,Female,Married,4,Graduate,No,5800000,14700000,10,692,2300000,10100000,17700000,3900000,Approved,34000000,2.53,0.43,High,Good,Medium Risk,Eligible
3361,Michael H. Martin,Male,Married,5,Not Graduate,No,8300000,20700000,2,537,8400000,14300000,19700000,7800000,Rejected,50200000,2.49,0.41,Very High,Poor,Medium Risk,Not Eligible
3362,Lisa Miller,Female,Married,5,Graduate,Yes,2600000,5500000,8,676,6700000,800000,7200000,1300000,Approved,16000000,2.12,0.34,Medium,Good,Medium Risk,Eligible
3363,Daniel E. Moore,Male,Single,1,Graduate,No,2100000,8100000,6,817,4600000,2900000,4900000,2900000,Approved,15300000,3.86,0.53,Low,Excellent,Low Risk,Eligible
3364,Daniel A. Davis,Male,Single,4,Not Graduate,No,3900000,10800000,20,433,4700000,1600000,14500000,2300000,Rejected,23100000,2.77,0.47,Medium,Poor,Medium Risk,Not Eligible
3365,Paul M. Williams,Male,Married,1,Graduate,Yes,5200000,16300000,6,524,11000000,3400000,20700000,4600000,Rejected,39700000,3.13,0.41,High,Poor,Medium Risk,Not Eligible
3366,Kimberley L. Williams,Female,Widowed,3,Not Graduate,Yes,7800000,24400000,20,490,6700000,5100000,17700000,4100000,Rejected,33600000,3.13,0.73,Very High,Poor,Medium Risk,Not Eligible
3367,Sarah L. Rodriguez,Female,Single,3,Not Graduate,Yes,5400000,14300000,4,595,4100000,2800000,19300000,4900000,Approved,31100000,2.65,0.46,High,Fair,Medium Risk,Eligible
3368,Patricia Moore,Female,Married,2,Not Graduate,No,2900000,11000000,2,835,4900000,3200000,11500000,1400000,Approved,21000000,3.79,0.52,Medium,Excellent,Low Risk,Eligible
3369,Jennifer G. Thomas,Female,Married,4,Graduate,No,7100000,28300000,6,850,5600000,7100000,26000000,9700000,Approved,48400000,3.99,0.58,High,Excellent,Low Risk,Eligible
3370,James Hernandez,Male,Married,1,Graduate,Yes,800000,2500000,4,409,1300000,1000000,3100000,900000,Approved,6300000,3.12,0.4,Low,Poor,Medium Risk,Not Eligible
3371,Andrew Q. Anderson,Male,Married,5,Graduate,Yes,3400000,12800000,10,760,9800000,4300000,11000000,4600000,Approved,29700000,3.76,0.43,Medium,Excellent,Low Risk,Eligible
3372,Michelle S. Jackson,Female,Married,1,Graduate,Yes,6800000,17600000,14,344,5500000,5600000,18100000,7700000,Rejected,36900000,2.59,0.48,High,Poor,Medium Risk,Not Eligible
3373,Kenneth Johnson,Male,Widowed,4,Graduate,Yes,7000000,27100000,12,881,8300000,9400000,17200000,9500000,Approved,44400000,3.87,0.61,High,Excellent,Low Risk,Eligible
3374,Donna D. Jones,Female,Single,0,Graduate,Yes,9300000,24500000,10,600,20200000,700000,32600000,5400000,Approved,58900000,2.63,0.42,Very High,Fair,Medium Risk,Eligible
3375,Elizabeth Rodriguez,Female,Single,2,Graduate,No,7500000,19900000,10,790,3500000,13000000,19900000,5900000,Approved,42300000,2.65,0.47,High,Excellent,Low Risk,Eligible
3376,Kenneth M. Moore,Male,Married,3,Graduate,Yes,8000000,31200000,20,392,7300000,8400000,16000000,6000000,Rejected,37700000,3.9,0.83,Very High,Poor,Medium Risk,Not Eligible
3377,Charles R. Jones,Male,Married,5,Graduate,Yes,1600000,4100000,2,748,1400000,1000000,4200000,1000000,Approved,7600000,2.56,0.54,Low,Good,Low Risk,Eligible
3378,Barbara Taylor,Female,Married,1,Graduate,Yes,6700000,18800000,6,798,8700000,5900000,18000000,6100000,Approved,38700000,2.81,0.49,High,Excellent,Low Risk,Eligible
3379,David V. Brown,Male,Married,3,Not Graduate,No,3800000,11400000,4,323,5800000,4000000,9600000,4400000,Approved,23800000,3.0,0.48,Medium,Poor,Medium Risk,Not Eligible
3380,Anthony S. Garcia,Male,Single,1,Not Graduate,Yes,2700000,5400000,6,413,4800000,1500000,6100000,2600000,Rejected,15000000,2.0,0.36,Medium,Poor,Medium Risk,Not Eligible
3381,Paul W. Taylor,Male,Married,3,Graduate,No,1300000,2900000,8,733,3800000,1900000,3800000,1800000,Approved,11300000,2.23,0.26,Low,Good,Low Risk,Eligible
3382,Richard Jones,Male,Married,4,Not Graduate,No,3400000,10500000,16,543,3100000,4500000,11100000,4500000,Rejected,23200000,3.09,0.45,Medium,Poor,Medium Risk,Not Eligible
3383,Richard Davis,Male,Single,3,Graduate,No,3400000,10900000,14,757,5400000,1600000,7700000,3000000,Approved,17700000,3.21,0.62,Medium,Excellent,Low Risk,Eligible
3384,Paul Gonzalez,Male,Single,5,Graduate,Yes,2400000,6800000,8,464,1900000,1300000,9500000,1900000,Rejected,14600000,2.83,0.47,Low,Poor,Medium Risk,Not Eligible
3385,James T. Taylor,Male,Married,0,Not Graduate,No,1900000,6900000,4,749,2100000,3700000,4300000,2200000,Approved,12300000,3.63,0.56,Low,Good,Low Risk,Eligible
3386,Betty Brown,Female,Single,4,Graduate,No,700000,2200000,6,680,300000,200000,2500000,300000,Approved,3300000,3.14,0.67,Low,Good,Medium Risk,Eligible
3387,Susan Lopez,Female,Single,1,Not Graduate,No,6900000,20900000,4,574,3200000,1800000,25000000,5200000,Approved,35200000,3.03,0.59,High,Fair,Medium Risk,Eligible
3388,Thomas Moore,Male,Single,5,Graduate,Yes,300000,800000,18,774,400000,200000,900000,400000,Approved,1900000,2.67,0.42,Low,Excellent,Low Risk,Eligible
3389,Michael B. Jackson,Male,Married,3,Not Graduate,No,6000000,18700000,10,387,6600000,6200000,23300000,6700000,Rejected,42800000,3.12,0.44,High,Poor,Medium Risk,Not Eligible
3390,Sandra G. Moore,Female,Single,1,Not Graduate,No,4300000,16400000,20,397,6700000,6200000,10200000,5700000,Rejected,28800000,3.81,0.57,Medium,Poor,Medium Risk,Not Eligible
3391,Donna Z. Hernandez,Female,Single,4,Graduate,No,5800000,13500000,14,816,13800000,9300000,20400000,7900000,Approved,51400000,2.33,0.26,High,Excellent,Low Risk,Eligible
3392,Joseph Smith,Male,Married,2,Graduate,Yes,3300000,6700000,8,845,1300000,4600000,12300000,3200000,Approved,21400000,2.03,0.31,Medium,Excellent,Low Risk,Eligible
3393,James I. Lopez,Male,Divorced,2,Not Graduate,No,400000,1500000,4,743,700000,500000,1200000,300000,Approved,2700000,3.75,0.56,Low,Good,Low Risk,Eligible
3394,Margaret Williams,Female,Divorced,5,Not Graduate,No,300000,600000,4,418,500000,200000,700000,200000,Rejected,1600000,2.0,0.38,Low,Poor,Medium Risk,Not Eligible
3395,Mark V. Wilson,Male,Single,1,Not Graduate,No,4200000,10700000,6,466,7400000,7000000,14000000,4700000,Rejected,33100000,2.55,0.32,Medium,Poor,Medium Risk,Not Eligible
3396,Jennifer Williams,Female,Married,2,Not Graduate,Yes,600000,2300000,12,335,400000,900000,1200000,400000,Rejected,2900000,3.83,0.79,Low,Poor,Medium Risk,Not Eligible
3397,Karen W. Williams,Female,Married,5,Not Graduate,Yes,4400000,15200000,6,446,9500000,2200000,16700000,5800000,Rejected,34200000,3.45,0.44,Medium,Poor,Medium Risk,Not Eligible
3398,Christopher R. Smith,Male,Single,0,Graduate,Yes,9200000,29400000,2,868,9200000,13800000,32000000,5300000,Approved,60300000,3.2,0.49,Very High,Excellent,Low Risk,Eligible
3399,Michelle Jackson,Female,Married,2,Graduate,Yes,6900000,25300000,4,763,9000000,3600000,21300000,5500000,Approved,39400000,3.67,0.64,High,Excellent,Low Risk,Eligible
3400,Paul Martin,Male,Married,5,Not Graduate,Yes,5100000,13700000,14,527,12100000,8900000,19400000,4700000,Rejected,45100000,2.69,0.3,High,Poor,Medium Risk,Not Eligible
3401,Mark J. Wilson,Male,Married,4,Graduate,No,3400000,12700000,2,741,3300000,6100000,7700000,3700000,Approved,20800000,3.74,0.61,Medium,Good,Low Risk,Eligible
3402,Emily M. Jackson,Female,Single,4,Not Graduate,Yes,8600000,26800000,12,802,7400000,2800000,32100000,11700000,Approved,54000000,3.12,0.5,Very High,Excellent,Low Risk,Eligible
3403,Mary Taylor,Female,Married,3,Not Graduate,Yes,9200000,28900000,8,538,13900000,8300000,32400000,4900000,Rejected,59500000,3.14,0.49,Very High,Poor,Medium Risk,Not Eligible
3404,Steven V. Taylor,Male,Married,5,Graduate,Yes,4800000,16300000,4,523,8800000,2300000,10000000,2800000,Approved,23900000,3.4,0.68,Medium,Poor,Medium Risk,Not Eligible
3405,Matthew Smith,Male,Married,4,Not Graduate,No,2800000,8300000,14,381,3200000,1100000,9100000,1500000,Rejected,14900000,2.96,0.56,Medium,Poor,Medium Risk,Not Eligible
3406,Matthew S. Anderson,Male,Married,1,Graduate,Yes,3400000,7000000,4,534,3100000,1600000,13000000,4000000,Rejected,21700000,2.06,0.32,Medium,Poor,Medium Risk,Not Eligible
3407,Mary Martin,Female,Single,5,Not Graduate,Yes,800000,2200000,14,574,2200000,1200000,1700000,1100000,Approved,6200000,2.75,0.35,Low,Fair,Medium Risk,Eligible
3408,David Y. Wilson,Male,Widowed,1,Not Graduate,No,4100000,11100000,6,405,12000000,2900000,9000000,5900000,Rejected,29800000,2.71,0.37,Medium,Poor,Medium Risk,Not Eligible
3409,Kimberley F. Jackson,Female,Single,0,Not Graduate,No,1900000,3800000,16,542,800000,500000,4000000,2100000,Rejected,7400000,2.0,0.51,Low,Poor,Medium Risk,Not Eligible
3410,Jennifer Y. Moore,Female,Divorced,5,Graduate,Yes,6700000,25400000,14,820,10300000,8100000,18500000,3900000,Approved,40800000,3.79,0.62,High,Excellent,Low Risk,Eligible
3411,Elizabeth L. Williams,Female,Single,0,Graduate,No,5200000,13400000,2,505,12000000,7900000,20400000,6200000,Rejected,46500000,2.58,0.29,High,Poor,Medium Risk,Not Eligible
3412,Linda Anderson,Female,Single,3,Graduate,Yes,6700000,16400000,2,508,4400000,10900000,25300000,9200000,Rejected,49800000,2.45,0.33,High,Poor,Medium Risk,Not Eligible
3413,David Thomas,Male,Married,1,Not Graduate,Yes,4700000,15000000,20,835,2100000,2500000,10100000,3800000,Approved,18500000,3.19,0.81,Medium,Excellent,Low Risk,Eligible
3414,William U. Moore,Male,Married,0,Not Graduate,No,6000000,22000000,12,826,1400000,2000000,14100000,7000000,Approved,24500000,3.67,0.9,High,Excellent,Low Risk,Eligible
3415,Jennifer M. Martin,Female,Divorced,5,Not Graduate,Yes,6500000,18900000,12,427,5100000,1900000,18200000,7800000,Rejected,33000000,2.91,0.57,High,Poor,Medium Risk,Not Eligible
3416,Sarah Garcia,Female,Married,3,Graduate,No,500000,2000000,12,890,800000,700000,1800000,400000,Approved,3700000,4.0,0.54,Low,Excellent,Low Risk,Eligible
3417,Lisa O. Taylor,Female,Single,4,Not Graduate,No,5700000,13300000,2,333,9400000,3000000,11800000,8200000,Rejected,32400000,2.33,0.41,High,Poor,Medium Risk,Not Eligible
3418,Nancy D. Rodriguez,Female,Married,4,Not Graduate,Yes,6800000,20000000,12,679,20200000,10900000,26900000,6600000,Approved,64600000,2.94,0.31,High,Good,Medium Risk,Eligible
3419,Karen Lopez,Female,Married,5,Not Graduate,No,3100000,12300000,18,805,4900000,1900000,6100000,2800000,Approved,15700000,3.97,0.78,Medium,Excellent,Low Risk,Eligible
3420,Sandra Taylor,Female,Married,3,Not Graduate,No,5100000,11000000,16,826,11800000,2900000,12900000,2700000,Approved,30300000,2.16,0.36,High,Excellent,Low Risk,Eligible
3421,David Lopez,Male,Single,1,Not Graduate,Yes,6300000,23900000,10,844,16300000,4900000,16800000,4500000,Approved,42500000,3.79,0.56,High,Excellent,Low Risk,Eligible
3422,Robert H. Williams,Male,Divorced,5,Graduate,Yes,4400000,14100000,10,663,5300000,4900000,17500000,2600000,Approved,30300000,3.2,0.47,Medium,Good,Medium Risk,Eligible
3423,Sandra O. Rodriguez,Female,Single,1,Not Graduate,No,8100000,21900000,6,884,15100000,5400000,27500000,6600000,Approved,54600000,2.7,0.4,Very High,Excellent,Low Risk,Eligible
3424,Charles Q. Thomas,Male,Single,1,Not Graduate,No,1100000,3700000,2,508,200000,0,2200000,1300000,Approved,3700000,3.36,1.0,Low,Poor,Medium Risk,Not Eligible
3425,Sarah Smith,Female,Married,0,Graduate,Yes,2400000,6900000,4,581,5100000,4500000,6000000,3400000,Approved,19000000,2.88,0.36,Low,Fair,Medium Risk,Eligible
3426,Richard H. Rodriguez,Male,Single,3,Graduate,Yes,7000000,26300000,12,481,14300000,12800000,15100000,9900000,Rejected,52100000,3.76,0.5,High,Poor,Medium Risk,Not Eligible
3427,Jennifer R. Gonzalez,Female,Divorced,1,Graduate,Yes,8700000,30000000,12,543,21900000,12700000,30600000,12700000,Rejected,77900000,3.45,0.39,Very High,Poor,Medium Risk,Not Eligible
3428,Mary Thomas,Female,Married,0,Not Graduate,Yes,3500000,12600000,10,448,1200000,2500000,10400000,3600000,Rejected,17700000,3.6,0.71,Medium,Poor,Medium Risk,Not Eligible
3429,Michael A. Brown,Male,Married,1,Graduate,Yes,1600000,5300000,4,713,1400000,1400000,4900000,1300000,Approved,9000000,3.31,0.59,Low,Good,Low Risk,Eligible
3430,Linda Williams,Female,Married,5,Not Graduate,Yes,7800000,17300000,16,493,800000,4500000,16300000,9300000,Rejected,30900000,2.22,0.56,Very High,Poor,Medium Risk,Not Eligible
3431,Matthew Z. Davis,Male,Married,2,Not Graduate,No,3700000,9200000,10,819,8500000,2000000,10200000,3100000,Approved,23800000,2.49,0.39,Medium,Excellent,Low Risk,Eligible
3432,Joseph Johnson,Male,Single,4,Graduate,No,400000,1400000,18,827,0,0,900000,600000,Approved,1500000,3.5,0.93,Low,Excellent,Low Risk,Eligible
3433,Donna A. Hernandez,Female,Divorced,0,Not Graduate,No,4800000,15700000,10,398,4900000,7400000,17100000,6400000,Rejected,35800000,3.27,0.44,Medium,Poor,Medium Risk,Not Eligible
3434,Jennifer J. Taylor,Female,Married,0,Graduate,Yes,2900000,7500000,18,692,3200000,300000,7500000,4000000,Approved,15000000,2.59,0.5,Medium,Good,Medium Risk,Eligible
3435,Karen E. Davis,Female,Married,5,Graduate,Yes,5000000,14600000,18,509,11800000,2500000,19800000,4900000,Rejected,39000000,2.92,0.37,Medium,Poor,Medium Risk,Not Eligible
3436,Sandra G. Jackson,Female,Divorced,0,Graduate,Yes,7600000,18100000,16,439,12800000,5900000,29800000,10600000,Rejected,59100000,2.38,0.31,Very High,Poor,Medium Risk,Not Eligible
3437,Nancy I. Jones,Female,Divorced,1,Graduate,No,3000000,9400000,4,622,600000,3500000,9600000,2000000,Approved,15700000,3.13,0.6,Medium,Fair,Medium Risk,Eligible
3438,Mark Z. Williams,Male,Married,3,Not Graduate,Yes,200000,700000,18,526,400000,100000,500000,0,Rejected,1000000,3.5,0.7,Low,Poor,Medium Risk,Not Eligible
3439,Steven Z. Miller,Male,Married,5,Not Graduate,Yes,6800000,19000000,8,865,9500000,7200000,25000000,6300000,Approved,48000000,2.79,0.4,High,Excellent,Low Risk,Eligible
3440,Michael Johnson,Male,Single,5,Not Graduate,Yes,9700000,27400000,2,328,0,18400000,22000000,7900000,Rejected,48300000,2.82,0.57,Very High,Poor,Medium Risk,Not Eligible
3441,Emily Martin,Female,Married,0,Graduate,Yes,1200000,4200000,4,768,2800000,2200000,2800000,1500000,Approved,9300000,3.5,0.45,Low,Excellent,Low Risk,Eligible
3442,Donald Martinez,Male,Divorced,5,Not Graduate,Yes,7400000,24000000,16,854,4300000,6700000,20600000,8700000,Approved,40300000,3.24,0.6,High,Excellent,Low Risk,Eligible
3443,Margaret H. Rodriguez,Female,Single,4,Graduate,No,6900000,20800000,4,839,2600000,2400000,16100000,7400000,Approved,28500000,3.01,0.73,High,Excellent,Low Risk,Eligible
3444,Mark Taylor,Male,Divorced,0,Not Graduate,Yes,9100000,23300000,18,414,17700000,2500000,33800000,6400000,Rejected,60400000,2.56,0.39,Very High,Poor,Medium Risk,Not Eligible
3445,Patricia Wilson,Female,Married,0,Graduate,Yes,1300000,4700000,16,530,3200000,1000000,3800000,800000,Rejected,8800000,3.62,0.53,Low,Poor,Medium Risk,Not Eligible
3446,Charles Q. Martinez,Male,Single,3,Graduate,No,6600000,14600000,10,841,15300000,12100000,14800000,6000000,Approved,48200000,2.21,0.3,High,Excellent,Low Risk,Eligible
3447,Barbara M. Hernandez,Female,Divorced,3,Not Graduate,Yes,1800000,5700000,14,670,5300000,3100000,3500000,2700000,Approved,14600000,3.17,0.39,Low,Good,Medium Risk,Eligible
3448,Betty K. Jones,Female,Single,5,Not Graduate,Yes,8200000,20900000,14,726,11400000,4800000,26000000,8400000,Approved,50600000,2.55,0.41,Very High,Good,Low Risk,Eligible
3449,Margaret M. Rodriguez,Female,Single,4,Not Graduate,No,2800000,8300000,14,352,4900000,2600000,7100000,3700000,Rejected,18300000,2.96,0.45,Medium,Poor,Medium Risk,Not Eligible
3450,Nancy Williams,Female,Single,1,Graduate,Yes,7000000,16000000,4,554,13000000,8600000,26600000,7900000,Approved,56100000,2.29,0.29,High,Fair,Medium Risk,Eligible
3451,Joshua A. Garcia,Male,Married,4,Graduate,No,700000,1800000,18,728,400000,1300000,2200000,600000,Approved,4500000,2.57,0.4,Low,Good,Low Risk,Eligible
3452,Lisa Brown,Female,Married,0,Not Graduate,No,7400000,25500000,6,463,2300000,5600000,26800000,8400000,Rejected,43100000,3.45,0.59,High,Poor,Medium Risk,Not Eligible
3453,Mary Martin,Female,Single,5,Not Graduate,Yes,2300000,5000000,10,431,300000,3700000,8700000,2900000,Rejected,15600000,2.17,0.32,Low,Poor,Medium Risk,Not Eligible
3454,William M. Anderson,Male,Single,1,Graduate,Yes,600000,1900000,8,445,1200000,100000,1600000,300000,Rejected,3200000,3.17,0.59,Low,Poor,Medium Risk,Not Eligible
3455,David W. Hernandez,Male,Divorced,5,Graduate,No,1000000,3000000,4,896,2800000,1100000,2000000,1100000,Approved,7000000,3.0,0.43,Low,Excellent,Low Risk,Eligible
3456,Patricia Garcia,Female,Single,1,Not Graduate,Yes,2200000,5200000,8,420,2900000,100000,5000000,2300000,Rejected,10300000,2.36,0.5,Low,Poor,Medium Risk,Not Eligible
3457,Jessica I. Hernandez,Female,Married,1,Not Graduate,No,8000000,30900000,2,315,23500000,1200000,19500000,7300000,Approved,51500000,3.86,0.6,Very High,Poor,Medium Risk,Not Eligible
3458,Richard V. Smith,Male,Single,4,Not Graduate,No,8600000,20900000,10,867,24300000,7200000,23700000,9900000,Approved,65100000,2.43,0.32,Very High,Excellent,Low Risk,Eligible
3459,Lisa Jackson,Female,Widowed,3,Not Graduate,Yes,7500000,26000000,2,342,13900000,1900000,26900000,11200000,Approved,53900000,3.47,0.48,High,Poor,Medium Risk,Not Eligible
3460,Richard W. Wilson,Male,Divorced,5,Not Graduate,Yes,5200000,11800000,18,711,14300000,5100000,15500000,4500000,Approved,39400000,2.27,0.3,High,Good,Low Risk,Eligible
3461,Daniel Brown,Male,Divorced,2,Not Graduate,No,7900000,20900000,2,723,1700000,1800000,16300000,7100000,Approved,26900000,2.65,0.78,Very High,Good,Low Risk,Eligible
3462,Matthew Jackson,Male,Married,1,Graduate,Yes,4200000,11300000,4,704,4700000,2800000,14900000,4000000,Approved,26400000,2.69,0.43,Medium,Good,Low Risk,Eligible
3463,Patricia Anderson,Female,Divorced,0,Graduate,No,6500000,20200000,16,842,8300000,12200000,14300000,9600000,Approved,44400000,3.11,0.45,High,Excellent,Low Risk,Eligible
3464,Linda E. Anderson,Female,Married,0,Graduate,Yes,7400000,15200000,12,600,6200000,8500000,18800000,4100000,Approved,37600000,2.05,0.4,High,Fair,Medium Risk,Eligible
3465,Matthew U. Jackson,Male,Single,3,Not Graduate,No,9100000,25600000,12,688,8900000,16300000,27900000,11100000,Approved,64200000,2.81,0.4,Very High,Good,Medium Risk,Eligible
3466,Michael Johnson,Male,Single,0,Not Graduate,No,800000,2300000,16,739,1800000,600000,2000000,400000,Approved,4800000,2.88,0.48,Low,Good,Low Risk,Eligible
3467,Christopher Smith,Male,Divorced,1,Graduate,Yes,800000,2800000,10,798,1300000,1300000,2500000,400000,Approved,5500000,3.5,0.51,Low,Excellent,Low Risk,Eligible
3468,James Rodriguez,Male,Divorced,5,Graduate,Yes,4100000,9900000,4,319,7600000,7400000,12000000,5500000,Rejected,32500000,2.41,0.3,Medium,Poor,Medium Risk,Not Eligible
3469,Mark W. Johnson,Male,Widowed,5,Graduate,Yes,4200000,8700000,6,583,6000000,800000,8500000,2500000,Approved,17800000,2.07,0.49,Medium,Fair,Medium Risk,Eligible
3470,Jennifer U. Williams,Female,Married,3,Graduate,Yes,4800000,11500000,12,535,3600000,8000000,15600000,5400000,Rejected,32600000,2.4,0.35,Medium,Poor,Medium Risk,Not Eligible
3471,Thomas T. Hernandez,Male,Divorced,3,Not Graduate,Yes,8300000,25900000,8,696,14400000,12200000,23500000,7100000,Approved,57200000,3.12,0.45,Very High,Good,Medium Risk,Eligible
3472,Nancy V. Davis,Female,Married,4,Not Graduate,No,7600000,23900000,8,672,2500000,1600000,20200000,6700000,Approved,31000000,3.14,0.77,Very High,Good,Medium Risk,Eligible
3473,Robert Lopez,Male,Single,4,Graduate,No,5100000,12300000,20,410,9200000,9200000,18700000,5600000,Rejected,42700000,2.41,0.29,High,Poor,Medium Risk,Not Eligible
3474,Ashley A. Jackson,Female,Married,5,Graduate,No,3600000,11600000,14,546,8500000,300000,12000000,4800000,Rejected,25600000,3.22,0.45,Medium,Poor,Medium Risk,Not Eligible
3475,Donna R. Wilson,Female,Single,3,Not Graduate,Yes,5400000,16800000,16,550,10700000,6400000,13400000,7000000,Approved,37500000,3.11,0.45,High,Fair,Medium Risk,Eligible
3476,Margaret Thomas,Female,Married,5,Not Graduate,No,700000,1400000,4,344,1500000,800000,2600000,300000,Rejected,5200000,2.0,0.27,Low,Poor,Medium Risk,Not Eligible
3477,Steven Taylor,Male,Married,2,Not Graduate,Yes,9800000,38200000,10,743,5400000,14800000,24300000,5300000,Approved,49800000,3.9,0.77,Very High,Good,Low Risk,Eligible
3478,Joseph J. Jackson,Male,Married,4,Graduate,No,9700000,36400000,4,772,13800000,11300000,38100000,13500000,Approved,76700000,3.75,0.47,Very High,Excellent,Low Risk,Eligible
3479,Jessica Smith,Female,Married,0,Graduate,Yes,9400000,29900000,12,302,12300000,1500000,35700000,8200000,Rejected,57700000,3.18,0.52,Very High,Poor,Medium Risk,Not Eligible
3480,Barbara Hernandez,Female,Single,3,Graduate,Yes,3200000,9100000,18,376,4500000,800000,9000000,1700000,Rejected,16000000,2.84,0.57,Medium,Poor,Medium Risk,Not Eligible
3481,Mary Williams,Female,Widowed,0,Graduate,Yes,3700000,11600000,10,747,0,4500000,9000000,3500000,Approved,17000000,3.14,0.68,Medium,Good,Low Risk,Eligible
3482,Sarah F. Jones,Female,Single,2,Graduate,Yes,4200000,15800000,6,710,12300000,3700000,12600000,4600000,Approved,33200000,3.76,0.48,Medium,Good,Low Risk,Eligible
3483,Emily Rodriguez,Female,Single,2,Not Graduate,No,7000000,24200000,6,892,20600000,500000,21400000,9200000,Approved,51700000,3.46,0.47,High,Excellent,Low Risk,Eligible
3484,Joshua Jones,Male,Single,3,Not Graduate,No,3200000,11500000,16,492,4800000,2300000,10400000,3200000,Rejected,20700000,3.59,0.56,Medium,Poor,Medium Risk,Not Eligible
3485,Linda Williams,Female,Married,5,Graduate,No,7900000,17700000,2,559,19700000,2800000,28900000,5400000,Approved,56800000,2.24,0.31,Very High,Fair,Medium Risk,Eligible
3486,Mark Johnson,Male,Single,3,Not Graduate,No,2200000,8300000,18,314,1100000,900000,5800000,2000000,Rejected,9800000,3.77,0.85,Low,Poor,Medium Risk,Not Eligible
3487,Kimberley Rodriguez,Female,Single,0,Graduate,Yes,2700000,8400000,6,744,1200000,4100000,7500000,2000000,Approved,14800000,3.11,0.57,Medium,Good,Low Risk,Eligible
3488,Michael Gonzalez,Male,Single,5,Not Graduate,No,6800000,18000000,12,690,17800000,11800000,25000000,9300000,Approved,63900000,2.65,0.28,High,Good,Medium Risk,Eligible
3489,Kenneth Smith,Male,Married,3,Graduate,Yes,6300000,23300000,4,347,18300000,12200000,21100000,8100000,Approved,59700000,3.7,0.39,High,Poor,Medium Risk,Not Eligible
3490,Lisa R. Jackson,Female,Married,5,Graduate,Yes,9000000,31400000,2,677,12000000,10800000,20700000,8700000,Approved,52200000,3.49,0.6,Very High,Good,Medium Risk,Eligible
3491,Michael S. Garcia,Male,Married,1,Graduate,No,4700000,15700000,4,468,13300000,5100000,16200000,3600000,Approved,38200000,3.34,0.41,Medium,Poor,Medium Risk,Not Eligible
3492,Barbara Gonzalez,Female,Divorced,2,Not Graduate,No,8100000,17500000,4,674,10800000,12700000,23200000,9300000,Approved,56000000,2.16,0.31,Very High,Good,Medium Risk,Eligible
3493,Mark W. Garcia,Male,Single,2,Not Graduate,No,9000000,27300000,14,353,22600000,4400000,26900000,7200000,Rejected,61100000,3.03,0.45,Very High,Poor,Medium Risk,Not Eligible
3494,Nancy Taylor,Female,Single,4,Not Graduate,No,3800000,14100000,8,727,3900000,4900000,8200000,5400000,Approved,22400000,3.71,0.63,Medium,Good,Low Risk,Eligible
3495,Mary Martin,Female,Divorced,4,Not Graduate,Yes,8800000,22200000,10,512,6800000,4000000,31900000,9900000,Rejected,52600000,2.52,0.42,Very High,Poor,Medium Risk,Not Eligible
3496,Michael H. Lopez,Male,Married,3,Not Graduate,Yes,8700000,27200000,18,454,9100000,9300000,30900000,12000000,Rejected,61300000,3.13,0.44,Very High,Poor,Medium Risk,Not Eligible
3497,Richard Miller,Male,Divorced,5,Not Graduate,No,5000000,12400000,14,315,7400000,8600000,17000000,4000000,Rejected,37000000,2.48,0.34,Medium,Poor,Medium Risk,Not Eligible
3498,Kenneth Garcia,Male,Divorced,0,Not Graduate,Yes,6000000,22700000,10,480,200000,11900000,13700000,8700000,Rejected,34500000,3.78,0.66,High,Poor,Medium Risk,Not Eligible
3499,Paul X. Jackson,Male,Single,2,Graduate,Yes,9100000,24200000,16,685,25600000,1900000,31100000,9100000,Approved,67700000,2.66,0.36,Very High,Good,Medium Risk,Eligible
3500,Donna Brown,Female,Married,1,Graduate,No,7400000,17900000,6,460,2600000,1300000,25900000,5000000,Rejected,34800000,2.42,0.51,High,Poor,Medium Risk,Not Eligible
3501,Susan Moore,Female,Married,1,Not Graduate,Yes,8300000,28400000,16,704,1400000,11700000,16900000,11400000,Approved,41400000,3.42,0.69,Very High,Good,Low Risk,Eligible
3502,Joshua O. Hernandez,Male,Married,1,Graduate,Yes,7600000,23900000,12,692,500000,12200000,27000000,5000000,Approved,44700000,3.14,0.53,Very High,Good,Medium Risk,Eligible
3503,Barbara Brown,Female,Married,1,Not Graduate,Yes,3500000,9600000,4,398,1700000,6000000,7900000,4600000,Rejected,20200000,2.74,0.48,Medium,Poor,Medium Risk,Not Eligible
3504,Daniel Davis,Male,Married,5,Graduate,Yes,1000000,3500000,18,882,900000,500000,2900000,600000,Approved,4900000,3.5,0.71,Low,Excellent,Low Risk,Eligible
3505,Michael T. Moore,Male,Divorced,5,Graduate,Yes,9900000,25900000,4,860,7800000,200000,38000000,5400000,Approved,51400000,2.62,0.5,Very High,Excellent,Low Risk,Eligible
3506,Barbara Taylor,Female,Widowed,2,Graduate,Yes,5700000,15100000,18,330,5900000,3800000,16600000,6200000,Rejected,32500000,2.65,0.46,High,Poor,Medium Risk,Not Eligible
3507,Patricia E. Brown,Female,Single,5,Graduate,No,700000,2400000,16,447,1300000,700000,2600000,800000,Rejected,5400000,3.43,0.44,Low,Poor,Medium Risk,Not Eligible
3508,Barbara Smith,Female,Married,0,Not Graduate,Yes,9600000,23800000,12,788,9900000,14400000,21200000,10400000,Approved,55900000,2.48,0.43,Very High,Excellent,Low Risk,Eligible
3509,Emily H. Jones,Female,Single,1,Not Graduate,No,9300000,28900000,6,526,11100000,1600000,19700000,11000000,Rejected,43400000,3.11,0.67,Very High,Poor,Medium Risk,Not Eligible
3510,Robert Rodriguez,Male,Single,0,Graduate,No,9500000,28400000,18,577,6200000,10300000,30200000,14100000,Approved,60800000,2.99,0.47,Very High,Fair,Medium Risk,Eligible
3511,Susan Q. Jones,Female,Married,4,Graduate,Yes,8700000,23400000,16,372,10600000,11700000,20000000,8000000,Rejected,50300000,2.69,0.47,Very High,Poor,Medium Risk,Not Eligible
3512,Mark W. Lopez,Male,Single,5,Graduate,Yes,7300000,21000000,14,759,15500000,8000000,20300000,10800000,Approved,54600000,2.88,0.38,High,Excellent,Low Risk,Eligible
3513,David Smith,Male,Married,3,Graduate,Yes,4100000,12700000,10,465,6400000,1900000,14100000,3200000,Rejected,25600000,3.1,0.5,Medium,Poor,Medium Risk,Not Eligible
3514,Charles Jones,Male,Single,2,Graduate,No,2900000,10200000,4,789,1200000,4100000,6100000,3600000,Approved,15000000,3.52,0.68,Medium,Excellent,Low Risk,Eligible
3515,Ashley E. Lopez,Female,Married,3,Graduate,Yes,7500000,17900000,2,680,7000000,11800000,25000000,6300000,Approved,50100000,2.39,0.36,High,Good,Medium Risk,Eligible
3516,Thomas B. Lopez,Male,Divorced,1,Graduate,No,7900000,25700000,20,681,14900000,3000000,18100000,8800000,Approved,44800000,3.25,0.57,Very High,Good,Medium Risk,Eligible
3517,Paul Williams,Male,Divorced,1,Graduate,Yes,6900000,22300000,16,673,17400000,100000,21300000,9000000,Approved,47800000,3.23,0.47,High,Good,Medium Risk,Eligible
3518,Sarah Gonzalez,Female,Married,0,Not Graduate,No,6900000,22900000,10,313,5600000,9300000,26200000,8000000,Rejected,49100000,3.32,0.47,High,Poor,Medium Risk,Not Eligible
3519,Matthew Martin,Male,Married,0,Not Graduate,No,4800000,18800000,16,551,7900000,9400000,17300000,5500000,Approved,40100000,3.92,0.47,Medium,Fair,Medium Risk,Eligible
3520,Margaret Lopez,Female,Married,5,Graduate,Yes,7700000,24400000,8,453,1400000,7700000,22000000,10000000,Rejected,41100000,3.17,0.59,Very High,Poor,Medium Risk,Not Eligible
3521,David U. Williams,Male,Single,3,Not Graduate,No,6900000,22700000,4,650,900000,13400000,15500000,6400000,Approved,36200000,3.29,0.63,High,Good,Medium Risk,Eligible
3522,Mark Williams,Male,Single,1,Not Graduate,No,1200000,4500000,4,439,3200000,1800000,2900000,1200000,Approved,9100000,3.75,0.49,Low,Poor,Medium Risk,Not Eligible
3523,Richard Q. Jackson,Male,Single,1,Graduate,No,2900000,9600000,4,658,8200000,4300000,7000000,2700000,Approved,22200000,3.31,0.43,Medium,Good,Medium Risk,Eligible
3524,Charles X. Davis,Male,Married,4,Graduate,Yes,5500000,18900000,6,379,13900000,9100000,18500000,3100000,Rejected,44600000,3.44,0.42,High,Poor,Medium Risk,Not Eligible
3525,Jennifer Martin,Female,Single,4,Graduate,Yes,3200000,10700000,4,450,7300000,3000000,8200000,1800000,Approved,20300000,3.34,0.53,Medium,Poor,Medium Risk,Not Eligible
3526,Joseph Brown,Male,Single,5,Not Graduate,No,2600000,8200000,4,849,7400000,2000000,8900000,2700000,Approved,21000000,3.15,0.39,Medium,Excellent,Low Risk,Eligible
3527,Matthew L. Gonzalez,Male,Widowed,0,Graduate,No,500000,1600000,18,865,1400000,400000,1000000,200000,Approved,3000000,3.2,0.53,Low,Excellent,Low Risk,Eligible
3528,Betty B. Anderson,Female,Single,0,Graduate,No,1800000,6900000,10,853,900000,400000,3700000,1700000,Rejected,6700000,3.83,1.03,Low,Excellent,Low Risk,Eligible
3529,Elizabeth Z. Williams,Female,Single,0,Not Graduate,No,1300000,4900000,12,555,2400000,1200000,4100000,1700000,Approved,9400000,3.77,0.52,Low,Fair,Medium Risk,Eligible
3530,Patricia Y. Martinez,Female,Married,1,Not Graduate,No,9900000,20700000,20,821,12700000,8200000,38100000,11100000,Approved,70100000,2.09,0.3,Very High,Excellent,Low Risk,Eligible
3531,Karen Johnson,Female,Married,0,Not Graduate,No,2000000,4700000,2,820,4700000,500000,7900000,1200000,Approved,14300000,2.35,0.33,Low,Excellent,Low Risk,Eligible
3532,Christopher W. Martin,Male,Single,1,Not Graduate,No,5100000,15300000,4,721,7000000,6100000,15300000,5900000,Approved,34300000,3.0,0.45,High,Good,Low Risk,Eligible
3533,Nancy Smith,Female,Married,4,Graduate,Yes,8200000,24000000,20,831,23000000,3000000,24800000,5400000,Approved,56200000,2.93,0.43,Very High,Excellent,Low Risk,Eligible
3534,Donald Miller,Male,Single,5,Not Graduate,No,4200000,12600000,18,571,8900000,3200000,11700000,6200000,Approved,30000000,3.0,0.42,Medium,Fair,Medium Risk,Eligible
3535,Mark Brown,Male,Widowed,2,Not Graduate,Yes,1300000,4900000,8,582,2100000,1800000,3400000,1700000,Approved,9000000,3.77,0.54,Low,Fair,Medium Risk,Eligible
3536,Susan X. Wilson,Female,Single,1,Not Graduate,Yes,4600000,13600000,18,487,11200000,8500000,15500000,5400000,Rejected,40600000,2.96,0.33,Medium,Poor,Medium Risk,Not Eligible
3537,Sarah Jones,Female,Married,1,Not Graduate,No,6600000,19700000,12,758,16000000,4400000,18800000,9500000,Approved,48700000,2.98,0.4,High,Excellent,Low Risk,Eligible
3538,Andrew T. Thomas,Male,Divorced,2,Graduate,Yes,8300000,30100000,16,636,5200000,5100000,33100000,7200000,Approved,50600000,3.63,0.59,Very High,Fair,Medium Risk,Eligible
3539,Kenneth Wilson,Male,Single,0,Graduate,No,6900000,20700000,16,857,17100000,13700000,14600000,8800000,Approved,54200000,3.0,0.38,High,Excellent,Low Risk,Eligible
3540,Jennifer M. Martin,Female,Single,4,Graduate,Yes,4700000,12500000,8,678,13700000,200000,9800000,7000000,Approved,30700000,2.66,0.41,Medium,Good,Medium Risk,Eligible
3541,Andrew E. Hernandez,Male,Married,1,Graduate,No,7900000,15800000,8,551,800000,3500000,18700000,8300000,Approved,31300000,2.0,0.5,Very High,Fair,Medium Risk,Eligible
3542,Margaret V. Garcia,Female,Single,3,Not Graduate,No,8800000,24900000,16,668,16700000,17200000,30000000,10500000,Approved,74400000,2.83,0.33,Very High,Good,Medium Risk,Eligible
3543,Thomas Davis,Male,Single,1,Graduate,No,6500000,23400000,2,672,5000000,10400000,16700000,7600000,Approved,39700000,3.6,0.59,High,Good,Medium Risk,Eligible
3544,Thomas Williams,Male,Married,3,Not Graduate,No,3500000,13700000,4,439,5200000,2800000,13000000,4400000,Approved,25400000,3.91,0.54,Medium,Poor,Medium Risk,Not Eligible
3545,Betty Smith,Female,Married,2,Not Graduate,Yes,8200000,19600000,16,636,11500000,2300000,28800000,10700000,Approved,53300000,2.39,0.37,Very High,Fair,Medium Risk,Eligible
3546,Margaret S. Gonzalez,Female,Married,0,Not Graduate,Yes,2000000,6000000,14,393,1500000,1400000,5900000,2900000,Rejected,11700000,3.0,0.51,Low,Poor,Medium Risk,Not Eligible
3547,Lisa Anderson,Female,Married,5,Not Graduate,No,2700000,8200000,2,848,7000000,1000000,6200000,1500000,Approved,15700000,3.04,0.52,Medium,Excellent,Low Risk,Eligible
3548,Lisa Miller,Female,Single,0,Graduate,Yes,5300000,17600000,4,790,2000000,10200000,19700000,7700000,Approved,39600000,3.32,0.44,High,Excellent,Low Risk,Eligible
3549,Donna I. Thomas,Female,Single,2,Not Graduate,No,9900000,19900000,6,312,21400000,2200000,31400000,11000000,Rejected,66000000,2.01,0.3,Very High,Poor,Medium Risk,Not Eligible
3550,Jennifer Wilson,Female,Single,2,Not Graduate,Yes,5000000,19500000,14,775,3100000,4700000,9900000,6500000,Approved,24200000,3.9,0.81,Medium,Excellent,Low Risk,Eligible
3551,Richard Hernandez,Male,Single,2,Not Graduate,No,9100000,18600000,20,403,18400000,11700000,20300000,9200000,Rejected,59600000,2.04,0.31,Very High,Poor,Medium Risk,Not Eligible
3552,Joshua T. Hernandez,Male,Divorced,3,Not Graduate,Yes,7600000,26400000,14,867,9200000,700000,27900000,7400000,Approved,45200000,3.47,0.58,Very High,Excellent,Low Risk,Eligible
3553,Kimberley F. Williams,Female,Married,0,Graduate,No,5200000,17800000,18,558,8300000,5400000,13000000,3100000,Approved,29800000,3.42,0.6,High,Fair,Medium Risk,Eligible
3554,Daniel M. Lopez,Male,Single,5,Graduate,No,1800000,6000000,4,548,1400000,2400000,6500000,2600000,Approved,12900000,3.33,0.47,Low,Poor,Medium Risk,Not Eligible
3555,Barbara H. Brown,Female,Single,0,Not Graduate,No,7300000,28200000,16,486,15300000,8800000,16400000,7700000,Rejected,48200000,3.86,0.59,High,Poor,Medium Risk,Not Eligible
3556,Elizabeth Davis,Female,Married,4,Graduate,No,3200000,11600000,6,635,3300000,4600000,6500000,3900000,Approved,18300000,3.62,0.63,Medium,Fair,Medium Risk,Eligible
3557,Charles Garcia,Male,Divorced,5,Graduate,No,5200000,20700000,2,538,3200000,2000000,14600000,3600000,Approved,23400000,3.98,0.88,High,Poor,Medium Risk,Not Eligible
3558,Patricia S. Rodriguez,Female,Single,4,Not Graduate,No,7100000,28200000,14,496,6300000,10900000,27700000,4600000,Rejected,49500000,3.97,0.57,High,Poor,Medium Risk,Not Eligible
3559,Mark Brown,Male,Single,4,Graduate,Yes,1400000,4800000,6,411,1400000,300000,4400000,1600000,Rejected,7700000,3.43,0.62,Low,Poor,Medium Risk,Not Eligible
3560,Susan Johnson,Female,Married,4,Not Graduate,No,2700000,10700000,6,857,7400000,4200000,8200000,2800000,Approved,22600000,3.96,0.47,Medium,Excellent,Low Risk,Eligible
3561,Jessica V. Brown,Female,Divorced,5,Graduate,Yes,6500000,18100000,10,360,15700000,10600000,20200000,6100000,Rejected,52600000,2.78,0.34,High,Poor,Medium Risk,Not Eligible
3562,Andrew Brown,Male,Married,4,Graduate,No,9300000,35900000,18,461,9800000,12700000,26200000,11400000,Rejected,60100000,3.86,0.6,Very High,Poor,Medium Risk,Not Eligible
3563,Barbara C. Jones,Female,Single,0,Graduate,Yes,6700000,14900000,16,638,3300000,6900000,22300000,8100000,Approved,40600000,2.22,0.37,High,Fair,Medium Risk,Eligible
3564,Jennifer Moore,Female,Single,5,Graduate,No,6800000,19300000,6,865,12100000,100000,22900000,9000000,Approved,44100000,2.84,0.44,High,Excellent,Low Risk,Eligible
3565,Sarah Garcia,Female,Divorced,5,Not Graduate,No,5600000,13600000,4,449,5900000,5700000,18800000,4300000,Rejected,34700000,2.43,0.39,High,Poor,Medium Risk,Not Eligible
3566,Sarah U. Rodriguez,Female,Divorced,1,Not Graduate,Yes,1900000,4700000,2,870,4700000,2300000,3900000,2300000,Approved,13200000,2.47,0.36,Low,Excellent,Low Risk,Eligible
3567,Patricia Brown,Female,Married,5,Not Graduate,No,8400000,19500000,6,815,5300000,2500000,24000000,7200000,Approved,39000000,2.32,0.5,Very High,Excellent,Low Risk,Eligible
3568,James Taylor,Male,Single,2,Not Graduate,Yes,2500000,7200000,16,454,4200000,1000000,7100000,2100000,Rejected,14400000,2.88,0.5,Low,Poor,Medium Risk,Not Eligible
3569,Thomas Anderson,Male,Single,1,Not Graduate,Yes,2900000,9900000,18,783,1300000,100000,11000000,2600000,Approved,15000000,3.41,0.66,Medium,Excellent,Low Risk,Eligible
3570,Betty Hernandez,Female,Single,3,Graduate,Yes,3200000,7400000,2,543,3600000,4500000,11200000,4600000,Rejected,23900000,2.31,0.31,Medium,Poor,Medium Risk,Not Eligible
3571,William U. Rodriguez,Male,Married,4,Not Graduate,Yes,3000000,10900000,2,786,7600000,3300000,8000000,3200000,Approved,22100000,3.63,0.49,Medium,Excellent,Low Risk,Eligible
3572,Elizabeth C. Anderson,Female,Single,3,Graduate,Yes,800000,2500000,20,395,1500000,300000,1600000,500000,Rejected,3900000,3.12,0.64,Low,Poor,Medium Risk,Not Eligible
3573,Lisa B. Taylor,Female,Single,2,Not Graduate,Yes,400000,1300000,2,885,200000,300000,1100000,500000,Approved,2100000,3.25,0.62,Low,Excellent,Low Risk,Eligible
3574,Steven C. Garcia,Male,Single,2,Not Graduate,No,4400000,10600000,20,488,10800000,2400000,13200000,4600000,Rejected,31000000,2.41,0.34,Medium,Poor,Medium Risk,Not Eligible
3575,Margaret Miller,Female,Single,2,Not Graduate,Yes,8700000,19900000,10,829,7500000,10500000,20200000,8400000,Approved,46600000,2.29,0.43,Very High,Excellent,Low Risk,Eligible
3576,Jessica D. Jackson,Female,Married,4,Not Graduate,No,7400000,15400000,6,677,22000000,13500000,28900000,7400000,Approved,71800000,2.08,0.21,High,Good,Medium Risk,Eligible
3577,Anthony W. Taylor,Male,Single,4,Not Graduate,Yes,5700000,14400000,12,645,14500000,8600000,12900000,4700000,Approved,40700000,2.53,0.35,High,Fair,Medium Risk,Eligible
3578,Robert Miller,Male,Single,5,Not Graduate,Yes,9700000,27600000,10,788,9400000,3100000,31800000,10600000,Approved,54900000,2.85,0.5,Very High,Excellent,Low Risk,Eligible
3579,Nancy M. Jones,Female,Single,2,Not Graduate,No,7000000,22400000,6,649,12200000,9900000,17800000,8900000,Approved,48800000,3.2,0.46,High,Fair,Medium Risk,Eligible
3580,Kenneth U. Garcia,Male,Divorced,2,Not Graduate,No,8900000,23100000,4,519,22800000,500000,25200000,4700000,Rejected,53200000,2.6,0.43,Very High,Poor,Medium Risk,Not Eligible
3581,Matthew T. Jones,Male,Single,3,Graduate,Yes,3100000,11200000,14,772,3400000,5800000,8300000,2100000,Approved,19600000,3.61,0.57,Medium,Excellent,Low Risk,Eligible
3582,Thomas Jones,Male,Married,4,Graduate,No,2200000,6100000,12,330,5500000,2900000,5000000,2200000,Rejected,15600000,2.77,0.39,Low,Poor,Medium Risk,Not Eligible
3583,Jessica Martin,Female,Married,5,Not Graduate,Yes,7100000,21500000,4,557,8900000,8000000,26400000,4000000,Approved,47300000,3.03,0.45,High,Fair,Medium Risk,Eligible
3584,James Martinez,Male,Married,4,Graduate,Yes,8200000,19000000,6,334,24500000,6800000,28600000,10200000,Rejected,70100000,2.32,0.27,Very High,Poor,Medium Risk,Not Eligible
3585,Matthew Davis,Male,Married,3,Graduate,Yes,9800000,28400000,12,487,8900000,15400000,30800000,11100000,Rejected,66200000,2.9,0.43,Very High,Poor,Medium Risk,Not Eligible
3586,Paul P. Lopez,Male,Single,2,Graduate,Yes,3900000,9700000,8,539,4400000,7600000,7900000,5100000,Rejected,25000000,2.49,0.39,Medium,Poor,Medium Risk,Not Eligible
3587,Andrew Anderson,Male,Single,2,Graduate,Yes,2200000,8100000,8,710,500000,2900000,7300000,1000000,Approved,11700000,3.68,0.69,Low,Good,Low Risk,Eligible
3588,Linda G. Taylor,Female,Single,5,Not Graduate,Yes,600000,1700000,20,879,1100000,100000,2300000,700000,Approved,4200000,2.83,0.4,Low,Excellent,Low Risk,Eligible
3589,James Thomas,Male,Single,4,Not Graduate,Yes,6900000,22000000,10,512,6100000,9100000,20600000,3900000,Rejected,39700000,3.19,0.55,High,Poor,Medium Risk,Not Eligible
3590,Emily R. Davis,Female,Married,2,Graduate,Yes,7400000,27300000,18,561,12600000,400000,27100000,9600000,Approved,49700000,3.69,0.55,High,Fair,Medium Risk,Eligible
3591,Michael U. Thomas,Male,Married,3,Not Graduate,Yes,4000000,11600000,6,539,5900000,2600000,12100000,4700000,Rejected,25300000,2.9,0.46,Medium,Poor,Medium Risk,Not Eligible
3592,Emily P. Rodriguez,Female,Single,3,Not Graduate,Yes,700000,2000000,18,544,800000,1300000,1500000,400000,Rejected,4000000,2.86,0.5,Low,Poor,Medium Risk,Not Eligible
3593,Sarah Jones,Female,Widowed,2,Not Graduate,Yes,1900000,4600000,16,631,3200000,2700000,4500000,2700000,Approved,13100000,2.42,0.35,Low,Fair,Medium Risk,Eligible
3594,David W. Jones,Male,Married,2,Graduate,No,2200000,6800000,20,546,4600000,200000,4500000,2200000,Rejected,11500000,3.09,0.59,Low,Poor,Medium Risk,Not Eligible
3595,Kenneth Martinez,Male,Single,1,Graduate,Yes,2000000,5600000,14,569,5000000,1100000,7900000,1600000,Approved,15600000,2.8,0.36,Low,Fair,Medium Risk,Eligible
3596,Richard L. Garcia,Male,Married,4,Not Graduate,No,7400000,17900000,6,384,13400000,12300000,22400000,4700000,Rejected,52800000,2.42,0.34,High,Poor,Medium Risk,Not Eligible
3597,Barbara K. Martin,Female,Single,2,Not Graduate,Yes,2300000,9000000,6,583,3600000,1300000,6900000,3400000,Approved,15200000,3.91,0.59,Low,Fair,Medium Risk,Eligible
3598,Anthony U. Davis,Male,Married,5,Not Graduate,Yes,4000000,15500000,12,517,0,600000,12100000,3500000,Rejected,16200000,3.88,0.96,Medium,Poor,Medium Risk,Not Eligible
3599,Jessica D. Williams,Female,Married,3,Graduate,Yes,1500000,5800000,18,420,800000,1900000,4100000,1400000,Rejected,8200000,3.87,0.71,Low,Poor,Medium Risk,Not Eligible
3600,Betty Thomas,Female,Married,2,Not Graduate,Yes,5200000,12900000,18,644,400000,5000000,12000000,7500000,Approved,24900000,2.48,0.52,High,Fair,Medium Risk,Eligible
3601,Steven Hernandez,Male,Married,2,Graduate,No,5400000,14500000,8,349,10800000,4800000,21100000,6600000,Rejected,43300000,2.69,0.33,High,Poor,Medium Risk,Not Eligible
3602,Linda Moore,Female,Single,3,Graduate,No,7700000,25300000,18,662,3400000,11400000,19100000,9900000,Approved,43800000,3.29,0.58,Very High,Good,Medium Risk,Eligible
3603,Thomas Gonzalez,Male,Married,0,Not Graduate,Yes,1900000,6400000,20,704,900000,3400000,5300000,1900000,Approved,11500000,3.37,0.56,Low,Good,Low Risk,Eligible
3604,Betty X. Davis,Female,Married,4,Not Graduate,Yes,6400000,15500000,2,324,18400000,11100000,13900000,4500000,Rejected,47900000,2.42,0.32,High,Poor,Medium Risk,Not Eligible
3605,Betty Williams,Female,Single,5,Graduate,No,700000,1700000,18,757,1900000,200000,2100000,600000,Approved,4800000,2.43,0.35,Low,Excellent,Low Risk,Eligible
3606,Patricia Lopez,Female,Married,3,Graduate,Yes,5800000,23000000,16,361,6000000,10100000,23000000,2800000,Rejected,41900000,3.97,0.55,High,Poor,Medium Risk,Not Eligible
3607,Michael Lopez,Male,Widowed,1,Graduate,No,1800000,5400000,4,415,4400000,2000000,5600000,1800000,Approved,13800000,3.0,0.39,Low,Poor,Medium Risk,Not Eligible
3608,Jennifer V. Williams,Female,Single,5,Graduate,Yes,4300000,13800000,18,618,9600000,800000,14000000,2400000,Approved,26800000,3.21,0.51,Medium,Fair,Medium Risk,Eligible
3609,Sarah V. Smith,Female,Single,4,Graduate,No,8000000,27100000,8,524,16900000,10900000,25600000,8400000,Rejected,61800000,3.39,0.44,Very High,Poor,Medium Risk,Not Eligible
3610,Donna O. Miller,Female,Married,0,Not Graduate,No,1100000,4100000,18,887,400000,1300000,2600000,1300000,Approved,5600000,3.73,0.73,Low,Excellent,Low Risk,Eligible
3611,Barbara Johnson,Female,Single,2,Not Graduate,Yes,8800000,31100000,12,729,12300000,2400000,21900000,9400000,Approved,46000000,3.53,0.68,Very High,Good,Low Risk,Eligible
3612,James Rodriguez,Male,Widowed,4,Graduate,No,4800000,18600000,14,774,10800000,5800000,12700000,6500000,Approved,35800000,3.88,0.52,Medium,Excellent,Low Risk,Eligible
3613,Michael P. Martin,Male,Single,0,Not Graduate,Yes,200000,700000,20,724,600000,0,500000,300000,Approved,1400000,3.5,0.5,Low,Good,Low Risk,Eligible
3614,David Martinez,Male,Single,5,Graduate,Yes,1400000,2700000,16,320,900000,2500000,2700000,2000000,Rejected,8100000,1.93,0.33,Low,Poor,Medium Risk,Not Eligible
3615,Mark Martin,Male,Married,5,Graduate,No,2500000,6400000,16,590,3200000,3900000,5800000,3500000,Approved,16400000,2.56,0.39,Low,Fair,Medium Risk,Eligible
3616,Betty Q. Johnson,Female,Married,5,Graduate,No,8100000,25300000,8,796,15900000,12600000,21500000,7800000,Approved,57800000,3.12,0.44,Very High,Excellent,Low Risk,Eligible
3617,Richard Wilson,Male,Married,0,Graduate,Yes,6100000,19200000,6,890,13900000,5900000,16700000,7600000,Approved,44100000,3.15,0.44,High,Excellent,Low Risk,Eligible
3618,Kenneth Garcia,Male,Married,0,Not Graduate,Yes,2000000,4600000,16,651,2100000,2400000,7200000,1600000,Approved,13300000,2.3,0.35,Low,Good,Medium Risk,Eligible
3619,Donald Q. Hernandez,Male,Married,4,Not Graduate,No,4800000,10100000,12,634,9200000,300000,15000000,6900000,Approved,31400000,2.1,0.32,Medium,Fair,Medium Risk,Eligible
3620,Emily Wilson,Female,Married,4,Graduate,Yes,900000,2800000,2,660,1200000,1400000,2400000,900000,Approved,5900000,3.11,0.47,Low,Good,Medium Risk,Eligible
3621,Joshua Martinez,Male,Married,4,Not Graduate,No,1300000,3500000,12,512,3300000,1400000,3200000,700000,Rejected,8600000,2.69,0.41,Low,Poor,Medium Risk,Not Eligible
3622,Lisa Martinez,Female,Divorced,4,Not Graduate,Yes,4200000,9100000,2,900,6700000,5300000,10900000,5900000,Approved,28800000,2.17,0.32,Medium,Excellent,Low Risk,Eligible
3623,Barbara Davis,Female,Single,2,Graduate,Yes,3300000,11100000,20,823,4600000,1500000,11700000,2900000,Approved,20700000,3.36,0.54,Medium,Excellent,Low Risk,Eligible
3624,Joshua Williams,Male,Single,2,Not Graduate,Yes,8700000,28400000,12,880,8000000,1800000,19400000,4400000,Approved,33600000,3.26,0.85,Very High,Excellent,Low Risk,Eligible
3625,Ashley Gonzalez,Female,Single,1,Not Graduate,Yes,800000,2600000,2,439,600000,0,1800000,400000,Approved,2800000,3.25,0.93,Low,Poor,Medium Risk,Not Eligible
3626,Karen Thomas,Female,Single,5,Graduate,Yes,7400000,17100000,2,441,14700000,1600000,20600000,10800000,Rejected,47700000,2.31,0.36,High,Poor,Medium Risk,Not Eligible
3627,Mark Moore,Male,Single,3,Not Graduate,No,6900000,18500000,6,360,14000000,0,18800000,9600000,Rejected,42400000,2.68,0.44,High,Poor,Medium Risk,Not Eligible
3628,Ashley Gonzalez,Female,Married,1,Graduate,Yes,8800000,33700000,14,561,10200000,7100000,25700000,11900000,Approved,54900000,3.83,0.61,Very High,Fair,Medium Risk,Eligible
3629,Karen Williams,Female,Single,2,Graduate,Yes,8600000,32500000,4,758,20900000,600000,18000000,6900000,Approved,46400000,3.78,0.7,Very High,Excellent,Low Risk,Eligible
3630,Sandra Johnson,Female,Single,2,Graduate,No,5400000,20600000,18,621,11200000,2200000,11600000,5500000,Approved,30500000,3.81,0.68,High,Fair,Medium Risk,Eligible
3631,Mark Davis,Male,Married,4,Graduate,Yes,2900000,5900000,18,621,200000,3100000,8500000,3500000,Approved,15300000,2.03,0.39,Medium,Fair,Medium Risk,Eligible
3632,Susan M. Johnson,Female,Widowed,3,Graduate,No,9800000,21000000,12,342,25400000,16600000,26900000,7000000,Rejected,75900000,2.14,0.28,Very High,Poor,Medium Risk,Not Eligible
3633,Michelle O. Garcia,Female,Single,4,Graduate,No,3300000,10800000,4,552,4200000,900000,8600000,3300000,Approved,17000000,3.27,0.64,Medium,Fair,Medium Risk,Eligible
3634,Elizabeth H. Jackson,Female,Single,0,Not Graduate,No,300000,500000,18,376,300000,0,800000,300000,Rejected,1400000,1.67,0.36,Low,Poor,Medium Risk,Not Eligible
3635,Matthew Jackson,Male,Single,0,Graduate,No,1500000,4300000,12,801,4400000,2200000,3300000,1100000,Approved,11000000,2.87,0.39,Low,Excellent,Low Risk,Eligible
3636,Nancy Brown,Female,Single,3,Not Graduate,Yes,5400000,16300000,4,512,1600000,3400000,13100000,6000000,Approved,24100000,3.02,0.68,High,Poor,Medium Risk,Not Eligible
3637,Susan Wilson,Female,Widowed,0,Graduate,No,6600000,15200000,18,497,1500000,6900000,14500000,9300000,Rejected,32200000,2.3,0.47,High,Poor,Medium Risk,Not Eligible
3638,Michelle T. Martinez,Female,Married,0,Graduate,No,5700000,17200000,8,386,4200000,7100000,14400000,2900000,Rejected,28600000,3.02,0.6,High,Poor,Medium Risk,Not Eligible
3639,Michelle Gonzalez,Female,Single,3,Not Graduate,Yes,8500000,26100000,2,683,6600000,10400000,24100000,5700000,Approved,46800000,3.07,0.56,Very High,Good,Medium Risk,Eligible
3640,Jessica Y. Martinez,Female,Single,0,Graduate,No,7400000,24100000,16,779,800000,2900000,28900000,4900000,Approved,37500000,3.26,0.64,High,Excellent,Low Risk,Eligible
3641,Jessica Z. Martinez,Female,Single,3,Not Graduate,Yes,7800000,17700000,6,876,15600000,15200000,25100000,10800000,Approved,66700000,2.27,0.27,Very High,Excellent,Low Risk,Eligible
3642,Michelle Brown,Female,Divorced,3,Graduate,Yes,7200000,16500000,18,515,7800000,6300000,17300000,10600000,Rejected,42000000,2.29,0.39,High,Poor,Medium Risk,Not Eligible
3643,Kenneth I. Davis,Male,Single,2,Not Graduate,No,7600000,19300000,12,463,5400000,1500000,16000000,9600000,Rejected,32500000,2.54,0.59,Very High,Poor,Medium Risk,Not Eligible
3644,Karen I. Davis,Female,Divorced,4,Not Graduate,Yes,7000000,26700000,4,486,10600000,12200000,18800000,6000000,Approved,47600000,3.81,0.56,High,Poor,Medium Risk,Not Eligible
3645,Mary V. Taylor,Female,Married,0,Not Graduate,No,5700000,13000000,6,328,7800000,7500000,20700000,8200000,Rejected,44200000,2.28,0.29,High,Poor,Medium Risk,Not Eligible
3646,David Davis,Male,Single,2,Not Graduate,No,8200000,30600000,10,343,9800000,11500000,16900000,7000000,Rejected,45200000,3.73,0.68,Very High,Poor,Medium Risk,Not Eligible
3647,Elizabeth X. Martin,Female,Divorced,0,Graduate,Yes,9000000,27800000,8,712,900000,6700000,24400000,5800000,Approved,37800000,3.09,0.74,Very High,Good,Low Risk,Eligible
3648,Linda Davis,Female,Widowed,3,Not Graduate,No,3900000,11900000,6,607,6600000,6000000,8800000,2000000,Approved,23400000,3.05,0.51,Medium,Fair,Medium Risk,Eligible
3649,Elizabeth D. Johnson,Female,Divorced,0,Graduate,No,6500000,16200000,4,812,17200000,10700000,20200000,6200000,Approved,54300000,2.49,0.3,High,Excellent,Low Risk,Eligible
3650,Steven Hernandez,Male,Divorced,4,Not Graduate,Yes,2300000,7700000,16,589,6000000,4400000,6300000,2300000,Approved,19000000,3.35,0.41,Low,Fair,Medium Risk,Eligible
3651,Susan Z. Martinez,Female,Married,1,Not Graduate,No,5700000,21800000,18,657,14100000,3200000,21800000,3200000,Approved,42300000,3.82,0.52,High,Good,Medium Risk,Eligible
3652,Ashley Jackson,Female,Married,4,Not Graduate,No,800000,2800000,12,453,1500000,300000,2900000,600000,Rejected,5300000,3.5,0.53,Low,Poor,Medium Risk,Not Eligible
3653,Thomas Smith,Male,Single,4,Not Graduate,Yes,8400000,19700000,14,889,22400000,5800000,22000000,12100000,Approved,62300000,2.35,0.32,Very High,Excellent,Low Risk,Eligible
3654,Karen E. Gonzalez,Female,Married,1,Graduate,Yes,4300000,17200000,4,564,10400000,6600000,11500000,2200000,Approved,30700000,4.0,0.56,Medium,Fair,Medium Risk,Eligible
3655,Joshua E. Johnson,Male,Divorced,1,Not Graduate,Yes,300000,900000,20,419,800000,0,600000,300000,Rejected,1700000,3.0,0.53,Low,Poor,Medium Risk,Not Eligible
3656,Linda G. Jones,Female,Married,1,Graduate,No,8700000,34000000,16,663,5400000,10700000,17800000,8100000,Approved,42000000,3.91,0.81,Very High,Good,Medium Risk,Eligible
3657,Lisa Q. Gonzalez,Female,Married,1,Not Graduate,No,4400000,12100000,4,884,9800000,6500000,15000000,6000000,Approved,37300000,2.75,0.32,Medium,Excellent,Low Risk,Eligible
3658,Susan U. Hernandez,Female,Married,1,Graduate,Yes,5600000,16800000,16,528,7500000,6500000,12300000,3900000,Rejected,30200000,3.0,0.56,High,Poor,Medium Risk,Not Eligible
3659,Mary Z. Moore,Female,Single,2,Graduate,No,600000,1300000,12,475,100000,1100000,2300000,600000,Rejected,4100000,2.17,0.32,Low,Poor,Medium Risk,Not Eligible
3660,Michael R. Rodriguez,Male,Single,4,Not Graduate,Yes,2500000,5100000,20,695,1100000,4100000,6700000,3500000,Approved,15400000,2.04,0.33,Low,Good,Medium Risk,Eligible
3661,Lisa Gonzalez,Female,Single,5,Not Graduate,No,3800000,10500000,10,759,1800000,6700000,8100000,5300000,Approved,21900000,2.76,0.48,Medium,Excellent,Low Risk,Eligible
3662,Andrew Moore,Male,Divorced,2,Not Graduate,No,2500000,9600000,4,636,900000,1000000,7300000,2000000,Approved,11200000,3.84,0.86,Low,Fair,Medium Risk,Eligible
3663,Barbara F. Miller,Female,Divorced,3,Not Graduate,Yes,5500000,20400000,10,546,10600000,8200000,13500000,4000000,Rejected,36300000,3.71,0.56,High,Poor,Medium Risk,Not Eligible
3664,Robert Davis,Male,Married,5,Graduate,Yes,4500000,17100000,2,639,10600000,7500000,12000000,6500000,Approved,36600000,3.8,0.47,Medium,Fair,Medium Risk,Eligible
3665,Charles Wilson,Male,Single,4,Not Graduate,No,1900000,4000000,10,388,500000,1400000,5600000,900000,Rejected,8400000,2.11,0.48,Low,Poor,Medium Risk,Not Eligible
3666,Jessica N. Anderson,Female,Married,5,Graduate,Yes,6400000,20000000,12,594,100000,2100000,16500000,5500000,Approved,24200000,3.12,0.83,High,Fair,Medium Risk,Eligible
3667,Emily Smith,Female,Married,1,Not Graduate,Yes,3800000,11100000,6,760,2100000,1800000,8700000,5700000,Approved,18300000,2.92,0.61,Medium,Excellent,Low Risk,Eligible
3668,Elizabeth M. Jackson,Female,Married,4,Not Graduate,Yes,6300000,16900000,16,582,16000000,3600000,23700000,6000000,Approved,49300000,2.68,0.34,High,Fair,Medium Risk,Eligible
3669,David P. Williams,Male,Married,3,Not Graduate,No,300000,600000,6,896,300000,400000,600000,400000,Approved,1700000,2.0,0.35,Low,Excellent,Low Risk,Eligible
3670,Jennifer Anderson,Female,Widowed,5,Not Graduate,Yes,7100000,21800000,18,891,7000000,0,18900000,4700000,Approved,30600000,3.07,0.71,High,Excellent,Low Risk,Eligible
3671,Susan Hernandez,Female,Single,2,Not Graduate,Yes,600000,1700000,2,495,1700000,200000,1200000,500000,Rejected,3600000,2.83,0.47,Low,Poor,Medium Risk,Not Eligible
3672,Patricia Garcia,Female,Married,3,Graduate,Yes,4400000,15300000,16,865,1200000,8400000,15000000,3400000,Approved,28000000,3.48,0.55,Medium,Excellent,Low Risk,Eligible
3673,Sandra Gonzalez,Female,Married,4,Not Graduate,No,7600000,20800000,12,775,1900000,13600000,19200000,6400000,Approved,41100000,2.74,0.51,Very High,Excellent,Low Risk,Eligible
3674,Barbara Miller,Female,Married,5,Graduate,Yes,8700000,26400000,10,318,11800000,2900000,23200000,9200000,Rejected,47100000,3.03,0.56,Very High,Poor,Medium Risk,Not Eligible
3675,Kenneth Davis,Male,Single,3,Graduate,Yes,5600000,12700000,12,395,8200000,9300000,22000000,6400000,Rejected,45900000,2.27,0.28,High,Poor,Medium Risk,Not Eligible
3676,Betty G. Jackson,Female,Single,4,Not Graduate,No,4100000,13100000,14,772,11200000,4200000,10500000,3800000,Approved,29700000,3.2,0.44,Medium,Excellent,Low Risk,Eligible
3677,Thomas Smith,Male,Single,2,Not Graduate,Yes,7900000,16100000,18,318,17300000,2900000,29900000,9300000,Rejected,59400000,2.04,0.27,Very High,Poor,Medium Risk,Not Eligible
3678,Margaret D. Williams,Female,Married,3,Not Graduate,Yes,5600000,20900000,14,649,4000000,10700000,13000000,8200000,Approved,35900000,3.73,0.58,High,Fair,Medium Risk,Eligible
3679,Margaret A. Lopez,Female,Married,3,Not Graduate,No,1200000,3100000,10,438,1500000,2200000,3900000,1000000,Rejected,8600000,2.58,0.36,Low,Poor,Medium Risk,Not Eligible
3680,Elizabeth L. Thomas,Female,Married,5,Graduate,No,6900000,19700000,6,588,9800000,7500000,17100000,7300000,Approved,41700000,2.86,0.47,High,Fair,Medium Risk,Eligible
3681,Jessica Johnson,Female,Married,5,Not Graduate,No,2700000,5600000,2,815,1100000,2000000,7100000,2600000,Approved,12800000,2.07,0.44,Medium,Excellent,Low Risk,Eligible
3682,Robert F. Williams,Male,Divorced,4,Graduate,Yes,9800000,22100000,4,364,16800000,11100000,26500000,7300000,Rejected,61700000,2.26,0.36,Very High,Poor,Medium Risk,Not Eligible
3683,Ashley Garcia,Female,Single,2,Not Graduate,No,9300000,32300000,4,586,14300000,6400000,37000000,10400000,Approved,68100000,3.47,0.47,Very High,Fair,Medium Risk,Eligible
3684,Robert O. Jones,Male,Single,4,Not Graduate,No,6700000,25300000,12,555,16900000,3600000,23500000,4900000,Approved,48900000,3.78,0.52,High,Fair,Medium Risk,Eligible
3685,Michael F. Anderson,Male,Married,4,Graduate,No,1300000,4600000,10,312,1800000,600000,3100000,800000,Rejected,6300000,3.54,0.73,Low,Poor,Medium Risk,Not Eligible
3686,Christopher B. Johnson,Male,Married,2,Graduate,Yes,7900000,17100000,16,605,19200000,14100000,21900000,10400000,Approved,65600000,2.16,0.26,Very High,Fair,Medium Risk,Eligible
3687,Sarah Moore,Female,Married,5,Not Graduate,No,6700000,23200000,18,672,1600000,6700000,20800000,5400000,Approved,34500000,3.46,0.67,High,Good,Medium Risk,Eligible
3688,Steven Thomas,Male,Single,2,Not Graduate,Yes,2100000,4500000,18,591,2500000,500000,5500000,1500000,Approved,10000000,2.14,0.45,Low,Fair,Medium Risk,Eligible
3689,Kenneth F. Martin,Male,Divorced,4,Graduate,Yes,4700000,11000000,4,321,10100000,100000,9600000,6900000,Rejected,26700000,2.34,0.41,Medium,Poor,Medium Risk,Not Eligible
3690,Anthony H. Lopez,Male,Married,2,Graduate,No,3700000,13400000,16,393,6400000,600000,14200000,3500000,Rejected,24700000,3.62,0.54,Medium,Poor,Medium Risk,Not Eligible
3691,Elizabeth K. Thomas,Female,Married,0,Graduate,Yes,5800000,21800000,2,561,4400000,7200000,15000000,4200000,Approved,30800000,3.76,0.71,High,Fair,Medium Risk,Eligible
3692,Richard Jones,Male,Single,5,Graduate,Yes,2400000,6900000,20,725,1700000,400000,8800000,2400000,Approved,13300000,2.88,0.52,Low,Good,Low Risk,Eligible
3693,Betty J. Gonzalez,Female,Married,1,Not Graduate,Yes,8100000,27600000,16,438,1000000,10500000,32200000,8000000,Rejected,51700000,3.41,0.53,Very High,Poor,Medium Risk,Not Eligible
3694,Thomas Thomas,Male,Single,5,Graduate,Yes,5400000,21400000,12,399,4000000,9700000,12400000,6800000,Rejected,32900000,3.96,0.65,High,Poor,Medium Risk,Not Eligible
3695,Richard Brown,Male,Single,0,Graduate,No,1400000,5400000,8,592,4100000,400000,4300000,800000,Approved,9600000,3.86,0.56,Low,Fair,Medium Risk,Eligible
3696,William Taylor,Male,Married,2,Not Graduate,No,2500000,8600000,8,835,2500000,4000000,7700000,1300000,Approved,15500000,3.44,0.55,Low,Excellent,Low Risk,Eligible
3697,Matthew Moore,Male,Divorced,0,Not Graduate,Yes,1600000,5300000,4,733,400000,2100000,5500000,1100000,Approved,9100000,3.31,0.58,Low,Good,Low Risk,Eligible
3698,Michael P. Anderson,Male,Single,0,Not Graduate,No,3700000,10600000,20,484,5800000,1300000,13900000,3500000,Rejected,24500000,2.86,0.43,Medium,Poor,Medium Risk,Not Eligible
3699,Thomas Martin,Male,Single,5,Not Graduate,Yes,500000,1800000,20,615,500000,700000,1100000,300000,Approved,2600000,3.6,0.69,Low,Fair,Medium Risk,Eligible
3700,Nancy X. Garcia,Female,Divorced,3,Not Graduate,Yes,5300000,19500000,4,591,13200000,4700000,19800000,7900000,Approved,45600000,3.68,0.43,High,Fair,Medium Risk,Eligible
3701,Steven Brown,Male,Single,0,Graduate,Yes,2800000,6800000,12,349,4100000,2000000,11100000,1400000,Rejected,18600000,2.43,0.37,Medium,Poor,Medium Risk,Not Eligible
3702,Betty Rodriguez,Female,Married,1,Graduate,Yes,9600000,29900000,18,478,18500000,15200000,38200000,9400000,Rejected,81300000,3.11,0.37,Very High,Poor,Medium Risk,Not Eligible
3703,Richard Smith,Male,Single,4,Graduate,No,2200000,7800000,20,633,0,3900000,8400000,1900000,Approved,14200000,3.55,0.55,Low,Fair,Medium Risk,Eligible
3704,William Gonzalez,Male,Married,1,Not Graduate,Yes,8400000,30900000,8,378,18600000,1000000,25900000,11100000,Rejected,56600000,3.68,0.55,Very High,Poor,Medium Risk,Not Eligible
3705,Donna G. Gonzalez,Female,Divorced,1,Not Graduate,No,2100000,5300000,20,461,1500000,3800000,8100000,1700000,Rejected,15100000,2.52,0.35,Low,Poor,Medium Risk,Not Eligible
3706,Andrew Miller,Male,Single,2,Not Graduate,Yes,2800000,7000000,2,834,500000,2900000,8100000,1300000,Approved,12800000,2.5,0.55,Medium,Excellent,Low Risk,Eligible
3707,Margaret Smith,Female,Married,0,Not Graduate,No,2500000,5800000,20,671,7400000,500000,7500000,2000000,Approved,17400000,2.32,0.33,Low,Good,Medium Risk,Eligible
3708,Kimberley K. Martin,Female,Single,3,Graduate,Yes,1700000,5800000,10,524,4100000,2900000,6600000,800000,Rejected,14400000,3.41,0.4,Low,Poor,Medium Risk,Not Eligible
3709,Mary Garcia,Female,Single,3,Graduate,No,6100000,20700000,4,816,14900000,5400000,24200000,5900000,Approved,50400000,3.39,0.41,High,Excellent,Low Risk,Eligible
3710,Kimberley Lopez,Female,Married,3,Graduate,No,4100000,11700000,10,729,6900000,6200000,15400000,2100000,Approved,30600000,2.85,0.38,Medium,Good,Low Risk,Eligible
3711,Susan Anderson,Female,Married,5,Not Graduate,Yes,4500000,12700000,8,307,11000000,3800000,12600000,2700000,Rejected,30100000,2.82,0.42,Medium,Poor,Medium Risk,Not Eligible
3712,Anthony G. Wilson,Male,Single,2,Graduate,Yes,5600000,19100000,8,350,2700000,1200000,14200000,4200000,Rejected,22300000,3.41,0.86,High,Poor,Medium Risk,Not Eligible
3713,Sandra Davis,Female,Married,3,Not Graduate,Yes,5800000,16600000,10,444,13300000,5900000,15000000,8500000,Rejected,42700000,2.86,0.39,High,Poor,Medium Risk,Not Eligible
3714,Ashley F. Hernandez,Female,Divorced,4,Not Graduate,No,8600000,26700000,10,895,2200000,8800000,22600000,6900000,Approved,40500000,3.1,0.66,Very High,Excellent,Low Risk,Eligible
3715,James Wilson,Male,Single,2,Graduate,No,2900000,10500000,20,708,4200000,600000,7700000,4300000,Approved,16800000,3.62,0.62,Medium,Good,Low Risk,Eligible
3716,David Martin,Male,Married,2,Not Graduate,Yes,8300000,17600000,2,355,1000000,700000,28400000,6800000,Rejected,36900000,2.12,0.48,Very High,Poor,Medium Risk,Not Eligible
3717,David Jackson,Male,Single,5,Not Graduate,No,2400000,5100000,6,756,1500000,200000,5300000,3400000,Approved,10400000,2.12,0.49,Low,Excellent,Low Risk,Eligible
3718,Susan Johnson,Female,Single,4,Graduate,No,5600000,12000000,4,719,5600000,2900000,14500000,3400000,Approved,26400000,2.14,0.45,High,Good,Low Risk,Eligible
3719,Jessica Wilson,Female,Married,1,Graduate,Yes,9500000,35400000,14,439,400000,1200000,20200000,13500000,Rejected,35300000,3.73,1.0,Very High,Poor,Medium Risk,Not Eligible
3720,Mark X. Garcia,Male,Single,4,Not Graduate,Yes,4900000,15900000,10,668,10800000,8300000,14900000,2800000,Approved,36800000,3.24,0.43,Medium,Good,Medium Risk,Eligible
3721,Robert Wilson,Male,Single,4,Not Graduate,Yes,5900000,16500000,2,765,13000000,9400000,20000000,3500000,Approved,45900000,2.8,0.36,High,Excellent,Low Risk,Eligible
3722,Michelle Taylor,Female,Married,5,Graduate,Yes,500000,1500000,4,476,200000,200000,1100000,700000,Approved,2200000,3.0,0.68,Low,Poor,Medium Risk,Not Eligible
3723,Linda Miller,Female,Single,3,Graduate,No,7000000,21700000,14,781,5400000,8500000,19300000,9600000,Approved,42800000,3.1,0.51,High,Excellent,Low Risk,Eligible
3724,Robert H. Rodriguez,Male,Married,1,Not Graduate,No,3500000,12700000,4,350,5200000,6800000,12900000,1800000,Approved,26700000,3.63,0.48,Medium,Poor,Medium Risk,Not Eligible
3725,Michael Williams,Male,Single,0,Graduate,No,5200000,12200000,16,783,5000000,2000000,11400000,5100000,Approved,23500000,2.35,0.52,High,Excellent,Low Risk,Eligible
3726,Michael Q. Lopez,Male,Married,3,Graduate,Yes,6300000,19900000,12,770,1900000,2400000,15500000,3100000,Approved,22900000,3.16,0.87,High,Excellent,Low Risk,Eligible
3727,Matthew Moore,Male,Married,2,Not Graduate,No,8400000,28300000,10,822,1800000,16000000,33000000,4400000,Approved,55200000,3.37,0.51,Very High,Excellent,Low Risk,Eligible
3728,Emily J. Thomas,Female,Divorced,1,Not Graduate,Yes,7500000,22500000,14,469,12300000,9600000,16200000,4500000,Rejected,42600000,3.0,0.53,High,Poor,Medium Risk,Not Eligible
3729,Joshua I. Brown,Male,Married,2,Graduate,No,3300000,13000000,16,300,5500000,5900000,7400000,3100000,Rejected,21900000,3.94,0.59,Medium,Poor,Medium Risk,Not Eligible
3730,Anthony Y. Martinez,Male,Single,2,Not Graduate,No,8800000,22400000,14,692,21700000,5100000,18600000,10900000,Approved,56300000,2.55,0.4,Very High,Good,Medium Risk,Eligible
3731,Robert Gonzalez,Male,Divorced,5,Graduate,No,200000,700000,18,707,0,100000,500000,200000,Approved,800000,3.5,0.88,Low,Good,Low Risk,Eligible
3732,Margaret Taylor,Female,Married,5,Not Graduate,Yes,8000000,29100000,4,658,10600000,8600000,28800000,4600000,Approved,52600000,3.64,0.55,Very High,Good,Medium Risk,Eligible
3733,Betty Gonzalez,Female,Divorced,3,Graduate,No,1000000,4000000,6,625,700000,100000,2800000,500000,Approved,4100000,4.0,0.98,Low,Fair,Medium Risk,Eligible
3734,Linda Martin,Female,Single,1,Graduate,No,9400000,26700000,10,343,7600000,2500000,28600000,13200000,Rejected,51900000,2.84,0.51,Very High,Poor,Medium Risk,Not Eligible
3735,Barbara W. Brown,Female,Divorced,5,Graduate,No,2100000,7300000,18,358,3700000,3200000,7200000,2200000,Rejected,16300000,3.48,0.45,Low,Poor,Medium Risk,Not Eligible
3736,Richard Williams,Male,Single,4,Graduate,Yes,5400000,11500000,20,705,14600000,3800000,13500000,6100000,Approved,38000000,2.13,0.3,High,Good,Low Risk,Eligible
3737,Robert Martinez,Male,Single,2,Graduate,Yes,4700000,15100000,8,799,9700000,2500000,10700000,4700000,Approved,27600000,3.21,0.55,Medium,Excellent,Low Risk,Eligible
3738,William Q. Martinez,Male,Divorced,3,Graduate,No,8800000,33700000,12,397,17300000,16000000,22200000,8800000,Rejected,64300000,3.83,0.52,Very High,Poor,Medium Risk,Not Eligible
3739,Michael O. Thomas,Male,Single,5,Graduate,No,3200000,12200000,6,493,7700000,6200000,6700000,2100000,Rejected,22700000,3.81,0.54,Medium,Poor,Medium Risk,Not Eligible
3740,Donna T. Martin,Female,Single,0,Graduate,Yes,7200000,21900000,4,446,17700000,10900000,24500000,7600000,Approved,60700000,3.04,0.36,High,Poor,Medium Risk,Not Eligible
3741,Richard D. Taylor,Male,Married,2,Not Graduate,Yes,2500000,7200000,16,315,5500000,3300000,4900000,2800000,Rejected,16500000,2.88,0.44,Low,Poor,Medium Risk,Not Eligible
3742,Robert N. Davis,Male,Married,5,Not Graduate,Yes,6900000,15700000,14,887,13800000,5300000,25200000,4500000,Approved,48800000,2.28,0.32,High,Excellent,Low Risk,Eligible
3743,James Johnson,Male,Divorced,5,Graduate,Yes,5700000,20500000,16,429,2800000,1900000,22400000,3900000,Rejected,31000000,3.6,0.66,High,Poor,Medium Risk,Not Eligible
3744,Andrew Hernandez,Male,Single,4,Graduate,Yes,5500000,15100000,18,673,10500000,8000000,13900000,7200000,Approved,39600000,2.75,0.38,High,Good,Medium Risk,Eligible
3745,James K. Hernandez,Male,Married,4,Not Graduate,Yes,9200000,29100000,10,731,14500000,8300000,35800000,5000000,Approved,63600000,3.16,0.46,Very High,Good,Low Risk,Eligible
3746,Jessica R. Taylor,Female,Married,5,Graduate,Yes,5700000,11500000,2,732,15800000,3700000,15600000,5300000,Approved,40400000,2.02,0.28,High,Good,Low Risk,Eligible
3747,Emily Z. Garcia,Female,Married,5,Graduate,Yes,5000000,16400000,14,525,13000000,9100000,15300000,3300000,Rejected,40700000,3.28,0.4,Medium,Poor,Medium Risk,Not Eligible
3748,Robert Anderson,Male,Married,4,Not Graduate,No,2300000,5500000,6,343,0,4100000,4800000,3200000,Rejected,12100000,2.39,0.45,Low,Poor,Medium Risk,Not Eligible
3749,Donald H. Wilson,Male,Single,0,Not Graduate,Yes,3000000,11000000,16,331,8000000,4500000,6600000,2400000,Rejected,21500000,3.67,0.51,Medium,Poor,Medium Risk,Not Eligible
3750,Paul V. Martin,Male,Married,0,Not Graduate,No,7900000,26200000,18,845,14200000,14700000,27400000,6300000,Approved,62600000,3.32,0.42,Very High,Excellent,Low Risk,Eligible
3751,Joseph Thomas,Male,Married,2,Graduate,No,2000000,6200000,16,696,4100000,600000,5400000,1300000,Approved,11400000,3.1,0.54,Low,Good,Medium Risk,Eligible
3752,Linda Y. Moore,Female,Married,5,Not Graduate,No,2700000,8700000,14,772,2200000,2800000,7600000,3700000,Approved,16300000,3.22,0.53,Medium,Excellent,Low Risk,Eligible
3753,Barbara Gonzalez,Female,Single,3,Graduate,Yes,6400000,15800000,18,628,6900000,2700000,24800000,5300000,Approved,39700000,2.47,0.4,High,Fair,Medium Risk,Eligible
3754,Linda G. Smith,Female,Single,0,Not Graduate,Yes,8200000,19100000,2,764,22900000,8900000,20500000,4000000,Approved,56300000,2.33,0.34,Very High,Excellent,Low Risk,Eligible
3755,Joseph E. Davis,Male,Single,1,Graduate,No,2800000,6900000,14,553,400000,4900000,6800000,4200000,Approved,16300000,2.46,0.42,Medium,Fair,Medium Risk,Eligible
3756,Matthew Garcia,Male,Married,1,Not Graduate,No,8900000,20000000,2,653,12700000,600000,17800000,9900000,Approved,41000000,2.25,0.49,Very High,Good,Medium Risk,Eligible
3757,Paul Thomas,Male,Divorced,1,Not Graduate,No,5100000,20000000,4,506,7900000,8900000,20300000,6700000,Approved,43800000,3.92,0.46,High,Poor,Medium Risk,Not Eligible
3758,Anthony Thomas,Male,Single,3,Graduate,No,2800000,8500000,20,431,6200000,1700000,7800000,2200000,Rejected,17900000,3.04,0.47,Medium,Poor,Medium Risk,Not Eligible
3759,Mark F. Lopez,Male,Single,2,Not Graduate,Yes,6100000,12300000,18,697,14100000,9100000,12600000,3500000,Approved,39300000,2.02,0.31,High,Good,Medium Risk,Eligible
3760,Charles T. Davis,Male,Single,2,Not Graduate,No,8400000,24500000,6,588,11000000,1300000,22900000,10400000,Approved,45600000,2.92,0.54,Very High,Fair,Medium Risk,Eligible
3761,Sandra Brown,Female,Married,1,Not Graduate,No,1600000,5600000,6,846,600000,2800000,4600000,1200000,Approved,9200000,3.5,0.61,Low,Excellent,Low Risk,Eligible
3762,Matthew Jackson,Male,Divorced,5,Graduate,No,4100000,11000000,14,379,6200000,1700000,8500000,5400000,Rejected,21800000,2.68,0.5,Medium,Poor,Medium Risk,Not Eligible
3763,Andrew Martinez,Male,Married,1,Not Graduate,No,300000,700000,10,745,0,0,900000,100000,Approved,1000000,2.33,0.7,Low,Good,Low Risk,Eligible
3764,David Gonzalez,Male,Married,3,Graduate,No,9600000,34500000,20,523,26100000,2600000,24300000,5300000,Rejected,58300000,3.59,0.59,Very High,Poor,Medium Risk,Not Eligible
3765,Emily T. Gonzalez,Female,Divorced,4,Graduate,Yes,8300000,25400000,4,624,22900000,4000000,24800000,5400000,Approved,57100000,3.06,0.44,Very High,Fair,Medium Risk,Eligible
3766,David Hernandez,Male,Single,1,Graduate,No,4600000,16700000,16,407,13000000,6000000,9800000,2800000,Rejected,31600000,3.63,0.53,Medium,Poor,Medium Risk,Not Eligible
3767,Daniel Hernandez,Male,Single,3,Not Graduate,Yes,5600000,11600000,12,756,3300000,1800000,18400000,7800000,Approved,31300000,2.07,0.37,High,Excellent,Low Risk,Eligible
3768,Mary E. Anderson,Female,Married,3,Graduate,Yes,4100000,8300000,16,351,6000000,100000,11100000,2200000,Rejected,19400000,2.02,0.43,Medium,Poor,Medium Risk,Not Eligible
3769,Donald E. Rodriguez,Male,Married,3,Not Graduate,No,3700000,13400000,18,373,2800000,100000,13200000,2500000,Rejected,18600000,3.62,0.72,Medium,Poor,Medium Risk,Not Eligible
3770,Sandra J. Jackson,Female,Single,4,Not Graduate,Yes,800000,2400000,2,461,1300000,1300000,2300000,300000,Approved,5200000,3.0,0.46,Low,Poor,Medium Risk,Not Eligible
3771,Donna Martin,Female,Single,4,Graduate,No,8100000,28100000,12,672,5600000,9200000,17200000,9500000,Approved,41500000,3.47,0.68,Very High,Good,Medium Risk,Eligible
3772,Andrew Martin,Male,Married,2,Graduate,Yes,2700000,9500000,10,434,2700000,1500000,8100000,1800000,Rejected,14100000,3.52,0.67,Medium,Poor,Medium Risk,Not Eligible
3773,Sarah Moore,Female,Married,2,Not Graduate,Yes,7000000,21400000,12,541,3700000,1300000,19800000,9600000,Rejected,34400000,3.06,0.62,High,Poor,Medium Risk,Not Eligible
3774,Betty Rodriguez,Female,Married,3,Not Graduate,Yes,8100000,29300000,2,413,8100000,15100000,25500000,6400000,Approved,55100000,3.62,0.53,Very High,Poor,Medium Risk,Not Eligible
3775,Linda Wilson,Female,Single,1,Graduate,No,3200000,7600000,4,592,3000000,1400000,8100000,4700000,Approved,17200000,2.38,0.44,Medium,Fair,Medium Risk,Eligible
3776,Kimberley Hernandez,Female,Married,4,Not Graduate,Yes,400000,1400000,10,665,300000,300000,1500000,200000,Approved,2300000,3.5,0.61,Low,Good,Medium Risk,Eligible
3777,Anthony R. Martinez,Male,Single,1,Graduate,No,7800000,23900000,4,313,2600000,15300000,23000000,10900000,Approved,51800000,3.06,0.46,Very High,Poor,Medium Risk,Not Eligible
3778,Lisa F. Smith,Female,Married,0,Not Graduate,No,5800000,19600000,14,673,8900000,10700000,18000000,7200000,Approved,44800000,3.38,0.44,High,Good,Medium Risk,Eligible
3779,Mary D. Hernandez,Female,Married,0,Not Graduate,Yes,2600000,6000000,8,382,1700000,2200000,8200000,1600000,Rejected,13700000,2.31,0.44,Medium,Poor,Medium Risk,Not Eligible
3780,Richard Gonzalez,Male,Married,5,Not Graduate,No,5400000,21100000,12,661,15800000,10400000,20100000,5400000,Approved,51700000,3.91,0.41,High,Good,Medium Risk,Eligible
3781,Betty B. Martinez,Female,Single,3,Graduate,Yes,600000,1700000,4,576,400000,100000,2100000,500000,Approved,3100000,2.83,0.55,Low,Fair,Medium Risk,Eligible
3782,Charles L. Moore,Male,Married,1,Graduate,No,600000,1200000,14,443,700000,1000000,2200000,800000,Rejected,4700000,2.0,0.26,Low,Poor,Medium Risk,Not Eligible
3783,James S. Moore,Male,Married,5,Graduate,Yes,9500000,21700000,16,307,27500000,2700000,28500000,9700000,Rejected,68400000,2.28,0.32,Very High,Poor,Medium Risk,Not Eligible
3784,Daniel Thomas,Male,Married,4,Graduate,Yes,1900000,4800000,12,656,1500000,1600000,5400000,1700000,Approved,10200000,2.53,0.47,Low,Good,Medium Risk,Eligible
3785,Kenneth I. Martin,Male,Married,1,Graduate,Yes,9800000,21200000,4,885,18000000,16400000,37300000,10800000,Approved,82500000,2.16,0.26,Very High,Excellent,Low Risk,Eligible
3786,Andrew Lopez,Male,Divorced,3,Graduate,No,7800000,16600000,20,896,12400000,10800000,30500000,5500000,Approved,59200000,2.13,0.28,Very High,Excellent,Low Risk,Eligible
3787,David A. Anderson,Male,Single,5,Not Graduate,No,4900000,14100000,2,802,3300000,7500000,16100000,2700000,Approved,29600000,2.88,0.48,Medium,Excellent,Low Risk,Eligible
3788,Robert Y. Lopez,Male,Married,3,Graduate,Yes,8300000,22700000,2,650,3600000,16000000,18000000,5800000,Approved,43400000,2.73,0.52,Very High,Good,Medium Risk,Eligible
3789,Joshua Martin,Male,Single,4,Not Graduate,Yes,3900000,8900000,10,665,9300000,4000000,9200000,5300000,Approved,27800000,2.28,0.32,Medium,Good,Medium Risk,Eligible
3790,Betty Martinez,Female,Single,2,Graduate,No,9000000,35700000,12,339,15200000,8400000,19500000,9000000,Rejected,52100000,3.97,0.69,Very High,Poor,Medium Risk,Not Eligible
3791,Donald J. Moore,Male,Married,1,Not Graduate,No,9600000,32400000,20,447,15400000,18400000,19800000,4700000,Rejected,58300000,3.38,0.56,Very High,Poor,Medium Risk,Not Eligible
3792,Paul A. Thomas,Male,Married,5,Not Graduate,Yes,1000000,2400000,18,613,1600000,1300000,2600000,600000,Approved,6100000,2.4,0.39,Low,Fair,Medium Risk,Eligible
3793,Barbara Z. Wilson,Female,Single,5,Graduate,No,2800000,7200000,16,424,900000,5000000,6100000,3200000,Rejected,15200000,2.57,0.47,Medium,Poor,Medium Risk,Not Eligible
3794,Joseph Wilson,Male,Married,2,Not Graduate,No,8300000,20800000,6,667,19300000,4100000,25400000,6800000,Approved,55600000,2.51,0.37,Very High,Good,Medium Risk,Eligible
3795,Thomas J. Rodriguez,Male,Divorced,4,Not Graduate,Yes,6900000,18300000,18,715,8200000,600000,15000000,7500000,Approved,31300000,2.65,0.58,High,Good,Low Risk,Eligible
3796,Elizabeth B. Martin,Female,Single,5,Not Graduate,Yes,3800000,9100000,18,654,9000000,4000000,10200000,3000000,Approved,26200000,2.39,0.35,Medium,Good,Medium Risk,Eligible
3797,Lisa M. Wilson,Female,Married,2,Not Graduate,No,8000000,17800000,20,549,2400000,9700000,27400000,10800000,Rejected,50300000,2.22,0.35,Very High,Poor,Medium Risk,Not Eligible
3798,Barbara M. Martinez,Female,Single,4,Graduate,Yes,9800000,29700000,4,373,11100000,5500000,37800000,10000000,Approved,64400000,3.03,0.46,Very High,Poor,Medium Risk,Not Eligible
3799,William T. Hernandez,Male,Married,0,Graduate,Yes,2900000,7200000,16,332,3600000,5700000,7600000,3600000,Rejected,20500000,2.48,0.35,Medium,Poor,Medium Risk,Not Eligible
3800,Elizabeth Y. Hernandez,Female,Single,4,Graduate,No,7900000,31500000,20,534,12400000,8500000,21600000,6400000,Rejected,48900000,3.99,0.64,Very High,Poor,Medium Risk,Not Eligible
3801,William Martin,Male,Single,3,Not Graduate,No,4600000,17900000,8,396,10700000,4000000,12300000,2600000,Rejected,29600000,3.89,0.6,Medium,Poor,Medium Risk,Not Eligible
3802,Margaret Smith,Female,Single,2,Graduate,No,1000000,3700000,18,892,2200000,800000,3000000,500000,Approved,6500000,3.7,0.57,Low,Excellent,Low Risk,Eligible
3803,Karen Moore,Female,Married,5,Graduate,No,9000000,21300000,14,602,3400000,7700000,35400000,11000000,Approved,57500000,2.37,0.37,Very High,Fair,Medium Risk,Eligible
3804,Michelle K. Davis,Female,Single,0,Graduate,Yes,9400000,36100000,10,615,21200000,3800000,27400000,9100000,Approved,61500000,3.84,0.59,Very High,Fair,Medium Risk,Eligible
3805,Andrew Davis,Male,Married,5,Graduate,Yes,7400000,23300000,20,482,15700000,3600000,29100000,6800000,Rejected,55200000,3.15,0.42,High,Poor,Medium Risk,Not Eligible
3806,David Martinez,Male,Single,0,Graduate,No,6600000,20100000,16,397,19200000,7000000,17200000,8400000,Rejected,51800000,3.05,0.39,High,Poor,Medium Risk,Not Eligible
3807,Richard Martin,Male,Married,0,Not Graduate,No,1300000,3400000,10,464,1200000,200000,3500000,1400000,Rejected,6300000,2.62,0.54,Low,Poor,Medium Risk,Not Eligible
3808,Elizabeth C. Garcia,Female,Divorced,0,Graduate,Yes,1100000,3400000,14,832,3200000,200000,4400000,1600000,Approved,9400000,3.09,0.36,Low,Excellent,Low Risk,Eligible
3809,Jessica O. Jones,Female,Married,5,Graduate,No,9200000,34800000,12,802,22000000,11000000,19800000,12500000,Approved,65300000,3.78,0.53,Very High,Excellent,Low Risk,Eligible
3810,Sarah X. Moore,Female,Single,2,Graduate,No,7000000,23900000,18,628,13400000,6600000,25200000,7200000,Approved,52400000,3.41,0.46,High,Fair,Medium Risk,Eligible
3811,Emily K. Hernandez,Female,Married,4,Graduate,No,5100000,18800000,10,694,6400000,5300000,13500000,4100000,Approved,29300000,3.69,0.64,High,Good,Medium Risk,Eligible
3812,Richard F. Jackson,Male,Married,1,Not Graduate,Yes,3200000,9300000,20,741,3800000,3500000,6900000,2300000,Approved,16500000,2.91,0.56,Medium,Good,Low Risk,Eligible
3813,Elizabeth Hernandez,Female,Single,1,Not Graduate,Yes,3700000,10900000,14,748,3700000,2800000,13200000,4100000,Approved,23800000,2.95,0.46,Medium,Good,Low Risk,Eligible
3814,Ashley O. Lopez,Female,Single,5,Graduate,No,3600000,12800000,4,320,2500000,2900000,12600000,2900000,Approved,20900000,3.56,0.61,Medium,Poor,Medium Risk,Not Eligible
3815,Patricia B. Taylor,Female,Single,1,Graduate,No,5600000,11700000,10,774,11000000,4300000,13100000,6500000,Approved,34900000,2.09,0.34,High,Excellent,Low Risk,Eligible
3816,Charles Anderson,Male,Single,0,Not Graduate,Yes,9500000,32000000,2,500,8300000,9700000,24500000,5600000,Approved,48100000,3.37,0.67,Very High,Poor,Medium Risk,Not Eligible
3817,Matthew Miller,Male,Single,4,Not Graduate,No,1500000,4000000,18,706,0,2700000,4400000,1700000,Approved,8800000,2.67,0.45,Low,Good,Low Risk,Eligible
3818,Kimberley Martinez,Female,Married,4,Not Graduate,No,7400000,18300000,10,601,16400000,12600000,28800000,6100000,Approved,63900000,2.47,0.29,High,Fair,Medium Risk,Eligible
3819,Linda W. Lopez,Female,Married,2,Graduate,No,6000000,17400000,16,806,1800000,2100000,20200000,3500000,Approved,27600000,2.9,0.63,High,Excellent,Low Risk,Eligible
3820,Susan Rodriguez,Female,Divorced,0,Graduate,Yes,3000000,9600000,6,644,3900000,700000,10500000,3000000,Approved,18100000,3.2,0.53,Medium,Fair,Medium Risk,Eligible
3821,Robert Hernandez,Male,Married,4,Graduate,Yes,6000000,12900000,14,723,700000,1600000,13600000,4100000,Approved,20000000,2.15,0.64,High,Good,Low Risk,Eligible
3822,Thomas Miller,Male,Single,5,Graduate,Yes,600000,1500000,12,509,1600000,100000,1900000,800000,Rejected,4400000,2.5,0.34,Low,Poor,Medium Risk,Not Eligible
3823,Michael Miller,Male,Married,0,Graduate,No,1800000,6600000,4,898,2400000,100000,4600000,1400000,Approved,8500000,3.67,0.78,Low,Excellent,Low Risk,Eligible
3824,Mark Q. Johnson,Male,Married,2,Graduate,Yes,5500000,12000000,2,567,7200000,4700000,11500000,7000000,Approved,30400000,2.18,0.39,High,Fair,Medium Risk,Eligible
3825,Andrew Williams,Male,Single,1,Graduate,No,1000000,2100000,6,715,2200000,1000000,2200000,1100000,Approved,6500000,2.1,0.32,Low,Good,Low Risk,Eligible
3826,Susan Smith,Female,Married,2,Not Graduate,Yes,1700000,3500000,10,854,5000000,2400000,3400000,1700000,Approved,12500000,2.06,0.28,Low,Excellent,Low Risk,Eligible
3827,Daniel Williams,Male,Single,1,Graduate,Yes,3400000,12300000,8,523,6100000,4700000,8300000,2600000,Rejected,21700000,3.62,0.57,Medium,Poor,Medium Risk,Not Eligible
3828,Sandra G. Hernandez,Female,Divorced,1,Graduate,Yes,9600000,35900000,8,534,24500000,17700000,31900000,5400000,Rejected,79500000,3.74,0.45,Very High,Poor,Medium Risk,Not Eligible
3829,Steven Taylor,Male,Married,0,Not Graduate,Yes,2600000,7600000,18,470,700000,700000,5500000,2900000,Rejected,9800000,2.92,0.78,Medium,Poor,Medium Risk,Not Eligible
3830,Matthew G. Wilson,Male,Single,1,Graduate,No,1600000,3500000,18,619,3200000,100000,6300000,1500000,Approved,11100000,2.19,0.32,Low,Fair,Medium Risk,Eligible
3831,Ashley O. Williams,Female,Married,0,Graduate,Yes,4300000,12800000,20,572,8600000,2200000,11000000,6100000,Approved,27900000,2.98,0.46,Medium,Fair,Medium Risk,Eligible
3832,Joshua C. Gonzalez,Male,Widowed,3,Graduate,No,1400000,3500000,16,365,2600000,2200000,2900000,1600000,Rejected,9300000,2.5,0.38,Low,Poor,Medium Risk,Not Eligible
3833,Joseph Gonzalez,Male,Married,0,Not Graduate,No,8000000,18000000,16,791,13900000,10300000,23400000,10600000,Approved,58200000,2.25,0.31,Very High,Excellent,Low Risk,Eligible
3834,Betty Wilson,Female,Divorced,4,Not Graduate,Yes,5000000,18100000,12,424,5200000,2000000,14500000,6100000,Rejected,27800000,3.62,0.65,Medium,Poor,Medium Risk,Not Eligible
3835,Kenneth Z. Jackson,Male,Single,5,Graduate,No,4500000,10200000,12,726,2900000,8600000,17500000,4200000,Approved,33200000,2.27,0.31,Medium,Good,Low Risk,Eligible
3836,William R. Johnson,Male,Single,1,Graduate,No,3400000,9900000,2,736,3900000,4800000,10600000,4500000,Approved,23800000,2.91,0.42,Medium,Good,Low Risk,Eligible
3837,Joshua H. Smith,Male,Married,5,Graduate,Yes,5700000,12800000,14,488,13600000,1000000,13200000,5500000,Rejected,33300000,2.25,0.38,High,Poor,Medium Risk,Not Eligible
3838,Barbara R. Brown,Female,Married,2,Not Graduate,Yes,2600000,7600000,10,400,6800000,2800000,10100000,3200000,Rejected,22900000,2.92,0.33,Medium,Poor,Medium Risk,Not Eligible
3839,Karen M. Garcia,Female,Single,0,Graduate,Yes,4500000,12200000,20,311,11200000,5000000,12700000,2400000,Rejected,31300000,2.71,0.39,Medium,Poor,Medium Risk,Not Eligible
3840,Michelle S. Martin,Female,Single,2,Not Graduate,Yes,5100000,16800000,2,504,6400000,2700000,17100000,4400000,Approved,30600000,3.29,0.55,High,Poor,Medium Risk,Not Eligible
3841,Andrew P. Lopez,Male,Single,4,Not Graduate,Yes,5100000,18600000,20,312,9600000,6000000,16500000,5500000,Rejected,37600000,3.65,0.49,High,Poor,Medium Risk,Not Eligible
3842,Kimberley X. Jones,Female,Single,5,Graduate,Yes,1700000,6500000,14,587,1100000,1000000,6400000,1500000,Approved,10000000,3.82,0.65,Low,Fair,Medium Risk,Eligible
3843,Richard Jones,Male,Married,1,Not Graduate,No,5200000,10500000,20,317,3000000,8000000,19300000,5300000,Rejected,35600000,2.02,0.29,High,Poor,Medium Risk,Not Eligible
3844,Emily V. Martin,Female,Married,4,Not Graduate,No,8400000,29000000,2,463,12700000,1100000,20100000,6700000,Approved,40600000,3.45,0.71,Very High,Poor,Medium Risk,Not Eligible
3845,David G. Martinez,Male,Married,1,Not Graduate,Yes,9000000,34000000,16,842,6300000,16900000,22900000,5800000,Approved,51900000,3.78,0.66,Very High,Excellent,Low Risk,Eligible
3846,Jennifer Anderson,Female,Single,4,Graduate,Yes,3400000,11800000,20,616,5000000,3300000,9900000,2900000,Approved,21100000,3.47,0.56,Medium,Fair,Medium Risk,Eligible
3847,Sarah Z. Hernandez,Female,Single,1,Not Graduate,No,5400000,19400000,8,800,800000,6100000,19500000,3000000,Approved,29400000,3.59,0.66,High,Excellent,Low Risk,Eligible
3848,Mark F. Thomas,Male,Married,0,Graduate,Yes,700000,2100000,12,813,200000,1300000,2200000,500000,Approved,4200000,3.0,0.5,Low,Excellent,Low Risk,Eligible
3849,Kimberley Brown,Female,Married,2,Graduate,No,7600000,24800000,12,564,14000000,6200000,24700000,6700000,Approved,51600000,3.26,0.48,Very High,Fair,Medium Risk,Eligible
3850,Joseph Y. Taylor,Male,Married,2,Not Graduate,No,5000000,14700000,12,837,2200000,7200000,11700000,4800000,Approved,25900000,2.94,0.57,Medium,Excellent,Low Risk,Eligible
3851,Michael Jackson,Male,Widowed,5,Not Graduate,Yes,2500000,9400000,16,735,0,2200000,9500000,1700000,Approved,13400000,3.76,0.7,Low,Good,Low Risk,Eligible
3852,Emily Williams,Female,Divorced,4,Not Graduate,Yes,2000000,5200000,16,724,5200000,3800000,4600000,2800000,Approved,16400000,2.6,0.32,Low,Good,Low Risk,Eligible
3853,James X. Martin,Male,Married,5,Not Graduate,No,9000000,23900000,12,658,5700000,4600000,32100000,6100000,Approved,48500000,2.66,0.49,Very High,Good,Medium Risk,Eligible
3854,William Anderson,Male,Single,5,Graduate,No,8300000,31800000,16,858,24600000,11100000,26300000,8500000,Approved,70500000,3.83,0.45,Very High,Excellent,Low Risk,Eligible
3855,Elizabeth N. Moore,Female,Married,0,Not Graduate,Yes,3100000,8500000,8,614,1700000,4600000,11000000,3300000,Approved,20600000,2.74,0.41,Medium,Fair,Medium Risk,Eligible
3856,Matthew V. Williams,Male,Single,2,Graduate,Yes,8500000,25600000,16,714,11400000,14800000,17200000,5700000,Approved,49100000,3.01,0.52,Very High,Good,Low Risk,Eligible
3857,Donald V. Smith,Male,Single,2,Graduate,Yes,1200000,4600000,20,605,3600000,1500000,4600000,600000,Approved,10300000,3.83,0.45,Low,Fair,Medium Risk,Eligible
3858,Anthony D. Smith,Male,Single,4,Graduate,Yes,2800000,5500000,8,875,6900000,4000000,6000000,3300000,Approved,20200000,1.96,0.27,Medium,Excellent,Low Risk,Eligible
3859,Joshua Williams,Male,Divorced,5,Graduate,Yes,2800000,10900000,6,359,5000000,3300000,7600000,3000000,Rejected,18900000,3.89,0.58,Medium,Poor,Medium Risk,Not Eligible
3860,Joshua Thomas,Male,Married,5,Graduate,Yes,6500000,24100000,6,441,14100000,9600000,15300000,5200000,Rejected,44200000,3.71,0.55,High,Poor,Medium Risk,Not Eligible
3861,Nancy Brown,Female,Married,4,Graduate,No,8700000,25200000,18,790,25000000,9100000,18400000,8400000,Approved,60900000,2.9,0.41,Very High,Excellent,Low Risk,Eligible
3862,Paul Z. Hernandez,Male,Single,1,Not Graduate,Yes,5400000,13600000,4,821,11600000,8700000,19900000,5600000,Approved,45800000,2.52,0.3,High,Excellent,Low Risk,Eligible
3863,Robert Martinez,Male,Divorced,2,Not Graduate,No,8600000,33300000,16,375,19600000,11200000,25500000,11200000,Rejected,67500000,3.87,0.49,Very High,Poor,Medium Risk,Not Eligible
3864,Susan Anderson,Female,Single,3,Graduate,No,4700000,9600000,10,545,5200000,7200000,12000000,5300000,Rejected,29700000,2.04,0.32,Medium,Poor,Medium Risk,Not Eligible
3865,Kimberley Thomas,Female,Married,5,Not Graduate,Yes,1100000,3900000,4,891,1100000,200000,3400000,900000,Approved,5600000,3.55,0.7,Low,Excellent,Low Risk,Eligible
3866,Donald Williams,Male,Single,0,Graduate,No,6400000,14000000,8,486,5100000,12700000,23900000,3700000,Rejected,45400000,2.19,0.31,High,Poor,Medium Risk,Not Eligible
3867,Donna Davis,Female,Single,0,Graduate,No,4300000,9900000,4,696,12400000,2100000,17000000,2100000,Approved,33600000,2.3,0.29,Medium,Good,Medium Risk,Eligible
3868,James Y. Hernandez,Male,Married,5,Not Graduate,Yes,2900000,11100000,4,683,1700000,3900000,9400000,3300000,Approved,18300000,3.83,0.61,Medium,Good,Medium Risk,Eligible
3869,Jennifer J. Lopez,Female,Married,5,Not Graduate,No,9600000,27100000,8,594,25500000,4600000,26800000,13300000,Approved,70200000,2.82,0.39,Very High,Fair,Medium Risk,Eligible
3870,Michael M. Hernandez,Male,Single,3,Not Graduate,Yes,900000,2500000,20,529,900000,300000,3200000,700000,Rejected,5100000,2.78,0.49,Low,Poor,Medium Risk,Not Eligible
3871,Donna Garcia,Female,Married,5,Not Graduate,No,8100000,26300000,4,429,3600000,8500000,22200000,6900000,Approved,41200000,3.25,0.64,Very High,Poor,Medium Risk,Not Eligible
3872,William Gonzalez,Male,Single,0,Not Graduate,Yes,8800000,25000000,4,400,11300000,4000000,23600000,9400000,Rejected,48300000,2.84,0.52,Very High,Poor,Medium Risk,Not Eligible
3873,David P. Taylor,Male,Married,0,Graduate,No,8800000,17500000,4,848,25400000,8200000,31600000,5100000,Approved,70300000,1.99,0.25,Very High,Excellent,Low Risk,Eligible
3874,Mary N. Garcia,Female,Widowed,1,Not Graduate,No,6400000,21500000,6,489,1600000,4600000,17600000,8900000,Rejected,32700000,3.36,0.66,High,Poor,Medium Risk,Not Eligible
3875,Sandra Smith,Female,Single,2,Graduate,No,2900000,6600000,10,326,8600000,2200000,7400000,3400000,Rejected,21600000,2.28,0.31,Medium,Poor,Medium Risk,Not Eligible
3876,Paul Williams,Male,Single,5,Graduate,No,1600000,6100000,8,663,3900000,800000,6400000,1200000,Approved,12300000,3.81,0.5,Low,Good,Medium Risk,Eligible
3877,Mark Williams,Male,Single,1,Not Graduate,No,1600000,5100000,18,729,2500000,2000000,6200000,900000,Approved,11600000,3.19,0.44,Low,Good,Low Risk,Eligible
3878,Lisa Miller,Female,Divorced,2,Graduate,Yes,3100000,10700000,4,398,3100000,3000000,7400000,2000000,Approved,15500000,3.45,0.69,Medium,Poor,Medium Risk,Not Eligible
3879,Sandra Rodriguez,Female,Single,2,Not Graduate,Yes,5600000,16700000,14,856,400000,10200000,14700000,5200000,Approved,30500000,2.98,0.55,High,Excellent,Low Risk,Eligible
3880,Robert R. Miller,Male,Single,3,Graduate,Yes,8100000,19900000,20,347,22800000,14400000,29800000,5500000,Rejected,72500000,2.46,0.27,Very High,Poor,Medium Risk,Not Eligible
3881,Susan Smith,Female,Married,3,Not Graduate,No,9100000,19300000,12,696,26200000,7700000,30100000,13300000,Approved,77300000,2.12,0.25,Very High,Good,Medium Risk,Eligible
3882,Mark Q. Jones,Male,Divorced,0,Graduate,Yes,5500000,17100000,8,353,400000,200000,17100000,5200000,Rejected,22900000,3.11,0.75,High,Poor,Medium Risk,Not Eligible
3883,Sarah Rodriguez,Female,Married,1,Graduate,Yes,9700000,34300000,20,756,15700000,18500000,26800000,14100000,Approved,75100000,3.54,0.46,Very High,Excellent,Low Risk,Eligible
3884,Joshua A. Hernandez,Male,Married,4,Graduate,No,2300000,5400000,16,490,6200000,3700000,5500000,2100000,Rejected,17500000,2.35,0.31,Low,Poor,Medium Risk,Not Eligible
3885,Mark Thomas,Male,Married,1,Not Graduate,Yes,5600000,18000000,10,531,6500000,9000000,19800000,8400000,Rejected,43700000,3.21,0.41,High,Poor,Medium Risk,Not Eligible
3886,Joshua Garcia,Male,Married,2,Not Graduate,Yes,4500000,16600000,4,679,10300000,3100000,11700000,5000000,Approved,30100000,3.69,0.55,Medium,Good,Medium Risk,Eligible
3887,Michelle Taylor,Female,Single,1,Graduate,Yes,500000,1800000,8,877,100000,200000,1100000,600000,Approved,2000000,3.6,0.9,Low,Excellent,Low Risk,Eligible
3888,Nancy H. Brown,Female,Married,0,Graduate,No,4200000,11000000,20,817,6700000,2400000,11700000,6100000,Approved,26900000,2.62,0.41,Medium,Excellent,Low Risk,Eligible
3889,Emily Anderson,Female,Married,1,Not Graduate,No,9100000,23300000,18,792,800000,12600000,32100000,12400000,Approved,57900000,2.56,0.4,Very High,Excellent,Low Risk,Eligible
3890,Sarah Miller,Female,Widowed,4,Graduate,Yes,3200000,12800000,18,664,6300000,3400000,7600000,2100000,Approved,19400000,4.0,0.66,Medium,Good,Medium Risk,Eligible
3891,William I. Gonzalez,Male,Married,4,Graduate,Yes,6200000,21300000,16,882,11800000,3500000,12900000,4100000,Approved,32300000,3.44,0.66,High,Excellent,Low Risk,Eligible
3892,Joseph S. Martinez,Male,Married,3,Not Graduate,Yes,2500000,7700000,10,768,4500000,400000,8000000,2600000,Approved,15500000,3.08,0.5,Low,Excellent,Low Risk,Eligible
3893,Paul Thomas,Male,Married,0,Graduate,No,9100000,27100000,12,787,24300000,2900000,34800000,9500000,Approved,71500000,2.98,0.38,Very High,Excellent,Low Risk,Eligible
3894,Kimberley G. Davis,Female,Married,3,Graduate,Yes,500000,900000,12,538,0,700000,1500000,300000,Rejected,2500000,1.8,0.36,Low,Poor,Medium Risk,Not Eligible
3895,Margaret D. Smith,Female,Single,4,Not Graduate,No,6900000,18000000,8,347,16400000,9300000,18300000,8700000,Rejected,52700000,2.61,0.34,High,Poor,Medium Risk,Not Eligible
3896,Kenneth D. Smith,Male,Divorced,0,Graduate,Yes,1800000,5200000,16,317,4900000,1500000,4000000,1300000,Rejected,11700000,2.89,0.44,Low,Poor,Medium Risk,Not Eligible
3897,Susan N. Taylor,Female,Widowed,0,Graduate,Yes,4000000,14500000,2,713,6200000,4900000,12200000,4700000,Approved,28000000,3.62,0.52,Medium,Good,Low Risk,Eligible
3898,Andrew Jones,Male,Single,1,Not Graduate,No,3900000,12300000,10,683,1000000,700000,11700000,2400000,Approved,15800000,3.15,0.78,Medium,Good,Medium Risk,Eligible
3899,Robert Rodriguez,Male,Married,2,Not Graduate,Yes,8000000,28100000,18,765,24000000,10500000,17700000,8200000,Approved,60400000,3.51,0.47,Very High,Excellent,Low Risk,Eligible
3900,Michael Martin,Male,Married,5,Graduate,No,900000,3200000,10,803,1600000,1700000,2300000,800000,Approved,6400000,3.56,0.5,Low,Excellent,Low Risk,Eligible
3901,Margaret Jones,Female,Married,0,Graduate,Yes,8200000,29700000,6,405,3900000,800000,23900000,5700000,Rejected,34300000,3.62,0.87,Very High,Poor,Medium Risk,Not Eligible
3902,James P. Johnson,Male,Married,5,Graduate,No,2300000,4900000,4,529,6200000,3900000,9200000,2000000,Rejected,21300000,2.13,0.23,Low,Poor,Medium Risk,Not Eligible
3903,Linda Jackson,Female,Single,5,Graduate,Yes,6900000,19400000,6,801,10100000,9400000,17000000,5500000,Approved,42000000,2.81,0.46,High,Excellent,Low Risk,Eligible
3904,Andrew Williams,Male,Married,3,Not Graduate,No,8800000,30700000,12,707,15000000,100000,32800000,8000000,Approved,55900000,3.49,0.55,Very High,Good,Low Risk,Eligible
3905,Linda Jones,Female,Single,1,Graduate,No,2600000,7200000,8,349,5900000,1400000,9400000,3000000,Rejected,19700000,2.77,0.37,Medium,Poor,Medium Risk,Not Eligible
3906,Mary R. Jackson,Female,Married,1,Graduate,No,3700000,8700000,20,885,6200000,3500000,10900000,2600000,Approved,23200000,2.35,0.38,Medium,Excellent,Low Risk,Eligible
3907,Sarah Jackson,Female,Single,2,Graduate,Yes,6200000,23800000,4,489,2900000,7500000,21300000,3300000,Approved,35000000,3.84,0.68,High,Poor,Medium Risk,Not Eligible
3908,Jennifer Z. Thomas,Female,Single,3,Graduate,Yes,1000000,2600000,6,341,2900000,1700000,3600000,1100000,Rejected,9300000,2.6,0.28,Low,Poor,Medium Risk,Not Eligible
3909,Mary W. Rodriguez,Female,Married,1,Not Graduate,No,6000000,20000000,12,637,10800000,4300000,20000000,8600000,Approved,43700000,3.33,0.46,High,Fair,Medium Risk,Eligible
3910,Richard Wilson,Male,Married,1,Not Graduate,Yes,9100000,31400000,4,304,14100000,16700000,30200000,9600000,Approved,70600000,3.45,0.44,Very High,Poor,Medium Risk,Not Eligible
3911,Robert Miller,Male,Married,1,Graduate,No,1700000,6700000,16,537,4300000,2900000,3500000,1100000,Rejected,11800000,3.94,0.57,Low,Poor,Medium Risk,Not Eligible
3912,Anthony Miller,Male,Single,5,Not Graduate,Yes,1700000,4600000,12,503,900000,2200000,4800000,1200000,Rejected,9100000,2.71,0.51,Low,Poor,Medium Risk,Not Eligible
3913,Margaret Garcia,Female,Divorced,1,Graduate,No,7100000,14300000,12,720,4600000,500000,27300000,8400000,Approved,40800000,2.01,0.35,High,Good,Low Risk,Eligible
3914,Robert Martin,Male,Married,5,Graduate,No,9400000,36800000,10,509,20700000,7400000,22400000,6300000,Rejected,56800000,3.91,0.65,Very High,Poor,Medium Risk,Not Eligible
3915,Sandra Jones,Female,Single,5,Not Graduate,No,6200000,16400000,6,360,900000,7200000,22400000,6300000,Rejected,36800000,2.65,0.45,High,Poor,Medium Risk,Not Eligible
3916,Emily Jackson,Female,Single,1,Graduate,No,8300000,31800000,16,818,23400000,7400000,32200000,8500000,Approved,71500000,3.83,0.44,Very High,Excellent,Low Risk,Eligible
3917,Michelle Hernandez,Female,Single,1,Graduate,Yes,8900000,21200000,8,716,5400000,9200000,23800000,7900000,Approved,46300000,2.38,0.46,Very High,Good,Low Risk,Eligible
3918,David S. Hernandez,Male,Widowed,1,Graduate,Yes,6500000,14800000,12,360,3500000,2100000,15000000,7300000,Rejected,27900000,2.28,0.53,High,Poor,Medium Risk,Not Eligible
3919,Donald C. Miller,Male,Single,3,Graduate,Yes,8100000,26700000,10,895,5100000,9800000,17100000,9900000,Approved,41900000,3.3,0.64,Very High,Excellent,Low Risk,Eligible
3920,Donald Garcia,Male,Single,2,Not Graduate,No,4900000,13500000,8,328,10500000,8100000,18300000,3400000,Rejected,40300000,2.76,0.33,Medium,Poor,Medium Risk,Not Eligible
3921,Donna P. Johnson,Female,Divorced,4,Graduate,No,9100000,26600000,2,812,23300000,11900000,33100000,10400000,Approved,78700000,2.92,0.34,Very High,Excellent,Low Risk,Eligible
3922,Ashley Jones,Female,Single,3,Graduate,Yes,9000000,33100000,16,456,23800000,7000000,26000000,7100000,Rejected,63900000,3.68,0.52,Very High,Poor,Medium Risk,Not Eligible
3923,Lisa Z. Rodriguez,Female,Single,4,Graduate,Yes,1300000,3900000,16,566,700000,200000,3400000,1600000,Approved,5900000,3.0,0.66,Low,Fair,Medium Risk,Eligible
3924,Linda Jackson,Female,Married,1,Not Graduate,No,6700000,25000000,20,598,5300000,12900000,13600000,7000000,Approved,38800000,3.73,0.64,High,Fair,Medium Risk,Eligible
3925,Steven Smith,Male,Single,5,Not Graduate,No,3200000,9300000,6,656,7000000,3200000,12700000,4200000,Approved,27100000,2.91,0.34,Medium,Good,Medium Risk,Eligible
3926,Patricia Y. Jones,Female,Single,0,Not Graduate,No,7500000,28700000,2,895,2000000,4100000,21500000,7200000,Approved,34800000,3.83,0.82,High,Excellent,Low Risk,Eligible
3927,Richard Lopez,Male,Married,3,Graduate,No,4900000,12800000,14,653,7300000,1000000,13000000,7200000,Approved,28500000,2.61,0.45,Medium,Good,Medium Risk,Eligible
3928,David Hernandez,Male,Divorced,1,Not Graduate,Yes,700000,1800000,16,641,2100000,400000,1600000,900000,Approved,5000000,2.57,0.36,Low,Fair,Medium Risk,Eligible
3929,Jennifer V. Jones,Female,Married,2,Graduate,No,6400000,16500000,8,544,12100000,6300000,15200000,5400000,Rejected,39000000,2.58,0.42,High,Poor,Medium Risk,Not Eligible
3930,Karen P. Anderson,Female,Divorced,0,Not Graduate,Yes,3900000,14100000,20,811,5700000,3600000,10500000,5300000,Approved,25100000,3.62,0.56,Medium,Excellent,Low Risk,Eligible
3931,Michelle Smith,Female,Single,4,Graduate,No,9700000,26900000,10,460,11400000,3900000,31400000,9300000,Rejected,56000000,2.77,0.48,Very High,Poor,Medium Risk,Not Eligible
3932,Lisa Brown,Female,Single,5,Graduate,Yes,3600000,12500000,12,795,10600000,2700000,11100000,4800000,Approved,29200000,3.47,0.43,Medium,Excellent,Low Risk,Eligible
3933,Jennifer J. Anderson,Female,Married,2,Graduate,Yes,3400000,10300000,4,745,4900000,4000000,10000000,3900000,Approved,22800000,3.03,0.45,Medium,Good,Low Risk,Eligible
3934,David W. Rodriguez,Male,Single,0,Not Graduate,No,9800000,20100000,16,606,6200000,800000,37300000,8700000,Approved,53000000,2.05,0.38,Very High,Fair,Medium Risk,Eligible
3935,Linda Gonzalez,Female,Single,1,Not Graduate,No,5100000,14200000,6,451,6100000,7600000,11400000,5600000,Rejected,30700000,2.78,0.46,High,Poor,Medium Risk,Not Eligible
3936,Daniel C. Moore,Male,Single,4,Graduate,Yes,5900000,11800000,8,479,11000000,1200000,15700000,3900000,Rejected,31800000,2.0,0.37,High,Poor,Medium Risk,Not Eligible
3937,Emily W. Gonzalez,Female,Single,5,Graduate,No,1200000,2400000,14,495,1800000,1800000,4100000,1300000,Rejected,9000000,2.0,0.27,Low,Poor,Medium Risk,Not Eligible
3938,Sarah Z. Thomas,Female,Divorced,2,Not Graduate,No,9700000,30200000,14,769,23700000,13600000,26400000,7500000,Approved,71200000,3.11,0.42,Very High,Excellent,Low Risk,Eligible
3939,Elizabeth Miller,Female,Widowed,5,Not Graduate,Yes,4700000,11800000,4,639,3600000,700000,9400000,5500000,Approved,19200000,2.51,0.61,Medium,Fair,Medium Risk,Eligible
3940,Paul Taylor,Male,Married,5,Graduate,No,4200000,12500000,18,723,1200000,300000,12900000,6100000,Approved,20500000,2.98,0.61,Medium,Good,Low Risk,Eligible
3941,Paul Davis,Male,Married,4,Graduate,No,9300000,26100000,16,623,11700000,10500000,21100000,10700000,Approved,54000000,2.81,0.48,Very High,Fair,Medium Risk,Eligible
3942,Joshua P. Brown,Male,Single,3,Not Graduate,Yes,5300000,20800000,6,487,9700000,3400000,18500000,4200000,Rejected,35800000,3.92,0.58,High,Poor,Medium Risk,Not Eligible
3943,Michael Wilson,Male,Single,0,Graduate,No,7600000,30100000,2,743,20700000,8700000,27600000,9600000,Approved,66600000,3.96,0.45,Very High,Good,Low Risk,Eligible
3944,Anthony U. Martin,Male,Single,2,Graduate,No,6200000,16900000,12,754,2300000,4200000,15300000,7900000,Approved,29700000,2.73,0.57,High,Excellent,Low Risk,Eligible
3945,Daniel Davis,Male,Single,0,Graduate,No,8900000,21600000,10,552,2300000,9900000,20700000,11900000,Approved,44800000,2.43,0.48,Very High,Fair,Medium Risk,Eligible
3946,Sarah B. Anderson,Female,Married,4,Not Graduate,Yes,7900000,27300000,10,560,23100000,14400000,28500000,10900000,Approved,76900000,3.46,0.36,Very High,Fair,Medium Risk,Eligible
3947,Thomas N. Jackson,Male,Single,1,Graduate,Yes,3500000,10800000,14,632,6900000,1500000,10900000,4200000,Approved,23500000,3.09,0.46,Medium,Fair,Medium Risk,Eligible
3948,Barbara A. Jones,Female,Single,2,Graduate,No,5300000,16700000,18,339,4600000,3300000,12000000,4100000,Rejected,24000000,3.15,0.7,High,Poor,Medium Risk,Not Eligible
3949,Joseph X. Thomas,Male,Single,2,Not Graduate,No,1400000,3100000,4,881,3700000,400000,5000000,1100000,Approved,10200000,2.21,0.3,Low,Excellent,Low Risk,Eligible
3950,Matthew Hernandez,Male,Single,1,Not Graduate,Yes,9100000,23600000,20,535,2800000,17600000,26400000,4500000,Rejected,51300000,2.59,0.46,Very High,Poor,Medium Risk,Not Eligible
3951,James Johnson,Male,Married,4,Not Graduate,No,4400000,17200000,4,563,4100000,3700000,12700000,2900000,Approved,23400000,3.91,0.74,Medium,Fair,Medium Risk,Eligible
3952,Jessica M. Martinez,Female,Married,5,Not Graduate,No,2800000,8200000,14,615,7400000,3300000,6700000,2700000,Approved,20100000,2.93,0.41,Medium,Fair,Medium Risk,Eligible
3953,Kenneth Smith,Male,Married,3,Not Graduate,No,1300000,3300000,8,795,1400000,800000,4600000,1600000,Approved,8400000,2.54,0.39,Low,Excellent,Low Risk,Eligible
3954,William Rodriguez,Male,Married,4,Graduate,No,8400000,28700000,14,878,23400000,8300000,23900000,8600000,Approved,64200000,3.42,0.45,Very High,Excellent,Low Risk,Eligible
3955,Joshua Williams,Male,Married,5,Graduate,Yes,5300000,14000000,6,633,11800000,4500000,12800000,6100000,Approved,35200000,2.64,0.4,High,Fair,Medium Risk,Eligible
3956,Thomas G. Jones,Male,Divorced,2,Graduate,No,6000000,13900000,4,533,3000000,9600000,14600000,4100000,Rejected,31300000,2.32,0.44,High,Poor,Medium Risk,Not Eligible
3957,Michelle Johnson,Female,Married,2,Not Graduate,Yes,2100000,6800000,12,795,6100000,1900000,7200000,2400000,Approved,17600000,3.24,0.39,Low,Excellent,Low Risk,Eligible
3958,Karen C. Moore,Female,Divorced,0,Not Graduate,No,4300000,11000000,4,374,7100000,7300000,9300000,4700000,Rejected,28400000,2.56,0.39,Medium,Poor,Medium Risk,Not Eligible
3959,Ashley Rodriguez,Female,Single,4,Not Graduate,Yes,7300000,22900000,12,848,6300000,2900000,28500000,4100000,Approved,41800000,3.14,0.55,High,Excellent,Low Risk,Eligible
3960,Kenneth V. Jackson,Male,Single,2,Graduate,No,5200000,16200000,12,890,10500000,9600000,15800000,3900000,Approved,39800000,3.12,0.41,High,Excellent,Low Risk,Eligible
3961,Linda H. Brown,Female,Divorced,3,Graduate,No,4700000,9800000,14,444,8200000,300000,15700000,3800000,Rejected,28000000,2.09,0.35,Medium,Poor,Medium Risk,Not Eligible
3962,William K. Taylor,Male,Single,4,Graduate,No,7800000,28500000,4,803,15500000,11300000,21100000,9800000,Approved,57700000,3.65,0.49,Very High,Excellent,Low Risk,Eligible
3963,Sarah Y. Hernandez,Female,Married,3,Graduate,Yes,500000,1900000,18,618,0,600000,1000000,400000,Approved,2000000,3.8,0.95,Low,Fair,Medium Risk,Eligible
3964,Elizabeth Smith,Female,Single,1,Not Graduate,Yes,6000000,20300000,14,845,5000000,7800000,23700000,8700000,Approved,45200000,3.38,0.45,High,Excellent,Low Risk,Eligible
3965,Michael Lopez,Male,Married,4,Graduate,No,4800000,10800000,12,833,3000000,4000000,16400000,7100000,Approved,30500000,2.25,0.35,Medium,Excellent,Low Risk,Eligible
3966,Sandra Wilson,Female,Single,3,Graduate,Yes,8900000,19300000,12,767,12000000,2200000,24700000,7700000,Approved,46600000,2.17,0.41,Very High,Excellent,Low Risk,Eligible
3967,Karen I. Jackson,Female,Divorced,1,Graduate,Yes,1800000,4000000,16,747,700000,200000,4600000,900000,Approved,6400000,2.22,0.62,Low,Good,Low Risk,Eligible
3968,Margaret D. Jones,Female,Single,2,Graduate,No,3000000,7000000,4,588,5300000,3400000,11900000,3400000,Approved,24000000,2.33,0.29,Medium,Fair,Medium Risk,Eligible
3969,Charles W. Smith,Male,Married,4,Not Graduate,No,7700000,24500000,20,582,9800000,6600000,29100000,6500000,Approved,52000000,3.18,0.47,Very High,Fair,Medium Risk,Eligible
3970,Paul U. Jones,Male,Single,1,Not Graduate,No,8300000,20400000,14,348,5600000,12500000,29100000,4700000,Rejected,51900000,2.46,0.39,Very High,Poor,Medium Risk,Not Eligible
3971,Michelle E. Martinez,Female,Widowed,4,Not Graduate,No,4200000,9400000,4,726,10000000,8100000,16100000,5500000,Approved,39700000,2.24,0.24,Medium,Good,Low Risk,Eligible
3972,Elizabeth Q. Johnson,Female,Divorced,4,Graduate,Yes,8000000,31200000,6,482,19800000,11500000,22200000,5700000,Rejected,59200000,3.9,0.53,Very High,Poor,Medium Risk,Not Eligible
3973,Sarah O. Hernandez,Female,Single,2,Graduate,Yes,9400000,30000000,16,565,1200000,3900000,28200000,9000000,Approved,42300000,3.19,0.71,Very High,Fair,Medium Risk,Eligible
3974,Susan Wilson,Female,Divorced,1,Graduate,No,800000,2400000,16,872,2400000,1200000,1900000,900000,Approved,6400000,3.0,0.38,Low,Excellent,Low Risk,Eligible
3975,Matthew Anderson,Male,Single,0,Graduate,Yes,500000,1300000,4,825,600000,0,1800000,200000,Approved,2600000,2.6,0.5,Low,Excellent,Low Risk,Eligible
3976,Kenneth R. Brown,Male,Divorced,2,Graduate,Yes,6100000,22300000,8,694,16200000,10900000,22900000,7200000,Approved,57200000,3.66,0.39,High,Good,Medium Risk,Eligible
3977,Linda Moore,Female,Married,3,Graduate,Yes,8500000,30800000,20,448,23000000,1400000,22900000,7900000,Rejected,55200000,3.62,0.56,Very High,Poor,Medium Risk,Not Eligible
3978,Richard Hernandez,Male,Single,5,Graduate,Yes,7600000,18000000,12,452,7900000,4300000,23800000,4700000,Rejected,40700000,2.37,0.44,Very High,Poor,Medium Risk,Not Eligible
3979,Linda Johnson,Female,Married,3,Not Graduate,No,8700000,17900000,12,897,16400000,3500000,31600000,12500000,Approved,64000000,2.06,0.28,Very High,Excellent,Low Risk,Eligible
3980,Robert Rodriguez,Male,Single,4,Not Graduate,No,9400000,20200000,10,803,24800000,1000000,34400000,4800000,Approved,65000000,2.15,0.31,Very High,Excellent,Low Risk,Eligible
3981,David Moore,Male,Single,1,Not Graduate,Yes,400000,900000,8,828,600000,500000,1500000,300000,Approved,2900000,2.25,0.31,Low,Excellent,Low Risk,Eligible
3982,James X. Williams,Male,Divorced,0,Graduate,No,2700000,7500000,6,832,7700000,1200000,10000000,2500000,Approved,21400000,2.78,0.35,Medium,Excellent,Low Risk,Eligible
3983,David U. Jackson,Male,Married,1,Not Graduate,Yes,2300000,5500000,6,861,1600000,1200000,4700000,1700000,Approved,9200000,2.39,0.6,Low,Excellent,Low Risk,Eligible
3984,Jennifer Jones,Female,Divorced,0,Graduate,No,7500000,15900000,2,535,17500000,5700000,23600000,4500000,Rejected,51300000,2.12,0.31,High,Poor,Medium Risk,Not Eligible
3985,Mary N. Thomas,Female,Married,4,Not Graduate,Yes,7100000,19400000,16,363,17900000,2600000,22600000,4000000,Rejected,47100000,2.73,0.41,High,Poor,Medium Risk,Not Eligible
3986,Charles Martinez,Male,Single,1,Not Graduate,Yes,8800000,28600000,8,631,11000000,13200000,25000000,7700000,Approved,56900000,3.25,0.5,Very High,Fair,Medium Risk,Eligible
3987,Barbara N. Jones,Female,Widowed,2,Not Graduate,No,8400000,20700000,6,513,500000,16400000,18800000,7900000,Rejected,43600000,2.46,0.47,Very High,Poor,Medium Risk,Not Eligible
3988,Betty Smith,Female,Single,0,Graduate,Yes,4700000,16200000,16,317,12700000,400000,9400000,2500000,Rejected,25000000,3.45,0.65,Medium,Poor,Medium Risk,Not Eligible
3989,James Lopez,Male,Married,1,Graduate,No,6900000,19500000,2,809,6100000,10600000,22900000,9300000,Approved,48900000,2.83,0.4,High,Excellent,Low Risk,Eligible
3990,Christopher I. Thomas,Male,Single,3,Not Graduate,No,2400000,8200000,10,531,6800000,1900000,5700000,2000000,Rejected,16400000,3.42,0.5,Low,Poor,Medium Risk,Not Eligible
3991,Jennifer R. Thomas,Female,Single,1,Not Graduate,Yes,1600000,4800000,14,544,2200000,200000,6200000,1200000,Rejected,9800000,3.0,0.49,Low,Poor,Medium Risk,Not Eligible
3992,Linda V. Jones,Female,Divorced,0,Graduate,No,3500000,7800000,14,366,6400000,3000000,13700000,4900000,Rejected,28000000,2.23,0.28,Medium,Poor,Medium Risk,Not Eligible
3993,Margaret N. Smith,Female,Married,0,Not Graduate,No,3700000,12700000,14,797,1300000,1100000,12300000,3700000,Approved,18400000,3.43,0.69,Medium,Excellent,Low Risk,Eligible
3994,Nancy E. Gonzalez,Female,Single,1,Not Graduate,No,3200000,12000000,16,597,6800000,1900000,7700000,2200000,Approved,18600000,3.75,0.65,Medium,Fair,Medium Risk,Eligible
3995,Kenneth N. Anderson,Male,Divorced,2,Not Graduate,Yes,7000000,22500000,12,632,12500000,4600000,20400000,4900000,Approved,42400000,3.21,0.53,High,Fair,Medium Risk,Eligible
3996,Kimberley J. Rodriguez,Female,Married,5,Not Graduate,No,9300000,28300000,12,741,7600000,12900000,32400000,5200000,Approved,58100000,3.04,0.49,Very High,Good,Low Risk,Eligible
3997,Richard Jackson,Male,Single,0,Not Graduate,No,200000,800000,20,331,300000,0,500000,100000,Rejected,900000,4.0,0.89,Low,Poor,Medium Risk,Not Eligible
3998,Robert D. Wilson,Male,Married,4,Graduate,No,6900000,16500000,8,426,3900000,5200000,18300000,9000000,Rejected,36400000,2.39,0.45,High,Poor,Medium Risk,Not Eligible
3999,Kimberley Jackson,Female,Single,3,Not Graduate,No,9000000,26500000,8,533,17100000,12400000,27800000,6000000,Rejected,63300000,2.94,0.42,Very High,Poor,Medium Risk,Not Eligible
4000,David Davis,Male,Single,1,Not Graduate,No,6900000,22700000,16,394,3800000,4300000,27400000,8700000,Rejected,44200000,3.29,0.51,High,Poor,Medium Risk,Not Eligible
4001,Christopher Johnson,Male,Married,0,Graduate,No,7500000,25100000,14,877,21000000,11400000,16900000,10700000,Approved,60000000,3.35,0.42,High,Excellent,Low Risk,Eligible
4002,Emily E. Jones,Female,Single,5,Not Graduate,No,9200000,28000000,8,527,18700000,7700000,24400000,6400000,Rejected,57200000,3.04,0.49,Very High,Poor,Medium Risk,Not Eligible
4003,Sarah L. Martin,Female,Single,1,Graduate,No,4600000,12700000,8,468,10400000,0,14500000,3900000,Rejected,28800000,2.76,0.44,Medium,Poor,Medium Risk,Not Eligible
4004,Donna Garcia,Female,Single,4,Graduate,Yes,5000000,19600000,18,611,13400000,4400000,14400000,4600000,Approved,36800000,3.92,0.53,Medium,Fair,Medium Risk,Eligible
4005,Karen D. Williams,Female,Married,2,Graduate,No,4500000,17200000,6,832,2700000,8500000,10900000,6700000,Approved,28800000,3.82,0.6,Medium,Excellent,Low Risk,Eligible
4006,Susan Q. Moore,Female,Single,0,Graduate,No,7900000,22700000,18,508,6600000,7000000,31600000,8900000,Rejected,54100000,2.87,0.42,Very High,Poor,Medium Risk,Not Eligible
4007,James Wilson,Male,Single,5,Not Graduate,No,5100000,13500000,20,840,1400000,5300000,14700000,4500000,Approved,25900000,2.65,0.52,High,Excellent,Low Risk,Eligible
4008,Kimberley X. Taylor,Female,Single,4,Graduate,No,3700000,7600000,14,794,9500000,7300000,12100000,4500000,Approved,33400000,2.05,0.23,Medium,Excellent,Low Risk,Eligible
4009,Donna M. Wilson,Female,Married,1,Not Graduate,No,5300000,17800000,12,889,15300000,500000,14900000,6800000,Approved,37500000,3.36,0.47,High,Excellent,Low Risk,Eligible
4010,Matthew B. Brown,Male,Single,4,Not Graduate,No,200000,500000,16,765,600000,100000,600000,100000,Approved,1400000,2.5,0.36,Low,Excellent,Low Risk,Eligible
4011,Matthew Martinez,Male,Married,3,Graduate,Yes,9000000,18600000,16,518,18400000,17600000,28900000,10300000,Rejected,75200000,2.07,0.25,Very High,Poor,Medium Risk,Not Eligible
4012,Richard D. Davis,Male,Married,3,Not Graduate,No,6900000,17100000,4,694,4200000,6100000,27000000,6000000,Approved,43300000,2.48,0.39,High,Good,Medium Risk,Eligible
4013,Christopher Q. Martin,Male,Married,2,Not Graduate,No,700000,2300000,8,663,700000,500000,2800000,1000000,Approved,5000000,3.29,0.46,Low,Good,Medium Risk,Eligible
4014,Steven Jones,Male,Married,0,Graduate,No,2500000,8900000,2,662,4000000,2100000,9700000,3000000,Approved,18800000,3.56,0.47,Low,Good,Medium Risk,Eligible
4015,Patricia Johnson,Female,Single,0,Not Graduate,No,4600000,14400000,14,642,10100000,8700000,11100000,4800000,Approved,34700000,3.13,0.41,Medium,Fair,Medium Risk,Eligible
4016,William Martin,Male,Married,4,Graduate,No,1000000,3900000,10,701,2200000,1000000,4000000,900000,Approved,8100000,3.9,0.48,Low,Good,Low Risk,Eligible
4017,Michael B. Williams,Male,Divorced,4,Not Graduate,Yes,9200000,30100000,6,632,23700000,6600000,34200000,6200000,Approved,70700000,3.27,0.43,Very High,Fair,Medium Risk,Eligible
4018,Christopher H. Thomas,Male,Single,3,Graduate,Yes,2200000,4400000,2,861,1300000,2600000,4500000,2300000,Approved,10700000,2.0,0.41,Low,Excellent,Low Risk,Eligible
4019,Linda Y. Jackson,Female,Married,4,Graduate,Yes,9700000,33300000,12,784,14600000,15800000,37900000,6500000,Approved,74800000,3.43,0.45,Very High,Excellent,Low Risk,Eligible
4020,Patricia Y. Brown,Female,Single,0,Graduate,Yes,5500000,18200000,4,332,8100000,4000000,16400000,5600000,Approved,34100000,3.31,0.53,High,Poor,Medium Risk,Not Eligible
4021,Matthew B. Martin,Male,Married,4,Not Graduate,Yes,1300000,3400000,2,763,3800000,200000,5100000,1400000,Approved,10500000,2.62,0.32,Low,Excellent,Low Risk,Eligible
4022,Linda U. Jackson,Female,Married,1,Not Graduate,Yes,7900000,19100000,2,593,20800000,12200000,26100000,7800000,Approved,66900000,2.42,0.29,Very High,Fair,Medium Risk,Eligible
4023,Nancy C. Smith,Female,Single,2,Not Graduate,No,4300000,8800000,6,512,7200000,6500000,16900000,2700000,Rejected,33300000,2.05,0.26,Medium,Poor,Medium Risk,Not Eligible
4024,Lisa Davis,Female,Single,0,Not Graduate,No,3800000,13300000,6,655,9600000,0,8600000,2600000,Approved,20800000,3.5,0.64,Medium,Good,Medium Risk,Eligible
4025,James R. Thomas,Male,Married,3,Not Graduate,No,8700000,24700000,8,369,4000000,800000,31100000,4800000,Rejected,40700000,2.84,0.61,Very High,Poor,Medium Risk,Not Eligible
4026,Kimberley Smith,Female,Married,3,Graduate,No,1300000,3100000,14,348,1500000,600000,3900000,600000,Rejected,6600000,2.38,0.47,Low,Poor,Medium Risk,Not Eligible
4027,Thomas Anderson,Male,Married,1,Not Graduate,Yes,6800000,16800000,10,736,2000000,2600000,23800000,5600000,Approved,34000000,2.47,0.49,High,Good,Low Risk,Eligible
4028,Mary D. Moore,Female,Married,1,Not Graduate,No,9100000,24000000,20,353,25100000,9200000,26100000,10900000,Rejected,71300000,2.64,0.34,Very High,Poor,Medium Risk,Not Eligible
4029,Elizabeth V. Jones,Female,Married,0,Graduate,No,3000000,11300000,16,478,5600000,2000000,9800000,2000000,Rejected,19400000,3.77,0.58,Medium,Poor,Medium Risk,Not Eligible
4030,Sarah Thomas,Female,Single,0,Not Graduate,Yes,1200000,3000000,4,827,3200000,600000,2300000,1500000,Approved,7600000,2.5,0.39,Low,Excellent,Low Risk,Eligible
4031,Steven B. Hernandez,Male,Married,1,Not Graduate,Yes,5000000,16900000,12,517,2200000,1500000,15500000,5400000,Rejected,24600000,3.38,0.69,Medium,Poor,Medium Risk,Not Eligible
4032,Emily A. Brown,Female,Single,5,Graduate,Yes,9700000,24700000,18,648,15100000,600000,25200000,6800000,Approved,47700000,2.55,0.52,Very High,Fair,Medium Risk,Eligible
4033,Emily W. Smith,Female,Married,2,Not Graduate,Yes,7000000,23800000,10,689,8400000,5400000,15700000,7800000,Approved,37300000,3.4,0.64,High,Good,Medium Risk,Eligible
4034,Margaret Taylor,Female,Single,1,Graduate,No,4100000,9100000,20,550,9900000,5200000,10800000,4800000,Approved,30700000,2.22,0.3,Medium,Fair,Medium Risk,Eligible
4035,Karen E. Miller,Female,Single,0,Graduate,Yes,5300000,12900000,20,826,15500000,6800000,12000000,5200000,Approved,39500000,2.43,0.33,High,Excellent,Low Risk,Eligible
4036,Barbara D. Garcia,Female,Single,1,Not Graduate,No,7300000,19200000,14,599,18400000,5400000,15900000,3700000,Approved,43400000,2.63,0.44,High,Fair,Medium Risk,Eligible
4037,Anthony M. Martin,Male,Married,1,Graduate,No,6500000,18500000,16,815,6300000,10000000,13400000,4000000,Approved,33700000,2.85,0.55,High,Excellent,Low Risk,Eligible
4038,Sarah A. Gonzalez,Female,Single,4,Graduate,Yes,600000,1400000,4,761,800000,500000,2100000,300000,Approved,3700000,2.33,0.38,Low,Excellent,Low Risk,Eligible
4039,Nancy Williams,Female,Married,3,Not Graduate,Yes,5200000,15000000,20,432,6900000,5000000,15600000,5100000,Rejected,32600000,2.88,0.46,High,Poor,Medium Risk,Not Eligible
4040,Joshua E. Lopez,Male,Single,4,Not Graduate,Yes,2800000,9200000,18,442,5800000,4800000,8400000,1300000,Rejected,20300000,3.29,0.45,Medium,Poor,Medium Risk,Not Eligible
4041,William E. Wilson,Male,Single,1,Graduate,Yes,7800000,23300000,6,620,3500000,2100000,22200000,7600000,Approved,35400000,2.99,0.66,Very High,Fair,Medium Risk,Eligible
4042,Steven Smith,Male,Single,2,Graduate,No,3000000,6500000,4,476,7900000,300000,9400000,1500000,Rejected,19100000,2.17,0.34,Medium,Poor,Medium Risk,Not Eligible
4043,Barbara W. Martinez,Female,Married,4,Graduate,No,9300000,34900000,6,837,27400000,800000,21400000,8500000,Approved,58100000,3.75,0.6,Very High,Excellent,Low Risk,Eligible
4044,Kenneth S. Moore,Male,Single,3,Not Graduate,Yes,5100000,18000000,6,510,13400000,6600000,17200000,7600000,Rejected,44800000,3.53,0.4,High,Poor,Medium Risk,Not Eligible
4045,Kimberley Williams,Female,Single,4,Not Graduate,Yes,4300000,16100000,18,849,3800000,6600000,17100000,6400000,Approved,33900000,3.74,0.47,Medium,Excellent,Low Risk,Eligible
4046,Mark C. Martin,Male,Married,3,Graduate,No,1100000,2100000,8,737,2900000,2000000,2500000,900000,Approved,8300000,1.91,0.25,Low,Good,Low Risk,Eligible
4047,Jessica Johnson,Female,Single,2,Graduate,No,6500000,16200000,10,809,14000000,4700000,13200000,8600000,Approved,40500000,2.49,0.4,High,Excellent,Low Risk,Eligible
4048,Anthony Y. Thomas,Male,Married,3,Not Graduate,No,6400000,23000000,8,520,12100000,11400000,16000000,3800000,Rejected,43300000,3.59,0.53,High,Poor,Medium Risk,Not Eligible
4049,Karen H. Gonzalez,Female,Single,2,Not Graduate,No,7400000,22500000,16,834,6400000,12600000,15700000,6000000,Approved,40700000,3.04,0.55,High,Excellent,Low Risk,Eligible
4050,Jessica C. Martinez,Female,Single,4,Graduate,No,8700000,32100000,8,397,8900000,17000000,34700000,4800000,Rejected,65400000,3.69,0.49,Very High,Poor,Medium Risk,Not Eligible
4051,William N. Rodriguez,Male,Single,0,Not Graduate,No,9200000,24700000,14,438,4800000,16000000,20600000,10700000,Rejected,52100000,2.68,0.47,Very High,Poor,Medium Risk,Not Eligible
4052,Steven S. Taylor,Male,Married,1,Graduate,Yes,6200000,19700000,18,820,11200000,3400000,15600000,4700000,Approved,34900000,3.18,0.56,High,Excellent,Low Risk,Eligible
4053,Daniel Thomas,Male,Single,1,Not Graduate,No,1200000,4600000,20,323,2000000,1700000,2600000,1400000,Rejected,7700000,3.83,0.6,Low,Poor,Medium Risk,Not Eligible
4054,David O. Moore,Male,Divorced,1,Not Graduate,Yes,7000000,20300000,14,837,7700000,2200000,19700000,5500000,Approved,35100000,2.9,0.58,High,Excellent,Low Risk,Eligible
4055,Linda Jones,Female,Single,5,Graduate,Yes,3800000,10100000,2,571,7400000,6600000,12600000,3300000,Approved,29900000,2.66,0.34,Medium,Fair,Medium Risk,Eligible
4056,Kimberley Brown,Female,Single,0,Graduate,No,4900000,16300000,14,479,1600000,6400000,18600000,2700000,Rejected,29300000,3.33,0.56,Medium,Poor,Medium Risk,Not Eligible
4057,Patricia Martin,Female,Single,2,Graduate,Yes,7800000,22100000,6,533,11900000,2500000,19300000,10800000,Rejected,44500000,2.83,0.5,Very High,Poor,Medium Risk,Not Eligible
4058,Mary Jones,Female,Single,1,Not Graduate,Yes,7400000,17200000,8,899,16500000,8700000,16700000,4900000,Approved,46800000,2.32,0.37,High,Excellent,Low Risk,Eligible
4059,Sarah O. Wilson,Female,Single,1,Not Graduate,No,7000000,26600000,16,460,20500000,3300000,27700000,4600000,Rejected,56100000,3.8,0.47,High,Poor,Medium Risk,Not Eligible
4060,Jennifer Anderson,Female,Married,1,Not Graduate,No,4900000,12500000,2,636,14200000,6400000,13900000,5000000,Approved,39500000,2.55,0.32,Medium,Fair,Medium Risk,Eligible
4061,Paul Anderson,Male,Single,3,Not Graduate,No,5800000,20600000,20,434,8400000,2700000,22600000,7000000,Rejected,40700000,3.55,0.51,High,Poor,Medium Risk,Not Eligible
4062,Ashley Y. Moore,Female,Single,5,Not Graduate,No,2000000,6900000,18,516,4600000,3400000,6500000,1600000,Rejected,16100000,3.45,0.43,Low,Poor,Medium Risk,Not Eligible
4063,Joseph Brown,Male,Single,4,Graduate,No,8300000,24600000,2,382,1400000,1200000,16700000,6600000,Rejected,25900000,2.96,0.95,Very High,Poor,Medium Risk,Not Eligible
4064,Paul O. Smith,Male,Single,0,Graduate,Yes,1000000,2800000,12,616,700000,700000,3900000,700000,Approved,6000000,2.8,0.47,Low,Fair,Medium Risk,Eligible
4065,Christopher W. Taylor,Male,Married,3,Graduate,No,5500000,11600000,6,745,9400000,8000000,12800000,5400000,Approved,35600000,2.11,0.33,High,Good,Low Risk,Eligible
4066,Anthony Johnson,Male,Single,5,Graduate,No,1400000,3400000,6,697,2000000,500000,4600000,1600000,Approved,8700000,2.43,0.39,Low,Good,Medium Risk,Eligible
4067,Betty Taylor,Female,Single,4,Graduate,No,3700000,12300000,6,364,5900000,4200000,13700000,4400000,Rejected,28200000,3.32,0.44,Medium,Poor,Medium Risk,Not Eligible
4068,Barbara J. Moore,Female,Widowed,2,Not Graduate,Yes,2100000,6900000,2,566,700000,1500000,8100000,1000000,Approved,11300000,3.29,0.61,Low,Fair,Medium Risk,Eligible
4069,Sandra Wilson,Female,Single,4,Not Graduate,No,6200000,21900000,12,462,9400000,2000000,16600000,8300000,Rejected,36300000,3.53,0.6,High,Poor,Medium Risk,Not Eligible
4070,Susan Jones,Female,Single,0,Not Graduate,No,9300000,31900000,2,331,7100000,11200000,23700000,8000000,Approved,50000000,3.43,0.64,Very High,Poor,Medium Risk,Not Eligible
4071,Daniel M. Miller,Male,Married,3,Not Graduate,Yes,5100000,10300000,12,839,13400000,5400000,10700000,7500000,Approved,37000000,2.02,0.28,High,Excellent,Low Risk,Eligible
4072,Matthew Martin,Male,Divorced,0,Graduate,Yes,7000000,14000000,4,702,9000000,3100000,21400000,7600000,Approved,41100000,2.0,0.34,High,Good,Low Risk,Eligible
4073,Kimberley N. Thomas,Female,Divorced,3,Graduate,Yes,5300000,17900000,2,580,10200000,6400000,11600000,3600000,Approved,31800000,3.38,0.56,High,Fair,Medium Risk,Eligible
4074,Charles Q. Taylor,Male,Widowed,3,Graduate,No,900000,2800000,10,560,2700000,300000,1900000,1300000,Approved,6200000,3.11,0.45,Low,Fair,Medium Risk,Eligible
4075,Richard Y. Johnson,Male,Single,4,Not Graduate,Yes,9400000,25700000,14,845,27300000,4100000,26500000,12200000,Approved,70100000,2.73,0.37,Very High,Excellent,Low Risk,Eligible
4076,Charles Smith,Male,Single,4,Not Graduate,Yes,2600000,8500000,4,392,5500000,100000,8800000,2900000,Approved,17300000,3.27,0.49,Medium,Poor,Medium Risk,Not Eligible
4077,Steven X. Miller,Male,Single,2,Graduate,No,1500000,4900000,16,387,0,2400000,3700000,1300000,Rejected,7400000,3.27,0.66,Low,Poor,Medium Risk,Not Eligible
4078,Michelle Anderson,Female,Single,1,Graduate,Yes,1800000,6300000,12,749,4200000,200000,3800000,2700000,Approved,10900000,3.5,0.58,Low,Good,Low Risk,Eligible
4079,Daniel X. Miller,Male,Single,3,Graduate,Yes,7800000,20000000,14,727,4600000,7200000,17300000,8600000,Approved,37700000,2.56,0.53,Very High,Good,Low Risk,Eligible
4080,Patricia O. Thomas,Female,Married,3,Graduate,Yes,2100000,7400000,14,656,5600000,400000,5200000,2800000,Approved,14000000,3.52,0.53,Low,Good,Medium Risk,Eligible
4081,Nancy Rodriguez,Female,Divorced,0,Not Graduate,Yes,8300000,17500000,20,643,24800000,8900000,18800000,5100000,Approved,57600000,2.11,0.3,Very High,Fair,Medium Risk,Eligible
4082,Thomas Taylor,Male,Married,2,Not Graduate,Yes,4400000,16800000,4,307,12800000,7200000,9700000,5800000,Approved,35500000,3.82,0.47,Medium,Poor,Medium Risk,Not Eligible
4083,Susan E. Gonzalez,Female,Married,2,Not Graduate,No,2300000,5000000,16,588,2000000,3500000,7000000,1500000,Approved,14000000,2.17,0.36,Low,Fair,Medium Risk,Eligible
4084,Richard F. Johnson,Male,Divorced,3,Graduate,Yes,7700000,22300000,20,895,22200000,13300000,23900000,9100000,Approved,68500000,2.9,0.33,Very High,Excellent,Low Risk,Eligible
4085,Steven Brown,Male,Single,0,Not Graduate,Yes,9300000,29400000,10,351,24200000,6800000,35800000,6100000,Rejected,72900000,3.16,0.4,Very High,Poor,Medium Risk,Not Eligible
4086,Nancy Thomas,Female,Single,5,Not Graduate,No,5900000,16400000,12,891,10200000,10400000,19600000,4700000,Approved,44900000,2.78,0.37,High,Excellent,Low Risk,Eligible
4087,Linda Wilson,Female,Married,5,Not Graduate,Yes,1900000,4900000,4,442,3200000,2100000,5800000,900000,Rejected,12000000,2.58,0.41,Low,Poor,Medium Risk,Not Eligible
4088,Kenneth Moore,Male,Single,0,Not Graduate,No,6900000,19500000,20,686,2300000,8700000,16400000,6200000,Approved,33600000,2.83,0.58,High,Good,Medium Risk,Eligible
4089,Donna Moore,Female,Single,4,Graduate,Yes,2100000,8200000,20,432,6000000,900000,5600000,1000000,Rejected,13500000,3.9,0.61,Low,Poor,Medium Risk,Not Eligible
4090,Mark Jackson,Male,Married,0,Not Graduate,No,8200000,20900000,14,766,4400000,12300000,18400000,12100000,Approved,47200000,2.55,0.44,Very High,Excellent,Low Risk,Eligible
4091,Richard X. Smith,Male,Married,4,Not Graduate,No,7700000,17200000,6,561,6000000,5000000,15400000,6800000,Approved,33200000,2.23,0.52,Very High,Fair,Medium Risk,Eligible
4092,William Rodriguez,Male,Single,5,Not Graduate,No,7700000,19000000,2,539,4000000,14500000,29300000,4100000,Rejected,51900000,2.47,0.37,Very High,Poor,Medium Risk,Not Eligible
4093,Jennifer Johnson,Female,Single,1,Graduate,No,700000,1400000,6,759,1000000,500000,2600000,700000,Approved,4800000,2.0,0.29,Low,Excellent,Low Risk,Eligible
4094,Donald Y. Anderson,Male,Single,5,Graduate,No,7100000,18200000,8,750,21000000,7900000,20800000,5300000,Approved,55000000,2.56,0.33,High,Excellent,Low Risk,Eligible
4095,Michael O. Gonzalez,Male,Divorced,2,Graduate,No,3900000,13600000,10,373,11600000,1000000,8400000,3600000,Rejected,24600000,3.49,0.55,Medium,Poor,Medium Risk,Not Eligible
4096,Daniel J. Smith,Male,Married,1,Not Graduate,Yes,5200000,20500000,10,407,1100000,3400000,18200000,3800000,Rejected,26500000,3.94,0.77,High,Poor,Medium Risk,Not Eligible
4097,Richard F. Wilson,Male,Single,4,Not Graduate,No,5500000,20200000,14,611,13700000,5700000,15100000,7200000,Approved,41700000,3.67,0.48,High,Fair,Medium Risk,Eligible
4098,Betty Jackson,Female,Single,3,Graduate,No,2600000,6300000,10,783,6500000,2400000,6500000,2600000,Approved,18000000,2.42,0.35,Medium,Excellent,Low Risk,Eligible
4099,Barbara Jackson,Female,Married,0,Not Graduate,Yes,7300000,24000000,18,651,16600000,100000,19600000,4500000,Approved,40800000,3.29,0.59,High,Good,Medium Risk,Eligible
4100,Andrew S. Smith,Male,Single,3,Graduate,No,8700000,31100000,16,760,400000,1800000,19300000,4800000,Rejected,26300000,3.57,1.18,Very High,Excellent,Low Risk,Eligible
4101,Lisa Rodriguez,Female,Divorced,3,Graduate,No,9000000,22700000,16,793,11700000,10800000,35000000,7000000,Approved,64500000,2.52,0.35,Very High,Excellent,Low Risk,Eligible
4102,Linda Martin,Female,Married,4,Graduate,No,400000,800000,16,685,500000,300000,1300000,600000,Approved,2700000,2.0,0.3,Low,Good,Medium Risk,Eligible
4103,Donald P. Garcia,Male,Single,2,Not Graduate,Yes,3300000,10700000,8,806,5700000,600000,11500000,4900000,Approved,22700000,3.24,0.47,Medium,Excellent,Low Risk,Eligible
4104,Richard Jackson,Male,Single,1,Not Graduate,No,6300000,17800000,12,770,6000000,3000000,17000000,3200000,Approved,29200000,2.83,0.61,High,Excellent,Low Risk,Eligible
4105,Patricia S. Martinez,Female,Married,0,Not Graduate,No,7000000,23600000,14,663,13800000,9100000,21300000,7200000,Approved,51400000,3.37,0.46,High,Good,Medium Risk,Eligible
4106,David O. Wilson,Male,Single,2,Graduate,Yes,2100000,8100000,4,592,2000000,2500000,7900000,2700000,Approved,15100000,3.86,0.54,Low,Fair,Medium Risk,Eligible
4107,Barbara R. Anderson,Female,Married,3,Not Graduate,No,7600000,26300000,18,580,19100000,14600000,25500000,5100000,Approved,64300000,3.46,0.41,Very High,Fair,Medium Risk,Eligible
4108,Susan Jackson,Female,Married,1,Graduate,No,8200000,17500000,4,609,4500000,5600000,24100000,7700000,Approved,41900000,2.13,0.42,Very High,Fair,Medium Risk,Eligible
4109,Mary Q. Anderson,Female,Divorced,3,Not Graduate,Yes,9200000,23200000,8,380,13100000,15500000,18900000,6100000,Rejected,53600000,2.52,0.43,Very High,Poor,Medium Risk,Not Eligible
4110,Karen Smith,Female,Married,3,Graduate,No,3800000,12100000,20,364,4100000,5100000,11600000,3000000,Rejected,23800000,3.18,0.51,Medium,Poor,Medium Risk,Not Eligible
4111,Sandra Smith,Female,Married,1,Graduate,No,3200000,8900000,12,866,5100000,700000,9900000,2400000,Approved,18100000,2.78,0.49,Medium,Excellent,Low Risk,Eligible
4112,Joshua F. Garcia,Male,Single,4,Not Graduate,No,9700000,31700000,10,342,700000,100000,36700000,12000000,Rejected,49500000,3.27,0.64,Very High,Poor,Medium Risk,Not Eligible
4113,Matthew H. Martinez,Male,Married,5,Graduate,No,4700000,14400000,16,884,9900000,4400000,9300000,3800000,Approved,27400000,3.06,0.53,Medium,Excellent,Low Risk,Eligible
4114,Sarah B. Moore,Female,Married,4,Graduate,Yes,3800000,12500000,18,859,3900000,4600000,8200000,2700000,Approved,19400000,3.29,0.64,Medium,Excellent,Low Risk,Eligible
4115,Richard H. Lopez,Male,Single,4,Graduate,No,400000,1000000,20,692,500000,400000,1600000,200000,Approved,2700000,2.5,0.37,Low,Good,Medium Risk,Eligible
4116,Richard Davis,Male,Single,4,Not Graduate,Yes,3200000,6800000,16,675,8000000,1900000,6800000,4000000,Approved,20700000,2.12,0.33,Medium,Good,Medium Risk,Eligible
4117,Lisa B. Lopez,Female,Single,5,Graduate,Yes,3900000,12700000,8,886,3500000,5800000,14900000,5400000,Approved,29600000,3.26,0.43,Medium,Excellent,Low Risk,Eligible
4118,Daniel Martinez,Male,Married,1,Graduate,Yes,3500000,13100000,10,477,3200000,6200000,7500000,3100000,Rejected,20000000,3.74,0.66,Medium,Poor,Medium Risk,Not Eligible
4119,Thomas R. Gonzalez,Male,Married,2,Graduate,No,2200000,8300000,6,596,4700000,3000000,8500000,1800000,Approved,18000000,3.77,0.46,Low,Fair,Medium Risk,Eligible
4120,Susan Martin,Female,Married,4,Not Graduate,No,6400000,19700000,20,400,2300000,6100000,20100000,6200000,Rejected,34700000,3.08,0.57,High,Poor,Medium Risk,Not Eligible
4121,Richard M. Martinez,Male,Divorced,3,Graduate,No,9100000,19900000,2,711,2200000,17900000,24300000,13000000,Approved,57400000,2.19,0.35,Very High,Good,Low Risk,Eligible
4122,Elizabeth A. Smith,Female,Single,0,Not Graduate,Yes,3300000,8900000,2,418,4200000,6000000,9300000,3700000,Rejected,23200000,2.7,0.38,Medium,Poor,Medium Risk,Not Eligible
4123,William Z. Jones,Male,Single,3,Graduate,No,7800000,21800000,8,517,7700000,5100000,19500000,9100000,Rejected,41400000,2.79,0.53,Very High,Poor,Medium Risk,Not Eligible
4124,Jennifer B. Garcia,Female,Married,0,Not Graduate,Yes,6200000,16200000,6,508,5600000,5700000,21500000,3600000,Rejected,36400000,2.61,0.45,High,Poor,Medium Risk,Not Eligible
4125,Michelle Gonzalez,Female,Divorced,3,Not Graduate,Yes,7000000,26100000,18,689,17200000,5700000,20500000,5900000,Approved,49300000,3.73,0.53,High,Good,Medium Risk,Eligible
4126,Robert Brown,Male,Widowed,0,Graduate,No,9200000,28200000,12,455,19200000,6400000,34700000,5900000,Rejected,66200000,3.07,0.43,Very High,Poor,Medium Risk,Not Eligible
4127,Susan Williams,Female,Single,5,Not Graduate,Yes,7500000,20800000,6,617,100000,14200000,19300000,8200000,Approved,41800000,2.77,0.5,High,Fair,Medium Risk,Eligible
4128,Sarah Garcia,Female,Single,2,Graduate,No,5300000,13200000,10,500,4700000,9800000,20400000,2900000,Rejected,37800000,2.49,0.35,High,Poor,Medium Risk,Not Eligible
4129,Kenneth S. Rodriguez,Male,Single,5,Not Graduate,Yes,6800000,22800000,14,382,17600000,700000,21700000,5800000,Rejected,45800000,3.35,0.5,High,Poor,Medium Risk,Not Eligible
4130,Lisa D. Martin,Female,Married,1,Not Graduate,No,7900000,20800000,18,538,10000000,9700000,29900000,10600000,Rejected,60200000,2.63,0.35,Very High,Poor,Medium Risk,Not Eligible
4131,Anthony Anderson,Male,Single,0,Not Graduate,Yes,6200000,14900000,8,855,0,7200000,14200000,8200000,Approved,29600000,2.4,0.5,High,Excellent,Low Risk,Eligible
4132,Nancy E. Davis,Female,Divorced,1,Graduate,No,1000000,3000000,18,614,1800000,1700000,3700000,700000,Approved,7900000,3.0,0.38,Low,Fair,Medium Risk,Eligible
4133,Ashley Hernandez,Female,Divorced,2,Graduate,Yes,7800000,25400000,10,513,22100000,600000,23500000,9800000,Rejected,56000000,3.26,0.45,Very High,Poor,Medium Risk,Not Eligible
4134,Sarah Gonzalez,Female,Divorced,5,Graduate,Yes,3000000,8800000,14,402,5600000,5300000,8600000,4200000,Rejected,23700000,2.93,0.37,Medium,Poor,Medium Risk,Not Eligible
4135,Kenneth Wilson,Male,Married,5,Graduate,Yes,5700000,15000000,20,819,15500000,9800000,14100000,3400000,Approved,42800000,2.63,0.35,High,Excellent,Low Risk,Eligible
4136,James F. Smith,Male,Married,4,Not Graduate,No,6600000,25400000,12,622,9200000,3500000,19900000,7500000,Approved,40100000,3.85,0.63,High,Fair,Medium Risk,Eligible
4137,Lisa Jones,Female,Single,4,Graduate,Yes,7100000,18200000,4,790,2500000,2200000,25500000,9600000,Approved,39800000,2.56,0.46,High,Excellent,Low Risk,Eligible
4138,Michael K. Lopez,Male,Single,3,Graduate,Yes,1300000,4800000,14,808,3100000,2000000,5100000,1500000,Approved,11700000,3.69,0.41,Low,Excellent,Low Risk,Eligible
4139,Linda Rodriguez,Female,Married,2,Not Graduate,No,5200000,16800000,18,369,5400000,8600000,17000000,6800000,Rejected,37800000,3.23,0.44,High,Poor,Medium Risk,Not Eligible
4140,Joshua Brown,Male,Married,3,Graduate,No,5600000,20300000,4,330,16100000,5100000,15300000,4200000,Approved,40700000,3.62,0.5,High,Poor,Medium Risk,Not Eligible
4141,Paul Anderson,Male,Married,2,Graduate,No,7100000,16500000,14,857,3700000,10700000,18500000,8200000,Approved,41100000,2.32,0.4,High,Excellent,Low Risk,Eligible
4142,Charles E. Anderson,Male,Single,2,Graduate,No,5100000,19100000,8,457,13200000,5100000,16400000,7600000,Rejected,42300000,3.75,0.45,High,Poor,Medium Risk,Not Eligible
4143,Elizabeth Q. Jones,Female,Married,3,Not Graduate,Yes,7600000,29300000,8,843,21500000,3000000,22800000,11200000,Approved,58500000,3.86,0.5,Very High,Excellent,Low Risk,Eligible
4144,Lisa S. Moore,Female,Single,0,Graduate,Yes,2500000,5400000,6,463,1900000,3500000,8200000,1800000,Rejected,15400000,2.16,0.35,Low,Poor,Medium Risk,Not Eligible
4145,Christopher Moore,Male,Single,3,Graduate,No,6900000,22800000,16,582,17700000,2200000,23500000,4400000,Approved,47800000,3.3,0.48,High,Fair,Medium Risk,Eligible
4146,Betty Jackson,Female,Single,0,Graduate,No,3100000,6500000,2,391,100000,3800000,9900000,2400000,Rejected,16200000,2.1,0.4,Medium,Poor,Medium Risk,Not Eligible
4147,Richard R. Jackson,Male,Married,2,Graduate,Yes,9700000,35100000,20,612,13400000,13500000,38200000,6500000,Approved,71600000,3.62,0.49,Very High,Fair,Medium Risk,Eligible
4148,Matthew F. Martin,Male,Single,0,Not Graduate,Yes,5800000,12600000,2,859,13500000,4700000,21200000,4500000,Approved,43900000,2.17,0.29,High,Excellent,Low Risk,Eligible
4149,Sandra Rodriguez,Female,Married,4,Not Graduate,No,7600000,18600000,18,779,9100000,5600000,15200000,10000000,Approved,39900000,2.45,0.47,Very High,Excellent,Low Risk,Eligible
4150,Kimberley Taylor,Female,Married,5,Not Graduate,No,700000,2800000,2,561,900000,400000,1900000,800000,Approved,4000000,4.0,0.7,Low,Fair,Medium Risk,Eligible
4151,Daniel P. Wilson,Male,Single,3,Graduate,No,2300000,5600000,18,420,1300000,600000,6700000,2100000,Rejected,10700000,2.43,0.52,Low,Poor,Medium Risk,Not Eligible
4152,James Taylor,Male,Married,3,Not Graduate,No,1600000,3300000,8,609,4700000,100000,6000000,800000,Approved,11600000,2.06,0.28,Low,Fair,Medium Risk,Eligible
4153,Matthew Y. Martinez,Male,Married,4,Not Graduate,No,8100000,19300000,14,821,16500000,8500000,25800000,8300000,Approved,59100000,2.38,0.33,Very High,Excellent,Low Risk,Eligible
4154,Nancy M. Williams,Female,Single,1,Graduate,No,7700000,17100000,14,603,11100000,12100000,30300000,7100000,Approved,60600000,2.22,0.28,Very High,Fair,Medium Risk,Eligible
4155,Richard A. Garcia,Male,Married,4,Graduate,No,1500000,3400000,10,778,3800000,300000,4000000,2200000,Approved,10300000,2.27,0.33,Low,Excellent,Low Risk,Eligible
4156,Matthew Gonzalez,Male,Divorced,3,Not Graduate,No,7400000,23500000,2,460,20600000,12200000,25900000,9200000,Approved,67900000,3.18,0.35,High,Poor,Medium Risk,Not Eligible
4157,Margaret G. Garcia,Female,Married,4,Not Graduate,Yes,8900000,27100000,18,363,7800000,9600000,25400000,12700000,Rejected,55500000,3.04,0.49,Very High,Poor,Medium Risk,Not Eligible
4158,Barbara Smith,Female,Divorced,0,Graduate,No,2400000,5300000,16,482,5500000,4200000,8400000,2600000,Rejected,20700000,2.21,0.26,Low,Poor,Medium Risk,Not Eligible
4159,Thomas Rodriguez,Male,Married,5,Graduate,No,5600000,20300000,4,772,10600000,6000000,13600000,7600000,Approved,37800000,3.62,0.54,High,Excellent,Low Risk,Eligible
4160,Kenneth T. Smith,Male,Married,4,Graduate,No,5900000,14400000,6,745,15300000,5100000,16500000,3000000,Approved,39900000,2.44,0.36,High,Good,Low Risk,Eligible
4161,Betty O. Garcia,Female,Single,1,Graduate,No,1600000,3300000,2,513,400000,1300000,4600000,2200000,Rejected,8500000,2.06,0.39,Low,Poor,Medium Risk,Not Eligible
4162,Betty Smith,Female,Married,5,Not Graduate,No,1100000,4000000,2,362,1800000,1300000,3500000,1100000,Approved,7700000,3.64,0.52,Low,Poor,Medium Risk,Not Eligible
4163,Patricia Jackson,Female,Single,2,Graduate,Yes,6600000,25600000,6,740,10900000,1900000,18900000,9200000,Approved,40900000,3.88,0.63,High,Good,Low Risk,Eligible
4164,Steven A. Martinez,Male,Married,3,Graduate,No,8900000,24400000,10,774,11200000,6100000,31400000,7300000,Approved,56000000,2.74,0.44,Very High,Excellent,Low Risk,Eligible
4165,Robert H. Williams,Male,Single,1,Graduate,Yes,6400000,16400000,20,555,6000000,2500000,20100000,7400000,Approved,36000000,2.56,0.46,High,Fair,Medium Risk,Eligible
4166,Andrew Martin,Male,Single,4,Not Graduate,Yes,8200000,17300000,12,588,9700000,1200000,20700000,4800000,Approved,36400000,2.11,0.48,Very High,Fair,Medium Risk,Eligible
4167,Jennifer H. Williams,Female,Single,1,Graduate,No,500000,1300000,14,619,1500000,100000,2000000,500000,Approved,4100000,2.6,0.32,Low,Fair,Medium Risk,Eligible
4168,Robert Q. Wilson,Male,Single,0,Graduate,No,9700000,31600000,18,607,24300000,7900000,32400000,7500000,Approved,72100000,3.26,0.44,Very High,Fair,Medium Risk,Eligible
4169,Patricia Hernandez,Female,Married,3,Not Graduate,Yes,7100000,16700000,4,435,1700000,9600000,24300000,6200000,Rejected,41800000,2.35,0.4,High,Poor,Medium Risk,Not Eligible
4170,Patricia E. Thomas,Female,Single,4,Not Graduate,Yes,1400000,3400000,14,835,3100000,100000,4100000,2100000,Approved,9400000,2.43,0.36,Low,Excellent,Low Risk,Eligible
4171,Paul Lopez,Male,Married,1,Not Graduate,No,7200000,28100000,14,767,10000000,10400000,27500000,4000000,Approved,51900000,3.9,0.54,High,Excellent,Low Risk,Eligible
4172,Donald Garcia,Male,Married,1,Graduate,Yes,8400000,26200000,14,643,19400000,11500000,17900000,6900000,Approved,55700000,3.12,0.47,Very High,Fair,Medium Risk,Eligible
4173,Sandra V. Jones,Female,Single,4,Not Graduate,No,4300000,13900000,2,894,10100000,100000,8600000,3300000,Approved,22100000,3.23,0.63,Medium,Excellent,Low Risk,Eligible
4174,Mark Brown,Male,Divorced,0,Not Graduate,Yes,8800000,29800000,8,343,20000000,4900000,33300000,12200000,Rejected,70400000,3.39,0.42,Very High,Poor,Medium Risk,Not Eligible
4175,Karen J. Williams,Female,Single,4,Not Graduate,No,4000000,15100000,8,800,8700000,6900000,12200000,4400000,Approved,32200000,3.78,0.47,Medium,Excellent,Low Risk,Eligible
4176,William Gonzalez,Male,Divorced,3,Not Graduate,Yes,6900000,17900000,18,494,7700000,11200000,15400000,8700000,Rejected,43000000,2.59,0.42,High,Poor,Medium Risk,Not Eligible
4177,Linda Miller,Female,Married,4,Graduate,No,9600000,33000000,14,336,5800000,8500000,30100000,4900000,Rejected,49300000,3.44,0.67,Very High,Poor,Medium Risk,Not Eligible
4178,Kimberley Lopez,Female,Married,2,Not Graduate,No,6900000,16500000,16,785,19600000,8600000,27100000,3600000,Approved,58900000,2.39,0.28,High,Excellent,Low Risk,Eligible
4179,Mark T. Miller,Male,Single,1,Not Graduate,Yes,3600000,13400000,16,732,5200000,6700000,7300000,3300000,Approved,22500000,3.72,0.6,Medium,Good,Low Risk,Eligible
4180,Charles P. Wilson,Male,Single,2,Not Graduate,No,1900000,4600000,12,587,3000000,1300000,4800000,1100000,Approved,10200000,2.42,0.45,Low,Fair,Medium Risk,Eligible
4181,Linda A. Taylor,Female,Widowed,3,Not Graduate,Yes,9700000,30800000,18,471,12700000,3800000,37300000,10400000,Rejected,64200000,3.18,0.48,Very High,Poor,Medium Risk,Not Eligible
4182,Michelle F. Martin,Female,Single,2,Not Graduate,No,1200000,4100000,8,497,2700000,700000,3700000,1300000,Rejected,8400000,3.42,0.49,Low,Poor,Medium Risk,Not Eligible
4183,Robert Garcia,Male,Single,1,Not Graduate,No,400000,1600000,16,784,800000,700000,700000,100000,Approved,2300000,4.0,0.7,Low,Excellent,Low Risk,Eligible
4184,Sarah Rodriguez,Female,Married,2,Graduate,No,6600000,21500000,18,471,13700000,9800000,17100000,4800000,Rejected,45400000,3.26,0.47,High,Poor,Medium Risk,Not Eligible
4185,Charles Lopez,Male,Single,2,Graduate,No,1500000,3300000,4,763,300000,1200000,5400000,700000,Approved,7600000,2.2,0.43,Low,Excellent,Low Risk,Eligible
4186,Paul O. Gonzalez,Male,Married,4,Not Graduate,No,3500000,9500000,2,655,9900000,6600000,9400000,3100000,Approved,29000000,2.71,0.33,Medium,Good,Medium Risk,Eligible
4187,Richard Y. Lopez,Male,Married,3,Not Graduate,Yes,4000000,8600000,4,667,11500000,6300000,15300000,3500000,Approved,36600000,2.15,0.23,Medium,Good,Medium Risk,Eligible
4188,Anthony Jones,Male,Married,3,Not Graduate,No,4100000,14100000,8,367,900000,800000,8900000,5300000,Rejected,15900000,3.44,0.89,Medium,Poor,Medium Risk,Not Eligible
4189,Margaret Garcia,Female,Married,4,Graduate,No,5800000,18500000,16,436,1400000,5500000,17100000,6500000,Rejected,30500000,3.19,0.61,High,Poor,Medium Risk,Not Eligible
4190,Jennifer A. Smith,Female,Married,4,Graduate,Yes,8600000,23300000,12,785,18800000,3800000,23500000,4500000,Approved,50600000,2.71,0.46,Very High,Excellent,Low Risk,Eligible
4191,Paul K. Hernandez,Male,Married,2,Graduate,No,4500000,11400000,10,388,11600000,3000000,14300000,2900000,Rejected,31800000,2.53,0.36,Medium,Poor,Medium Risk,Not Eligible
4192,Barbara Williams,Female,Single,2,Graduate,Yes,9900000,37300000,8,385,600000,900000,27400000,14200000,Rejected,43100000,3.77,0.87,Very High,Poor,Medium Risk,Not Eligible
4193,Donna Martin,Female,Married,1,Not Graduate,Yes,3200000,8100000,10,670,9100000,3800000,9200000,1900000,Approved,24000000,2.53,0.34,Medium,Good,Medium Risk,Eligible
4194,Steven Moore,Male,Married,5,Graduate,Yes,8900000,19100000,20,329,13300000,11400000,29500000,10000000,Rejected,64200000,2.15,0.3,Very High,Poor,Medium Risk,Not Eligible
4195,Christopher U. Thomas,Male,Married,5,Not Graduate,Yes,2100000,4900000,12,651,2500000,2100000,6100000,1800000,Approved,12500000,2.33,0.39,Low,Good,Medium Risk,Eligible
4196,Christopher Davis,Male,Divorced,1,Graduate,No,7100000,26000000,16,727,4300000,9500000,18900000,8900000,Approved,41600000,3.66,0.62,High,Good,Low Risk,Eligible
4197,Sarah Miller,Female,Single,2,Graduate,Yes,7800000,28900000,14,646,1800000,1800000,17700000,11000000,Approved,32300000,3.71,0.89,Very High,Fair,Medium Risk,Eligible
4198,Jennifer U. Moore,Female,Widowed,3,Not Graduate,Yes,8600000,23200000,12,894,22100000,13900000,29200000,4500000,Approved,69700000,2.7,0.33,Very High,Excellent,Low Risk,Eligible
4199,Sandra O. Rodriguez,Female,Single,3,Graduate,Yes,5100000,17000000,10,477,1700000,3300000,13700000,6300000,Rejected,25000000,3.33,0.68,High,Poor,Medium Risk,Not Eligible
4200,Jessica Z. Gonzalez,Female,Divorced,5,Not Graduate,No,600000,2000000,20,811,300000,400000,1900000,600000,Approved,3200000,3.33,0.62,Low,Excellent,Low Risk,Eligible
4201,Matthew C. Martinez,Male,Married,0,Graduate,Yes,6600000,21200000,18,377,1000000,9600000,14800000,9500000,Rejected,34900000,3.21,0.61,High,Poor,Medium Risk,Not Eligible
4202,Robert Jones,Male,Divorced,0,Not Graduate,Yes,4700000,17000000,18,802,3600000,1600000,17800000,2700000,Approved,25700000,3.62,0.66,Medium,Excellent,Low Risk,Eligible
4203,Joshua Brown,Male,Married,2,Graduate,Yes,7700000,19700000,14,885,19900000,14600000,22000000,8000000,Approved,64500000,2.56,0.31,Very High,Excellent,Low Risk,Eligible
4204,Patricia R. Anderson,Female,Single,4,Graduate,Yes,6400000,21900000,6,437,7000000,10000000,24600000,4100000,Rejected,45700000,3.42,0.48,High,Poor,Medium Risk,Not Eligible
4205,Jessica Lopez,Female,Divorced,2,Graduate,No,1100000,2500000,20,615,2800000,1700000,2300000,1300000,Approved,8100000,2.27,0.31,Low,Fair,Medium Risk,Eligible
4206,Daniel Johnson,Male,Single,2,Not Graduate,No,8900000,17800000,20,603,3300000,17600000,29000000,13100000,Approved,63000000,2.0,0.28,Very High,Fair,Medium Risk,Eligible
4207,Sandra G. Jackson,Female,Single,0,Not Graduate,Yes,2100000,8300000,20,765,0,3600000,7700000,2100000,Approved,13400000,3.95,0.62,Low,Excellent,Low Risk,Eligible
4208,Margaret Miller,Female,Married,4,Not Graduate,Yes,2300000,5800000,8,469,6100000,4200000,7900000,2400000,Rejected,20600000,2.52,0.28,Low,Poor,Medium Risk,Not Eligible
4209,Andrew Jones,Male,Single,3,Graduate,No,8300000,17700000,16,848,10500000,1100000,18700000,5900000,Approved,36200000,2.13,0.49,Very High,Excellent,Low Risk,Eligible
4210,Ashley Y. Jackson,Female,Single,4,Graduate,No,900000,2700000,20,327,400000,1200000,2200000,1200000,Rejected,5000000,3.0,0.54,Low,Poor,Medium Risk,Not Eligible
4211,Paul Q. Anderson,Male,Married,3,Not Graduate,Yes,9200000,35000000,4,716,1100000,10200000,33600000,11400000,Approved,56300000,3.8,0.62,Very High,Good,Low Risk,Eligible
4212,Paul Z. Hernandez,Male,Married,3,Graduate,No,9800000,28300000,2,715,19500000,9600000,28800000,9200000,Approved,67100000,2.89,0.42,Very High,Good,Low Risk,Eligible
4213,Ashley G. Miller,Female,Single,0,Not Graduate,No,200000,600000,12,683,400000,200000,400000,0,Approved,1000000,3.0,0.6,Low,Good,Medium Risk,Eligible
4214,Paul Q. Martin,Male,Married,2,Not Graduate,Yes,3200000,9700000,6,737,7300000,3500000,9700000,2600000,Approved,23100000,3.03,0.42,Medium,Good,Low Risk,Eligible
4215,Mary U. Hernandez,Female,Single,5,Not Graduate,No,7800000,27000000,6,728,4400000,13100000,18500000,7400000,Approved,43400000,3.46,0.62,Very High,Good,Low Risk,Eligible
4216,Christopher Jackson,Male,Married,1,Graduate,No,8300000,30000000,18,350,12800000,10800000,23800000,9400000,Rejected,56800000,3.61,0.53,Very High,Poor,Medium Risk,Not Eligible
4217,Patricia R. Rodriguez,Female,Married,1,Graduate,Yes,2100000,5200000,14,802,100000,600000,6400000,2500000,Approved,9600000,2.48,0.54,Low,Excellent,Low Risk,Eligible
4218,Andrew O. Gonzalez,Male,Single,5,Not Graduate,Yes,400000,1400000,4,483,1100000,700000,800000,100000,Approved,2700000,3.5,0.52,Low,Poor,Medium Risk,Not Eligible
4219,Susan Y. Garcia,Female,Single,3,Graduate,Yes,7700000,21800000,18,684,100000,600000,15600000,5500000,Approved,21800000,2.83,1.0,Very High,Good,Medium Risk,Eligible
4220,Joshua Smith,Male,Divorced,4,Graduate,Yes,5600000,16500000,20,692,14500000,7800000,18000000,7400000,Approved,47700000,2.95,0.35,High,Good,Medium Risk,Eligible
4221,Paul Martin,Male,Widowed,0,Graduate,No,8400000,31000000,4,783,19000000,13300000,30600000,6900000,Approved,69800000,3.69,0.44,Very High,Excellent,Low Risk,Eligible
4222,Steven N. Brown,Male,Married,3,Graduate,Yes,1300000,4300000,18,412,600000,900000,5200000,1200000,Rejected,7900000,3.31,0.54,Low,Poor,Medium Risk,Not Eligible
4223,Thomas Anderson,Male,Married,0,Not Graduate,No,8700000,30200000,10,447,14200000,14800000,28200000,6100000,Rejected,63300000,3.47,0.48,Very High,Poor,Medium Risk,Not Eligible
4224,Andrew J. Wilson,Male,Married,0,Not Graduate,No,2700000,8400000,14,610,900000,1900000,6100000,2800000,Approved,11700000,3.11,0.72,Medium,Fair,Medium Risk,Eligible
4225,Anthony Jackson,Male,Single,5,Graduate,Yes,800000,1800000,8,881,300000,1100000,2600000,400000,Approved,4400000,2.25,0.41,Low,Excellent,Low Risk,Eligible
4226,Michael J. Davis,Male,Married,5,Graduate,Yes,3800000,10300000,16,606,7700000,1900000,9900000,2700000,Approved,22200000,2.71,0.46,Medium,Fair,Medium Risk,Eligible
4227,William Martinez,Male,Married,5,Graduate,Yes,700000,2600000,2,869,1100000,500000,1400000,500000,Approved,3500000,3.71,0.74,Low,Excellent,Low Risk,Eligible
4228,Margaret T. Smith,Female,Single,4,Graduate,Yes,400000,1400000,2,496,400000,200000,1100000,400000,Approved,2100000,3.5,0.67,Low,Poor,Medium Risk,Not Eligible
4229,Emily Anderson,Female,Single,1,Graduate,Yes,3200000,9300000,6,483,6700000,1900000,7800000,3600000,Rejected,20000000,2.91,0.46,Medium,Poor,Medium Risk,Not Eligible
4230,Charles Q. Davis,Male,Married,3,Graduate,No,7500000,22200000,8,741,6600000,6900000,17600000,11000000,Approved,42100000,2.96,0.53,High,Good,Low Risk,Eligible
4231,Jessica Z. Johnson,Female,Divorced,2,Not Graduate,No,3700000,13500000,4,820,4700000,1600000,14000000,5300000,Approved,25600000,3.65,0.53,Medium,Excellent,Low Risk,Eligible
4232,Donald Moore,Male,Married,5,Graduate,No,3300000,9100000,18,697,8800000,1800000,11300000,2600000,Approved,24500000,2.76,0.37,Medium,Good,Medium Risk,Eligible
4233,Anthony I. Gonzalez,Male,Married,1,Graduate,Yes,200000,500000,20,713,0,200000,500000,100000,Approved,800000,2.5,0.62,Low,Good,Low Risk,Eligible
4234,Daniel Y. Taylor,Male,Married,1,Not Graduate,No,7100000,17000000,6,754,1100000,500000,27000000,6800000,Approved,35400000,2.39,0.48,High,Excellent,Low Risk,Eligible
4235,William I. Gonzalez,Male,Divorced,3,Not Graduate,Yes,1500000,5100000,14,837,4100000,1000000,3300000,1400000,Approved,9800000,3.4,0.52,Low,Excellent,Low Risk,Eligible
4236,Paul Williams,Male,Single,0,Not Graduate,No,3000000,6500000,2,691,7800000,4500000,8900000,2500000,Approved,23700000,2.17,0.27,Medium,Good,Medium Risk,Eligible
4237,Patricia Brown,Female,Divorced,3,Graduate,Yes,1900000,5300000,12,436,2300000,3500000,5000000,2600000,Rejected,13400000,2.79,0.4,Low,Poor,Medium Risk,Not Eligible
4238,Mark Martinez,Male,Divorced,0,Not Graduate,No,9100000,30100000,8,322,26200000,9500000,18800000,5900000,Rejected,60400000,3.31,0.5,Very High,Poor,Medium Risk,Not Eligible
4239,James B. Taylor,Male,Married,0,Not Graduate,No,2200000,7500000,2,333,3400000,600000,6200000,1500000,Approved,11700000,3.41,0.64,Low,Poor,Medium Risk,Not Eligible
4240,Donald Garcia,Male,Married,0,Not Graduate,Yes,8400000,23000000,14,455,400000,13400000,29800000,9400000,Rejected,53000000,2.74,0.43,Very High,Poor,Medium Risk,Not Eligible
4241,Emily Y. Garcia,Female,Single,1,Graduate,Yes,400000,700000,10,787,1000000,200000,1600000,500000,Approved,3300000,1.75,0.21,Low,Excellent,Low Risk,Eligible
4242,Kimberley A. Hernandez,Female,Married,2,Graduate,Yes,5600000,15800000,16,748,10300000,100000,21700000,6300000,Approved,38400000,2.82,0.41,High,Good,Low Risk,Eligible
4243,Donald V. Jones,Male,Married,5,Not Graduate,Yes,8200000,27100000,4,643,15400000,7700000,21300000,4100000,Approved,48500000,3.3,0.56,Very High,Fair,Medium Risk,Eligible
4244,Donna O. Garcia,Female,Married,0,Not Graduate,Yes,1600000,3400000,8,867,0,2700000,4300000,1300000,Approved,8300000,2.12,0.41,Low,Excellent,Low Risk,Eligible
4245,Michael N. Wilson,Male,Divorced,3,Not Graduate,No,1800000,5600000,20,860,1900000,1700000,4300000,900000,Approved,8800000,3.11,0.64,Low,Excellent,Low Risk,Eligible
4246,Kenneth F. Gonzalez,Male,Married,5,Not Graduate,Yes,6500000,23900000,2,507,500000,10200000,15900000,8000000,Approved,34600000,3.68,0.69,High,Poor,Medium Risk,Not Eligible
4247,Betty Jones,Female,Single,1,Graduate,Yes,3100000,11500000,4,871,1500000,2400000,7100000,3600000,Approved,14600000,3.71,0.79,Medium,Excellent,Low Risk,Eligible
4248,James O. Davis,Male,Single,3,Not Graduate,No,3100000,9800000,12,820,6400000,5200000,10900000,4400000,Approved,26900000,3.16,0.36,Medium,Excellent,Low Risk,Eligible
4249,Mark I. Miller,Male,Single,4,Graduate,Yes,5300000,14500000,4,352,12600000,4900000,10500000,3500000,Rejected,31500000,2.74,0.46,High,Poor,Medium Risk,Not Eligible
4250,Daniel Martin,Male,Married,4,Graduate,No,1100000,4000000,14,887,2400000,1500000,4200000,1600000,Approved,9700000,3.64,0.41,Low,Excellent,Low Risk,Eligible
4251,Lisa P. Taylor,Female,Divorced,1,Graduate,Yes,6000000,13400000,12,731,1300000,4300000,21300000,6900000,Approved,33800000,2.23,0.4,High,Good,Low Risk,Eligible
4252,Richard J. Smith,Male,Married,0,Graduate,Yes,6100000,14600000,18,645,14500000,200000,23000000,4600000,Approved,42300000,2.39,0.35,High,Fair,Medium Risk,Eligible
4253,Christopher L. Garcia,Male,Single,3,Not Graduate,No,4100000,14100000,10,300,7600000,2100000,8400000,2200000,Rejected,20300000,3.44,0.69,Medium,Poor,Medium Risk,Not Eligible
4254,Joshua E. Williams,Male,Divorced,5,Graduate,Yes,7000000,26200000,12,896,13100000,6600000,23600000,5700000,Approved,49000000,3.74,0.53,High,Excellent,Low Risk,Eligible
4255,Nancy Davis,Female,Married,0,Not Graduate,Yes,8900000,27700000,6,372,18200000,14900000,33700000,6100000,Rejected,72900000,3.11,0.38,Very High,Poor,Medium Risk,Not Eligible
4256,Donna Anderson,Female,Married,4,Graduate,No,4800000,12000000,6,441,8400000,1300000,18200000,3200000,Rejected,31100000,2.5,0.39,Medium,Poor,Medium Risk,Not Eligible
4257,Thomas Martin,Male,Married,3,Graduate,Yes,7400000,18300000,4,348,14300000,12600000,17900000,9800000,Rejected,54600000,2.47,0.34,High,Poor,Medium Risk,Not Eligible
4258,David Martinez,Male,Single,0,Graduate,No,9700000,27500000,18,343,13400000,16500000,20000000,8200000,Rejected,58100000,2.84,0.47,Very High,Poor,Medium Risk,Not Eligible
4259,Patricia Lopez,Female,Married,5,Graduate,Yes,9700000,22600000,16,346,23500000,12900000,26800000,13000000,Rejected,76200000,2.33,0.3,Very High,Poor,Medium Risk,Not Eligible
4260,Sarah W. Taylor,Female,Married,0,Not Graduate,Yes,4500000,11500000,14,509,13400000,2300000,15400000,5900000,Rejected,37000000,2.56,0.31,Medium,Poor,Medium Risk,Not Eligible
4261,Nancy H. Rodriguez,Female,Divorced,5,Graduate,No,8800000,29300000,10,560,16800000,13900000,31100000,9900000,Approved,71700000,3.33,0.41,Very High,Fair,Medium Risk,Eligible
4262,Kimberley Moore,Female,Single,3,Graduate,Yes,3000000,7500000,6,881,1400000,4500000,6100000,2300000,Approved,14300000,2.5,0.52,Medium,Excellent,Low Risk,Eligible
4263,Ashley I. Davis,Female,Divorced,5,Graduate,No,1300000,3000000,20,540,1000000,2300000,3200000,1900000,Rejected,8400000,2.31,0.36,Low,Poor,Medium Risk,Not Eligible
4264,Sandra E. Jones,Female,Single,3,Graduate,No,5000000,12700000,14,865,4700000,8100000,19500000,6300000,Approved,38600000,2.54,0.33,Medium,Excellent,Low Risk,Eligible
4265,Anthony T. Gonzalez,Male,Married,5,Graduate,Yes,1000000,2300000,12,317,2800000,500000,3300000,800000,Rejected,7400000,2.3,0.31,Low,Poor,Medium Risk,Not Eligible
4266,Karen Jackson,Female,Single,0,Not Graduate,Yes,3300000,11300000,20,559,4200000,2900000,11000000,1900000,Approved,20000000,3.42,0.56,Medium,Fair,Medium Risk,Eligible
4267,Donna V. Thomas,Female,Divorced,2,Not Graduate,No,6500000,23900000,18,457,1200000,12400000,18100000,7300000,Rejected,39000000,3.68,0.61,High,Poor,Medium Risk,Not Eligible
4268,Robert Rodriguez,Male,Married,1,Not Graduate,No,4100000,12800000,8,780,8200000,700000,14100000,5800000,Approved,28800000,3.12,0.44,Medium,Excellent,Low Risk,Eligible
4269,Richard E. Wilson,Male,Single,1,Graduate,No,9200000,29700000,10,607,17800000,11800000,35700000,12000000,Approved,77300000,3.23,0.38,Very High,Fair,Medium Risk,Eligible
